municipality_code,municipality_name,year,ev_count,fleet_total
0301,Oslo,2016,16773,288314
0301,Oslo,2017,24808,294058
0301,Oslo,2018,36148,298951
0301,Oslo,2019,49688,299799
0301,Oslo,2020,67782,301297
0301,Oslo,2021,89723,306953
0301,Oslo,2022,111301,304747
0301,Oslo,2023,119721,287016
1101,Eigersund,2016,84,7483
1101,Eigersund,2017,119,7568
1101,Eigersund,2018,199,7604
1101,Eigersund,2019,287,7671
1101,Eigersund,2020,393,7591
1101,Eigersund,2021,633,7681
1101,Eigersund,2022,888,7740
1101,Eigersund,2023,1099,7679
1103,Stavanger,2016,2839,63384
1103,Stavanger,2017,3973,63117
1103,Stavanger,2018,6391,62676
1103,Stavanger,2019,8707,63098
1103,Stavanger,2020,10758,63213
1103,Stavanger,2021,14188,65417
1103,Stavanger,2022,17863,67515
1103,Stavanger,2023,20562,68086
1106,Haugesund,2016,570,17266
1106,Haugesund,2017,837,17498
1106,Haugesund,2018,1144,17582
1106,Haugesund,2019,1508,17804
1106,Haugesund,2020,2005,17823
1106,Haugesund,2021,2778,18392
1106,Haugesund,2022,3619,18843
1106,Haugesund,2023,4171,18834
1108,Sandnes,2016,1726,37700
1108,Sandnes,2017,2464,38413
1108,Sandnes,2018,4329,38995
1108,Sandnes,2019,5811,39600
1108,Sandnes,2020,6865,39513
1108,Sandnes,2021,8912,41004
1108,Sandnes,2022,10923,41721
1108,Sandnes,2023,12368,41857
1111,Sokndal,2016,21,1732
1111,Sokndal,2017,28,1712
1111,Sokndal,2018,43,1730
1111,Sokndal,2019,63,1768
1111,Sokndal,2020,81,1732
1111,Sokndal,2021,112,1766
1111,Sokndal,2022,153,1795
1111,Sokndal,2023,184,1789
1112,Lund,2016,9,1624
1112,Lund,2017,14,1653
1112,Lund,2018,18,1631
1112,Lund,2019,36,1654
1112,Lund,2020,52,1641
1112,Lund,2021,81,1712
1112,Lund,2022,153,1727
1112,Lund,2023,193,1736
1114,Bjerkreim,2016,33,1492
1114,Bjerkreim,2017,43,1550
1114,Bjerkreim,2018,62,1547
1114,Bjerkreim,2019,75,1612
1114,Bjerkreim,2020,94,1607
1114,Bjerkreim,2021,142,1647
1114,Bjerkreim,2022,195,1650
1114,Bjerkreim,2023,238,1646
1119,Hå,2016,176,9403
1119,Hå,2017,258,9521
1119,Hå,2018,382,9665
1119,Hå,2019,525,9997
1119,Hå,2020,676,9951
1119,Hå,2021,961,10216
1119,Hå,2022,1279,10307
1119,Hå,2023,1592,10391
1120,Klepp,2016,312,10319
1120,Klepp,2017,446,10549
1120,Klepp,2018,695,10668
1120,Klepp,2019,885,10984
1120,Klepp,2020,1112,11045
1120,Klepp,2021,1491,11373
1120,Klepp,2022,1923,11632
1120,Klepp,2023,2327,11738
1121,Time,2016,293,9379
1121,Time,2017,393,9447
1121,Time,2018,600,9487
1121,Time,2019,783,9677
1121,Time,2020,1015,9873
1121,Time,2021,1455,10162
1121,Time,2022,1855,10399
1121,Time,2023,2262,10590
1122,Gjesdal,2016,231,5941
1122,Gjesdal,2017,337,6038
1122,Gjesdal,2018,491,6090
1122,Gjesdal,2019,618,6246
1122,Gjesdal,2020,733,6260
1122,Gjesdal,2021,1008,6534
1122,Gjesdal,2022,1273,6547
1122,Gjesdal,2023,1473,6567
1124,Sola,2016,799,13566
1124,Sola,2017,1159,13827
1124,Sola,2018,1895,13995
1124,Sola,2019,2513,14409
1124,Sola,2020,2873,14582
1124,Sola,2021,3502,15052
1124,Sola,2022,4260,15405
1124,Sola,2023,4828,15533
1127,Randaberg,2016,339,5160
1127,Randaberg,2017,477,5264
1127,Randaberg,2018,756,5312
1127,Randaberg,2019,983,5485
1127,Randaberg,2020,1164,5541
1127,Randaberg,2021,1425,5782
1127,Randaberg,2022,1686,5824
1127,Randaberg,2023,1861,5812
1130,Strand,2016,190,5885
1130,Strand,2017,249,6017
1130,Strand,2018,371,6138
1130,Strand,2019,553,6340
1130,Strand,2020,853,6470
1130,Strand,2021,1260,6728
1130,Strand,2022,1574,6784
1130,Strand,2023,1857,6848
1133,Hjelmeland,2016,19,1353
1133,Hjelmeland,2017,25,1350
1133,Hjelmeland,2018,37,1366
1133,Hjelmeland,2019,63,1393
1133,Hjelmeland,2020,97,1360
1133,Hjelmeland,2021,139,1374
1133,Hjelmeland,2022,230,1416
1133,Hjelmeland,2023,270,1384
1134,Suldal,2016,14,1921
1134,Suldal,2017,21,1959
1134,Suldal,2018,38,1987
1134,Suldal,2019,54,2036
1134,Suldal,2020,83,2039
1134,Suldal,2021,124,2079
1134,Suldal,2022,194,2094
1134,Suldal,2023,267,2118
1135,Sauda,2016,7,2261
1135,Sauda,2017,11,2281
1135,Sauda,2018,19,2291
1135,Sauda,2019,34,2323
1135,Sauda,2020,58,2269
1135,Sauda,2021,104,2318
1135,Sauda,2022,173,2318
1135,Sauda,2023,230,2283
1144,Kvitsøy,2016,13,229
1144,Kvitsøy,2017,15,238
1144,Kvitsøy,2018,28,249
1144,Kvitsøy,2019,32,255
1144,Kvitsøy,2020,30,226
1144,Kvitsøy,2021,34,234
1144,Kvitsøy,2022,41,238
1144,Kvitsøy,2023,47,250
1145,Bokn,2016,31,439
1145,Bokn,2017,33,454
1145,Bokn,2018,40,456
1145,Bokn,2019,51,470
1145,Bokn,2020,60,486
1145,Bokn,2021,72,486
1145,Bokn,2022,90,499
1145,Bokn,2023,101,496
1146,Tysvær,2016,243,5731
1146,Tysvær,2017,349,5938
1146,Tysvær,2018,455,5980
1146,Tysvær,2019,583,6121
1146,Tysvær,2020,713,6177
1146,Tysvær,2021,961,6336
1146,Tysvær,2022,1175,6442
1146,Tysvær,2023,1417,6520
1149,Karmøy,2016,825,21821
1149,Karmøy,2017,1228,22166
1149,Karmøy,2018,1700,22377
1149,Karmøy,2019,2197,22763
1149,Karmøy,2020,2678,22663
1149,Karmøy,2021,3621,23278
1149,Karmøy,2022,4480,23502
1149,Karmøy,2023,5241,23605
1151,Utsira,2016,2,62
1151,Utsira,2017,2,62
1151,Utsira,2018,2,61
1151,Utsira,2019,2,66
1151,Utsira,2020,3,72
1151,Utsira,2021,7,81
1151,Utsira,2022,10,79
1151,Utsira,2023,16,82
1160,Vindafjord,2016,79,4801
1160,Vindafjord,2017,118,4846
1160,Vindafjord,2018,171,4938
1160,Vindafjord,2019,257,5063
1160,Vindafjord,2020,351,5027
1160,Vindafjord,2021,517,5183
1160,Vindafjord,2022,737,5254
1160,Vindafjord,2023,863,5274
1505,Kristiansund,2016,220,11731
1505,Kristiansund,2017,284,11763
1505,Kristiansund,2018,408,11858
1505,Kristiansund,2019,554,11999
1505,Kristiansund,2020,780,12208
1505,Kristiansund,2021,1257,12541
1505,Kristiansund,2022,1951,12852
1505,Kristiansund,2023,2418,12793
1506,Molde,2016,248,16490
1506,Molde,2017,343,16785
1506,Molde,2018,500,16884
1506,Molde,2019,743,17130
1506,Molde,2020,1049,17248
1506,Molde,2021,1616,17841
1506,Molde,2022,2563,18149
1506,Molde,2023,3265,18329
1507,Ålesund,2016,631,27042
1507,Ålesund,2017,808,27583
1507,Ålesund,2018,1047,27888
1507,Ålesund,2019,1445,28588
1507,Ålesund,2020,2432,34180
1507,Ålesund,2021,3890,35256
1507,Ålesund,2022,6458,35980
1507,Ålesund,2023,8016,35773
1511,Vanylven,2016,11,1997
1511,Vanylven,2017,12,2028
1511,Vanylven,2018,22,2035
1511,Vanylven,2019,30,2054
1511,Vanylven,2020,49,2064
1511,Vanylven,2021,87,2069
1511,Vanylven,2022,160,2056
1511,Vanylven,2023,211,2038
1514,Sande,2016,10,1342
1514,Sande,2017,12,1358
1514,Sande,2018,22,1345
1514,Sande,2019,25,1357
1514,Sande,2020,44,1378
1514,Sande,2021,71,1362
1514,Sande,2022,137,1383
1514,Sande,2023,176,1400
1515,Herøy (Møre og Romsdal),2016,59,4992
1515,Herøy (Møre og Romsdal),2017,79,5088
1515,Herøy (Møre og Romsdal),2018,101,5081
1515,Herøy (Møre og Romsdal),2019,154,5250
1515,Herøy (Møre og Romsdal),2020,241,5133
1515,Herøy (Møre og Romsdal),2021,438,5193
1515,Herøy (Møre og Romsdal),2022,745,5273
1515,Herøy (Møre og Romsdal),2023,955,5245
1516,Ulstein,2016,73,4293
1516,Ulstein,2017,106,4431
1516,Ulstein,2018,151,4500
1516,Ulstein,2019,234,4592
1516,Ulstein,2020,362,4585
1516,Ulstein,2021,566,4708
1516,Ulstein,2022,860,4797
1516,Ulstein,2023,1137,4847
1517,Hareid,2016,28,2787
1517,Hareid,2017,37,2841
1517,Hareid,2018,52,2830
1517,Hareid,2019,94,2897
1517,Hareid,2020,142,2851
1517,Hareid,2021,226,2980
1517,Hareid,2022,358,3017
1517,Hareid,2023,471,2982
1520,Ørsta,2016,57,6333
1520,Ørsta,2017,87,6461
1520,Ørsta,2018,118,6543
1520,Ørsta,2019,177,6645
1520,Ørsta,2020,301,6623
1520,Ørsta,2021,464,6787
1520,Ørsta,2022,766,6876
1520,Ørsta,2023,968,6834
1525,Stranda,2016,20,2460
1525,Stranda,2017,30,2505
1525,Stranda,2018,43,2505
1525,Stranda,2019,58,2518
1525,Stranda,2020,87,2520
1525,Stranda,2021,152,2587
1525,Stranda,2022,255,2593
1525,Stranda,2023,319,2549
1528,Sykkylven,2016,119,4109
1528,Sykkylven,2017,132,4200
1528,Sykkylven,2018,134,4212
1528,Sykkylven,2019,175,4298
1528,Sykkylven,2020,223,4272
1528,Sykkylven,2021,340,4379
1528,Sykkylven,2022,488,4367
1528,Sykkylven,2023,644,4332
1531,Sula,2016,84,4572
1531,Sula,2017,123,4717
1531,Sula,2018,167,4759
1531,Sula,2019,230,4948
1531,Sula,2020,316,4982
1531,Sula,2021,527,5138
1531,Sula,2022,878,5289
1531,Sula,2023,1114,5235
1532,Giske,2016,95,3970
1532,Giske,2017,131,4074
1532,Giske,2018,174,4137
1532,Giske,2019,257,4224
1532,Giske,2020,386,4347
1532,Giske,2021,598,4474
1532,Giske,2022,976,4635
1532,Giske,2023,1190,4596
1535,Vestnes,2016,74,3642
1535,Vestnes,2017,111,3744
1535,Vestnes,2018,174,3789
1535,Vestnes,2019,243,3869
1535,Vestnes,2020,294,3850
1535,Vestnes,2021,407,4214
1535,Vestnes,2022,551,4270
1535,Vestnes,2023,647,4331
1539,Rauma,2016,58,4260
1539,Rauma,2017,92,4325
1539,Rauma,2018,132,4304
1539,Rauma,2019,187,4427
1539,Rauma,2020,249,4419
1539,Rauma,2021,303,4243
1539,Rauma,2022,453,4259
1539,Rauma,2023,540,4245
1547,Aukra,2016,33,1883
1547,Aukra,2017,44,1925
1547,Aukra,2018,68,1924
1547,Aukra,2019,98,1958
1547,Aukra,2020,149,1957
1547,Aukra,2021,216,2007
1547,Aukra,2022,338,2071
1547,Aukra,2023,401,2122
1554,Averøy,2016,370,3278
1554,Averøy,2017,425,3361
1554,Averøy,2018,545,3405
1554,Averøy,2019,563,3406
1554,Averøy,2020,577,3497
1554,Averøy,2021,654,3598
1554,Averøy,2022,846,3609
1554,Averøy,2023,984,3640
1557,Gjemnes,2016,20,1469
1557,Gjemnes,2017,26,1516
1557,Gjemnes,2018,45,1553
1557,Gjemnes,2019,65,1583
1557,Gjemnes,2020,83,1601
1557,Gjemnes,2021,130,1607
1557,Gjemnes,2022,192,1632
1557,Gjemnes,2023,234,1631
1560,Tingvoll,2016,9,1759
1560,Tingvoll,2017,16,1791
1560,Tingvoll,2018,27,1813
1560,Tingvoll,2019,42,1844
1560,Tingvoll,2020,53,1828
1560,Tingvoll,2021,91,1850
1560,Tingvoll,2022,185,1870
1560,Tingvoll,2023,239,1849
1563,Sunndal,2016,23,4157
1563,Sunndal,2017,24,4228
1563,Sunndal,2018,45,4239
1563,Sunndal,2019,73,4252
1563,Sunndal,2020,104,4221
1563,Sunndal,2021,178,4324
1563,Sunndal,2022,361,4331
1563,Sunndal,2023,462,4296
1566,Surnadal,2016,22,3660
1566,Surnadal,2017,30,3731
1566,Surnadal,2018,38,3785
1566,Surnadal,2019,62,3816
1566,Surnadal,2020,110,3851
1566,Surnadal,2021,183,3886
1566,Surnadal,2022,348,3851
1566,Surnadal,2023,415,3837
1573,Smøla,2016,10,1124
1573,Smøla,2017,11,1151
1573,Smøla,2018,19,1139
1573,Smøla,2019,28,1165
1573,Smøla,2020,38,1159
1573,Smøla,2021,72,1165
1573,Smøla,2022,125,1164
1573,Smøla,2023,159,1158
1576,Aure,2016,34,7112
1576,Aure,2017,44,7298
1576,Aure,2018,86,7397
1576,Aure,2019,106,7501
1576,Aure,2020,142,2115
1576,Aure,2021,216,2157
1576,Aure,2022,388,2153
1576,Aure,2023,472,2137
1577,Volda,2016,76,5417
1577,Volda,2017,100,5540
1577,Volda,2018,147,5644
1577,Volda,2019,223,5704
1577,Volda,2020,293,5869
1577,Volda,2021,469,6075
1577,Volda,2022,747,6057
1577,Volda,2023,926,6058
1578,Fjord,2016,17,1453
1578,Fjord,2017,26,1451
1578,Fjord,2018,32,1458
1578,Fjord,2019,49,1504
1578,Fjord,2020,77,1483
1578,Fjord,2021,119,1521
1578,Fjord,2022,177,1535
1578,Fjord,2023,212,1527
1579,Haram,2016,256,15146
1579,Haram,2017,333,15446
1579,Haram,2018,480,15686
1579,Haram,2019,715,15950
1579,Haram,2020,416,10680
1579,Haram,2021,638,10926
1579,Haram,2022,1042,10966
1579,Haram,2023,1299,10991
1804,Bodø,2016,1167,24513
1804,Bodø,2017,1598,24943
1804,Bodø,2018,2113,25274
1804,Bodø,2019,2607,25712
1804,Bodø,2020,3107,25816
1804,Bodø,2021,4011,26543
1804,Bodø,2022,5248,26734
1804,Bodø,2023,5971,26272
1806,Narvik,2016,0,0
1806,Narvik,2017,0,0
1806,Narvik,2018,0,0
1806,Narvik,2019,0,0
1806,Narvik,2020,878,11806
1806,Narvik,2021,1295,12060
1806,Narvik,2022,1836,12149
1806,Narvik,2023,2308,12014
1811,Bindal,2016,5,796
1811,Bindal,2017,6,842
1811,Bindal,2018,13,836
1811,Bindal,2019,21,849
1811,Bindal,2020,24,840
1811,Bindal,2021,35,860
1811,Bindal,2022,59,850
1811,Bindal,2023,85,829
1812,Sømna,2016,11,1183
1812,Sømna,2017,12,1179
1812,Sømna,2018,20,1193
1812,Sømna,2019,24,1195
1812,Sømna,2020,33,1200
1812,Sømna,2021,55,1262
1812,Sømna,2022,99,1284
1812,Sømna,2023,134,1258
1813,Brønnøy,2016,39,4051
1813,Brønnøy,2017,52,4144
1813,Brønnøy,2018,77,4206
1813,Brønnøy,2019,101,4319
1813,Brønnøy,2020,136,4403
1813,Brønnøy,2021,218,4497
1813,Brønnøy,2022,360,4487
1813,Brønnøy,2023,442,4446
1815,Vega,2016,6,575
1815,Vega,2017,6,587
1815,Vega,2018,12,613
1815,Vega,2019,17,633
1815,Vega,2020,21,651
1815,Vega,2021,27,646
1815,Vega,2022,38,648
1815,Vega,2023,49,652
1816,Vevelstad,2016,2,254
1816,Vevelstad,2017,6,268
1816,Vevelstad,2018,8,268
1816,Vevelstad,2019,9,260
1816,Vevelstad,2020,12,274
1816,Vevelstad,2021,14,282
1816,Vevelstad,2022,19,280
1816,Vevelstad,2023,30,274
1818,Herøy (Nordland),2016,1,855
1818,Herøy (Nordland),2017,2,903
1818,Herøy (Nordland),2018,8,890
1818,Herøy (Nordland),2019,14,922
1818,Herøy (Nordland),2020,20,935
1818,Herøy (Nordland),2021,45,996
1818,Herøy (Nordland),2022,62,986
1818,Herøy (Nordland),2023,78,987
1820,Alstahaug,2016,36,3680
1820,Alstahaug,2017,47,3737
1820,Alstahaug,2018,72,3756
1820,Alstahaug,2019,103,3852
1820,Alstahaug,2020,167,3876
1820,Alstahaug,2021,282,3941
1820,Alstahaug,2022,415,3947
1820,Alstahaug,2023,514,3949
1822,Leirfjord,2016,30,1236
1822,Leirfjord,2017,46,1299
1822,Leirfjord,2018,62,1331
1822,Leirfjord,2019,70,1344
1822,Leirfjord,2020,95,1340
1822,Leirfjord,2021,132,1368
1822,Leirfjord,2022,195,1377
1822,Leirfjord,2023,227,1372
1824,Vefsn,2016,167,7519
1824,Vefsn,2017,264,7709
1824,Vefsn,2018,399,7659
1824,Vefsn,2019,489,7693
1824,Vefsn,2020,574,7723
1824,Vefsn,2021,818,7838
1824,Vefsn,2022,1209,7936
1824,Vefsn,2023,1475,7899
1825,Grane,2016,3,834
1825,Grane,2017,6,865
1825,Grane,2018,13,876
1825,Grane,2019,18,879
1825,Grane,2020,25,863
1825,Grane,2021,47,894
1825,Grane,2022,75,900
1825,Grane,2023,99,865
1826,Aarborte - Hattfjelldal,2016,2,807
1826,Aarborte - Hattfjelldal,2017,2,813
1826,Aarborte - Hattfjelldal,2018,3,809
1826,Aarborte - Hattfjelldal,2019,8,797
1826,Aarborte - Hattfjelldal,2020,9,768
1826,Aarborte - Hattfjelldal,2021,9,798
1826,Aarborte - Hattfjelldal,2022,30,782
1826,Aarborte - Hattfjelldal,2023,35,771
1827,Dønna,2016,9,717
1827,Dønna,2017,14,709
1827,Dønna,2018,17,727
1827,Dønna,2019,21,730
1827,Dønna,2020,25,754
1827,Dønna,2021,37,791
1827,Dønna,2022,54,787
1827,Dønna,2023,67,789
1828,Nesna,2016,4,770
1828,Nesna,2017,6,815
1828,Nesna,2018,11,836
1828,Nesna,2019,11,826
1828,Nesna,2020,18,834
1828,Nesna,2021,31,867
1828,Nesna,2022,61,909
1828,Nesna,2023,79,883
1832,Hemnes,2016,11,2572
1832,Hemnes,2017,32,2603
1832,Hemnes,2018,43,2605
1832,Hemnes,2019,62,2621
1832,Hemnes,2020,79,2639
1832,Hemnes,2021,125,2693
1832,Hemnes,2022,221,2663
1832,Hemnes,2023,285,2691
1833,Rana - Raane,2016,93,14030
1833,Rana - Raane,2017,130,14310
1833,Rana - Raane,2018,200,14402
1833,Rana - Raane,2019,297,14546
1833,Rana - Raane,2020,443,14556
1833,Rana - Raane,2021,776,14930
1833,Rana - Raane,2022,1422,15049
1833,Rana - Raane,2023,1826,14954
1834,Lurøy,2016,1,760
1834,Lurøy,2017,1,795
1834,Lurøy,2018,5,804
1834,Lurøy,2019,10,817
1834,Lurøy,2020,13,842
1834,Lurøy,2021,27,846
1834,Lurøy,2022,46,854
1834,Lurøy,2023,69,830
1835,Træna,2016,0,119
1835,Træna,2017,0,121
1835,Træna,2018,1,122
1835,Træna,2019,2,117
1835,Træna,2020,4,122
1835,Træna,2021,5,136
1835,Træna,2022,5,137
1835,Træna,2023,6,141
1836,Rødøy,2016,0,574
1836,Rødøy,2017,0,568
1836,Rødøy,2018,1,578
1836,Rødøy,2019,3,601
1836,Rødøy,2020,7,607
1836,Rødøy,2021,12,597
1836,Rødøy,2022,30,608
1836,Rødøy,2023,40,604
1837,Meløy,2016,7,3357
1837,Meløy,2017,11,3373
1837,Meløy,2018,25,3398
1837,Meløy,2019,63,3483
1837,Meløy,2020,98,3531
1837,Meløy,2021,189,3576
1837,Meløy,2022,329,3529
1837,Meløy,2023,432,3514
1838,Gildeskål,2016,11,988
1838,Gildeskål,2017,21,1055
1838,Gildeskål,2018,30,1048
1838,Gildeskål,2019,41,1088
1838,Gildeskål,2020,50,1096
1838,Gildeskål,2021,74,1105
1838,Gildeskål,2022,110,1120
1838,Gildeskål,2023,136,1097
1839,Beiarn,2016,0,639
1839,Beiarn,2017,0,666
1839,Beiarn,2018,1,647
1839,Beiarn,2019,4,651
1839,Beiarn,2020,4,650
1839,Beiarn,2021,8,644
1839,Beiarn,2022,21,633
1839,Beiarn,2023,35,631
1840,Saltdal,2016,5,2720
1840,Saltdal,2017,7,2799
1840,Saltdal,2018,9,2761
1840,Saltdal,2019,14,2767
1840,Saltdal,2020,20,2773
1840,Saltdal,2021,53,2862
1840,Saltdal,2022,129,2856
1840,Saltdal,2023,184,2813
1841,Fauske - Fuossko,2016,58,5610
1841,Fauske - Fuossko,2017,83,5766
1841,Fauske - Fuossko,2018,113,5794
1841,Fauske - Fuossko,2019,162,5886
1841,Fauske - Fuossko,2020,213,5912
1841,Fauske - Fuossko,2021,308,6049
1841,Fauske - Fuossko,2022,484,6038
1841,Fauske - Fuossko,2023,632,6007
1845,Sørfold - Fuolldá,2016,3,1163
1845,Sørfold - Fuolldá,2017,5,1167
1845,Sørfold - Fuolldá,2018,9,1191
1845,Sørfold - Fuolldá,2019,9,1179
1845,Sørfold - Fuolldá,2020,15,1175
1845,Sørfold - Fuolldá,2021,24,1194
1845,Sørfold - Fuolldá,2022,55,1172
1845,Sørfold - Fuolldá,2023,70,1175
1848,Steigen,2016,5,1432
1848,Steigen,2017,7,1443
1848,Steigen,2018,15,1524
1848,Steigen,2019,24,1556
1848,Steigen,2020,34,1545
1848,Steigen,2021,50,1592
1848,Steigen,2022,83,1617
1848,Steigen,2023,112,1599
1851,Lødingen,2016,7,1078
1851,Lødingen,2017,7,1069
1851,Lødingen,2018,10,1078
1851,Lødingen,2019,14,1093
1851,Lødingen,2020,16,1062
1851,Lødingen,2021,29,1087
1851,Lødingen,2022,65,1067
1851,Lødingen,2023,99,1086
1853,Evenes - Evenássi,2016,4,757
1853,Evenes - Evenássi,2017,9,783
1853,Evenes - Evenássi,2018,25,845
1853,Evenes - Evenássi,2019,41,866
1853,Evenes - Evenássi,2020,41,839
1853,Evenes - Evenássi,2021,63,852
1853,Evenes - Evenássi,2022,102,867
1853,Evenes - Evenássi,2023,119,877
1856,Røst,2016,2,195
1856,Røst,2017,2,206
1856,Røst,2018,5,211
1856,Røst,2019,8,218
1856,Røst,2020,13,200
1856,Røst,2021,19,192
1856,Røst,2022,26,195
1856,Røst,2023,31,204
1857,Værøy,2016,4,272
1857,Værøy,2017,7,285
1857,Værøy,2018,7,280
1857,Værøy,2019,8,286
1857,Værøy,2020,13,282
1857,Værøy,2021,24,305
1857,Værøy,2022,34,299
1857,Værøy,2023,35,302
1859,Flakstad,2016,6,720
1859,Flakstad,2017,8,725
1859,Flakstad,2018,8,741
1859,Flakstad,2019,9,740
1859,Flakstad,2020,14,717
1859,Flakstad,2021,27,736
1859,Flakstad,2022,49,763
1859,Flakstad,2023,66,745
1860,Vestvågøy,2016,18,5948
1860,Vestvågøy,2017,59,6235
1860,Vestvågøy,2018,77,6336
1860,Vestvågøy,2019,102,6467
1860,Vestvågøy,2020,143,6489
1860,Vestvågøy,2021,242,6601
1860,Vestvågøy,2022,471,6687
1860,Vestvågøy,2023,614,6651
1865,Vågan,2016,13,4321
1865,Vågan,2017,23,4498
1865,Vågan,2018,39,4566
1865,Vågan,2019,66,4634
1865,Vågan,2020,95,4651
1865,Vågan,2021,183,4850
1865,Vågan,2022,377,4934
1865,Vågan,2023,442,4890
1866,Hadsel,2016,28,4075
1866,Hadsel,2017,53,4226
1866,Hadsel,2018,77,4290
1866,Hadsel,2019,102,4338
1866,Hadsel,2020,158,4432
1866,Hadsel,2021,274,4554
1866,Hadsel,2022,428,4585
1866,Hadsel,2023,542,4589
1867,Bø,2016,6,1477
1867,Bø,2017,6,1499
1867,Bø,2018,10,1546
1867,Bø,2019,17,1549
1867,Bø,2020,41,1594
1867,Bø,2021,47,1604
1867,Bø,2022,104,1616
1867,Bø,2023,134,1594
1868,Øksnes,2016,6,2317
1868,Øksnes,2017,10,2407
1868,Øksnes,2018,16,2409
1868,Øksnes,2019,31,2439
1868,Øksnes,2020,53,2449
1868,Øksnes,2021,98,2495
1868,Øksnes,2022,168,2550
1868,Øksnes,2023,218,2569
1870,Sortland - Suortá,2016,51,5486
1870,Sortland - Suortá,2017,69,5659
1870,Sortland - Suortá,2018,107,5806
1870,Sortland - Suortá,2019,153,5956
1870,Sortland - Suortá,2020,243,6019
1870,Sortland - Suortá,2021,385,6196
1870,Sortland - Suortá,2022,646,6257
1870,Sortland - Suortá,2023,829,6178
1871,Andøy,2016,8,2678
1871,Andøy,2017,19,2767
1871,Andøy,2018,27,2800
1871,Andøy,2019,41,2814
1871,Andøy,2020,48,2808
1871,Andøy,2021,76,2821
1871,Andøy,2022,178,2812
1871,Andøy,2023,245,2773
1874,Moskenes,2016,3,480
1874,Moskenes,2017,4,484
1874,Moskenes,2018,4,484
1874,Moskenes,2019,4,499
1874,Moskenes,2020,5,485
1874,Moskenes,2021,13,501
1874,Moskenes,2022,30,508
1874,Moskenes,2023,33,480
1875,Hábmer - Hamarøy,2016,0,0
1875,Hábmer - Hamarøy,2017,0,0
1875,Hábmer - Hamarøy,2018,0,0
1875,Hábmer - Hamarøy,2019,0,0
1875,Hábmer - Hamarøy,2020,24,1495
1875,Hábmer - Hamarøy,2021,43,1517
1875,Hábmer - Hamarøy,2022,87,1504
1875,Hábmer - Hamarøy,2023,134,1510
3101,Halden,2016,244,15801
3101,Halden,2017,361,16234
3101,Halden,2018,512,16441
3101,Halden,2019,757,16842
3101,Halden,2020,1070,17009
3101,Halden,2021,1693,17188
3101,Halden,2022,2342,17344
3101,Halden,2023,2759,17407
3103,Moss,2016,754,22943
3103,Moss,2017,1071,23415
3103,Moss,2018,1467,23564
3103,Moss,2019,2057,24295
3103,Moss,2020,2810,24415
3103,Moss,2021,4031,25235
3103,Moss,2022,5363,26017
3103,Moss,2023,6227,26177
3105,Sarpsborg,2016,485,28209
3105,Sarpsborg,2017,684,28669
3105,Sarpsborg,2018,1038,28909
3105,Sarpsborg,2019,1553,29673
3105,Sarpsborg,2020,2336,30169
3105,Sarpsborg,2021,3677,31153
3105,Sarpsborg,2022,5010,31820
3105,Sarpsborg,2023,6192,32064
3107,Fredrikstad,2016,1028,38247
3107,Fredrikstad,2017,1490,39121
3107,Fredrikstad,2018,2268,39350
3107,Fredrikstad,2019,3519,40307
3107,Fredrikstad,2020,5549,40601
3107,Fredrikstad,2021,7958,41728
3107,Fredrikstad,2022,10237,42630
3107,Fredrikstad,2023,11550,42571
3110,Hvaler,2016,85,2345
3110,Hvaler,2017,129,2371
3110,Hvaler,2018,185,2418
3110,Hvaler,2019,245,2507
3110,Hvaler,2020,336,2520
3110,Hvaler,2021,492,2612
3110,Hvaler,2022,633,2671
3110,Hvaler,2023,734,2678
3112,Råde,2016,128,4142
3112,Råde,2017,183,4290
3112,Råde,2018,241,4424
3112,Råde,2019,315,4340
3112,Råde,2020,431,4333
3112,Råde,2021,627,4471
3112,Råde,2022,834,4545
3112,Råde,2023,984,4580
3114,Våler (Østfold),2016,79,2977
3114,Våler (Østfold),2017,128,3130
3114,Våler (Østfold),2018,176,3191
3114,Våler (Østfold),2019,263,3356
3114,Våler (Østfold),2020,367,3408
3114,Våler (Østfold),2021,514,3488
3114,Våler (Østfold),2022,688,3487
3114,Våler (Østfold),2023,809,3518
3116,Skiptvet,2016,38,2101
3116,Skiptvet,2017,58,2159
3116,Skiptvet,2018,85,2213
3116,Skiptvet,2019,104,2256
3116,Skiptvet,2020,145,2260
3116,Skiptvet,2021,212,2303
3116,Skiptvet,2022,277,2309
3116,Skiptvet,2023,327,2333
3118,Indre Østfold,2016,584,24146
3118,Indre Østfold,2017,904,24715
3118,Indre Østfold,2018,1280,25104
3118,Indre Østfold,2019,1745,25916
3118,Indre Østfold,2020,2350,25904
3118,Indre Østfold,2021,3269,26721
3118,Indre Østfold,2022,4199,27124
3118,Indre Østfold,2023,4821,27348
3120,Rakkestad,2016,54,4630
3120,Rakkestad,2017,76,4757
3120,Rakkestad,2018,114,4837
3120,Rakkestad,2019,155,4959
3120,Rakkestad,2020,227,4975
3120,Rakkestad,2021,350,5124
3120,Rakkestad,2022,505,5137
3120,Rakkestad,2023,653,5172
3122,Marker,2016,28,2248
3122,Marker,2017,54,2300
3122,Marker,2018,93,2334
3122,Marker,2019,124,2343
3122,Marker,2020,168,2339
3122,Marker,2021,218,2382
3122,Marker,2022,315,2393
3122,Marker,2023,340,2394
3124,Aremark,2016,3,829
3124,Aremark,2017,9,838
3124,Aremark,2018,12,853
3124,Aremark,2019,16,878
3124,Aremark,2020,30,881
3124,Aremark,2021,49,879
3124,Aremark,2022,84,918
3124,Aremark,2023,106,908
3201,Bærum,2016,6733,90207
3201,Bærum,2017,10950,95200
3201,Bærum,2018,16198,102285
3201,Bærum,2019,20249,104776
3201,Bærum,2020,23707,105089
3201,Bærum,2021,29957,104258
3201,Bærum,2022,36286,100511
3201,Bærum,2023,42898,96386
3203,Asker,2016,3993,46943
3203,Asker,2017,5059,47634
3203,Asker,2018,6209,47815
3203,Asker,2019,7771,48632
3203,Asker,2020,9269,48352
3203,Asker,2021,11657,49466
3203,Asker,2022,14415,50280
3203,Asker,2023,16109,49969
3205,Lillestrøm,2016,1846,40385
3205,Lillestrøm,2017,2671,41243
3205,Lillestrøm,2018,3790,41508
3205,Lillestrøm,2019,5219,42458
3205,Lillestrøm,2020,6486,41732
3205,Lillestrøm,2021,8551,43083
3205,Lillestrøm,2022,10858,44012
3205,Lillestrøm,2023,12478,44292
3207,Nordre Follo,2016,1627,29470
3207,Nordre Follo,2017,2308,30336
3207,Nordre Follo,2018,3075,30675
3207,Nordre Follo,2019,4097,31226
3207,Nordre Follo,2020,5297,28034
3207,Nordre Follo,2021,6984,28930
3207,Nordre Follo,2022,8636,29472
3207,Nordre Follo,2023,9611,29291
3209,Ullensaker,2016,629,17997
3209,Ullensaker,2017,993,18864
3209,Ullensaker,2018,1438,19366
3209,Ullensaker,2019,1940,19973
3209,Ullensaker,2020,2525,20309
3209,Ullensaker,2021,3517,21065
3209,Ullensaker,2022,4761,21865
3209,Ullensaker,2023,5335,21668
3212,Nesodden,2016,313,7748
3212,Nesodden,2017,460,7946
3212,Nesodden,2018,551,7922
3212,Nesodden,2019,732,8106
3212,Nesodden,2020,1017,8128
3212,Nesodden,2021,1386,8357
3212,Nesodden,2022,1768,8454
3212,Nesodden,2023,2038,8474
3214,Frogn,2016,562,7887
3214,Frogn,2017,766,8024
3214,Frogn,2018,956,7936
3214,Frogn,2019,1228,8139
3214,Frogn,2020,1496,8123
3214,Frogn,2021,1922,8360
3214,Frogn,2022,2349,8485
3214,Frogn,2023,2612,8434
3216,Vestby,2016,472,8651
3216,Vestby,2017,663,8888
3216,Vestby,2018,911,9052
3216,Vestby,2019,1214,9267
3216,Vestby,2020,1571,9469
3216,Vestby,2021,2078,9851
3216,Vestby,2022,2659,10054
3216,Vestby,2023,3004,10088
3218,Ås,2016,507,8899
3218,Ås,2017,712,9085
3218,Ås,2018,968,9245
3218,Ås,2019,1245,9364
3218,Ås,2020,1510,9251
3218,Ås,2021,1933,9562
3218,Ås,2022,2450,9806
3218,Ås,2023,2792,9857
3220,Enebakk,2016,249,5818
3220,Enebakk,2017,399,5919
3220,Enebakk,2018,498,5932
3220,Enebakk,2019,652,6029
3220,Enebakk,2020,768,5966
3220,Enebakk,2021,966,6100
3220,Enebakk,2022,1185,6156
3220,Enebakk,2023,1369,6148
3222,Lørenskog,2016,1038,17267
3222,Lørenskog,2017,1552,17852
3222,Lørenskog,2018,2200,18008
3222,Lørenskog,2019,2991,18564
3222,Lørenskog,2020,3852,18898
3222,Lørenskog,2021,5108,19719
3222,Lørenskog,2022,6472,20756
3222,Lørenskog,2023,7332,20638
3224,Rælingen,2016,365,8351
3224,Rælingen,2017,573,8421
3224,Rælingen,2018,812,8420
3224,Rælingen,2019,1098,8552
3224,Rælingen,2020,1365,8547
3224,Rælingen,2021,1763,8659
3224,Rælingen,2022,2227,8831
3224,Rælingen,2023,2553,8905
3226,Aurskog-Høland,2016,178,9719
3226,Aurskog-Høland,2017,307,10010
3226,Aurskog-Høland,2018,425,10108
3226,Aurskog-Høland,2019,579,10401
3226,Aurskog-Høland,2020,765,10438
3226,Aurskog-Høland,2021,1068,10808
3226,Aurskog-Høland,2022,1335,10854
3226,Aurskog-Høland,2023,1549,10768
3228,Nes,2016,438,12679
3228,Nes,2017,624,13133
3228,Nes,2018,831,13302
3228,Nes,2019,1082,13830
3228,Nes,2020,1440,14221
3228,Nes,2021,1948,14594
3228,Nes,2022,2463,14688
3228,Nes,2023,2842,14726
3230,Gjerdrum,2016,177,3444
3230,Gjerdrum,2017,269,3531
3230,Gjerdrum,2018,398,3641
3230,Gjerdrum,2019,519,3709
3230,Gjerdrum,2020,686,3794
3230,Gjerdrum,2021,882,3876
3230,Gjerdrum,2022,1126,4058
3230,Gjerdrum,2023,1260,4101
3232,Nittedal,2016,730,11678
3232,Nittedal,2017,1074,12039
3232,Nittedal,2018,1504,12286
3232,Nittedal,2019,1912,12185
3232,Nittedal,2020,2295,12181
3232,Nittedal,2021,2906,12487
3232,Nittedal,2022,3586,12615
3232,Nittedal,2023,3995,12665
3234,Lunner,2016,152,5247
3234,Lunner,2017,261,5370
3234,Lunner,2018,398,5412
3234,Lunner,2019,503,5460
3234,Lunner,2020,660,5426
3234,Lunner,2021,851,5505
3234,Lunner,2022,1069,5490
3234,Lunner,2023,1167,5398
3236,Jevnaker,2016,58,3819
3236,Jevnaker,2017,112,3911
3236,Jevnaker,2018,156,3991
3236,Jevnaker,2019,236,4058
3236,Jevnaker,2020,327,4100
3236,Jevnaker,2021,498,4227
3236,Jevnaker,2022,748,4265
3236,Jevnaker,2023,846,4179
3238,Nannestad,2016,228,6874
3238,Nannestad,2017,362,7283
3238,Nannestad,2018,530,7527
3238,Nannestad,2019,714,7877
3238,Nannestad,2020,924,8049
3238,Nannestad,2021,1241,8369
3238,Nannestad,2022,1608,8614
3238,Nannestad,2023,1904,8842
3240,Eidsvoll,2016,314,13669
3240,Eidsvoll,2017,510,13991
3240,Eidsvoll,2018,720,14138
3240,Eidsvoll,2019,999,14573
3240,Eidsvoll,2020,1289,14663
3240,Eidsvoll,2021,1832,15073
3240,Eidsvoll,2022,2335,15167
3240,Eidsvoll,2023,2730,15184
3242,Hurdal,2016,29,1713
3242,Hurdal,2017,42,1748
3242,Hurdal,2018,69,1749
3242,Hurdal,2019,93,1799
3242,Hurdal,2020,120,1741
3242,Hurdal,2021,162,1823
3242,Hurdal,2022,218,1836
3242,Hurdal,2023,247,1820
3301,Drammen,2016,1465,60365
3301,Drammen,2017,2081,62336
3301,Drammen,2018,2879,65402
3301,Drammen,2019,3804,67873
3301,Drammen,2020,5125,68879
3301,Drammen,2021,7562,72370
3301,Drammen,2022,10248,74479
3301,Drammen,2023,14027,74521
3303,Kongsberg,2016,177,14256
3303,Kongsberg,2017,259,14465
3303,Kongsberg,2018,391,14455
3303,Kongsberg,2019,611,14872
3303,Kongsberg,2020,931,14866
3303,Kongsberg,2021,1494,15379
3303,Kongsberg,2022,2164,15571
3303,Kongsberg,2023,2652,15668
3305,Ringerike,2016,336,17106
3305,Ringerike,2017,480,17305
3305,Ringerike,2018,714,17256
3305,Ringerike,2019,969,17476
3305,Ringerike,2020,1353,17766
3305,Ringerike,2021,1913,18195
3305,Ringerike,2022,2756,18441
3305,Ringerike,2023,3179,18257
3310,Hole,2016,190,3889
3310,Hole,2017,288,4000
3310,Hole,2018,388,3993
3310,Hole,2019,500,4027
3310,Hole,2020,628,4044
3310,Hole,2021,798,4076
3310,Hole,2022,1031,4145
3310,Hole,2023,1186,4173
3312,Lier,2016,804,13934
3312,Lier,2017,1074,14014
3312,Lier,2018,1418,14165
3312,Lier,2019,1802,14605
3312,Lier,2020,2243,14598
3312,Lier,2021,2837,14995
3312,Lier,2022,3619,15324
3312,Lier,2023,4084,15298
3314,Øvre Eiker,2016,195,10514
3314,Øvre Eiker,2017,327,10899
3314,Øvre Eiker,2018,467,11094
3314,Øvre Eiker,2019,647,11497
3314,Øvre Eiker,2020,900,11452
3314,Øvre Eiker,2021,1303,11825
3314,Øvre Eiker,2022,1732,12052
3314,Øvre Eiker,2023,2086,12054
3316,Modum,2016,95,7933
3316,Modum,2017,157,8279
3316,Modum,2018,243,8426
3316,Modum,2019,345,8563
3316,Modum,2020,488,8526
3316,Modum,2021,688,8703
3316,Modum,2022,986,8802
3316,Modum,2023,1225,8863
3318,Krødsherad,2016,25,1343
3318,Krødsherad,2017,39,1376
3318,Krødsherad,2018,40,1391
3318,Krødsherad,2019,53,1422
3318,Krødsherad,2020,65,1400
3318,Krødsherad,2021,99,1430
3318,Krødsherad,2022,138,1452
3318,Krødsherad,2023,173,1392
3320,Flå,2016,5,616
3320,Flå,2017,7,632
3320,Flå,2018,9,622
3320,Flå,2019,17,638
3320,Flå,2020,31,626
3320,Flå,2021,41,633
3320,Flå,2022,63,626
3320,Flå,2023,86,610
3322,Nesbyen,2016,13,1945
3322,Nesbyen,2017,19,1998
3322,Nesbyen,2018,30,1968
3322,Nesbyen,2019,47,1996
3322,Nesbyen,2020,76,2019
3322,Nesbyen,2021,101,2063
3322,Nesbyen,2022,173,2031
3322,Nesbyen,2023,206,1995
3324,Gol,2016,18,2637
3324,Gol,2017,28,2655
3324,Gol,2018,46,2667
3324,Gol,2019,71,2724
3324,Gol,2020,116,2760
3324,Gol,2021,168,2868
3324,Gol,2022,259,2904
3324,Gol,2023,317,2849
3326,Hemsedal,2016,19,1338
3326,Hemsedal,2017,28,1366
3326,Hemsedal,2018,42,1372
3326,Hemsedal,2019,78,1483
3326,Hemsedal,2020,102,1476
3326,Hemsedal,2021,168,1534
3326,Hemsedal,2022,226,1520
3326,Hemsedal,2023,273,1528
3328,Ål,2016,26,2641
3328,Ål,2017,47,2708
3328,Ål,2018,84,2743
3328,Ål,2019,122,2755
3328,Ål,2020,151,2732
3328,Ål,2021,223,2845
3328,Ål,2022,299,2813
3328,Ål,2023,373,2793
3330,Hol,2016,11,2433
3330,Hol,2017,23,2493
3330,Hol,2018,31,2479
3330,Hol,2019,52,2539
3330,Hol,2020,84,2506
3330,Hol,2021,142,2584
3330,Hol,2022,215,2534
3330,Hol,2023,273,2520
3332,Sigdal,2016,10,2243
3332,Sigdal,2017,11,2292
3332,Sigdal,2018,16,2324
3332,Sigdal,2019,26,2352
3332,Sigdal,2020,37,2347
3332,Sigdal,2021,65,2395
3332,Sigdal,2022,128,2374
3332,Sigdal,2023,160,2349
3334,Flesberg,2016,9,1620
3334,Flesberg,2017,18,1678
3334,Flesberg,2018,41,1722
3334,Flesberg,2019,63,1759
3334,Flesberg,2020,73,1783
3334,Flesberg,2021,105,1844
3334,Flesberg,2022,145,1809
3334,Flesberg,2023,178,1790
3336,Rollag,2016,5,843
3336,Rollag,2017,6,852
3336,Rollag,2018,10,885
3336,Rollag,2019,8,886
3336,Rollag,2020,21,900
3336,Rollag,2021,29,905
3336,Rollag,2022,44,869
3336,Rollag,2023,65,870
3338,Nore og Uvdal,2016,5,1651
3338,Nore og Uvdal,2017,8,1642
3338,Nore og Uvdal,2018,13,1655
3338,Nore og Uvdal,2019,25,1691
3338,Nore og Uvdal,2020,32,1694
3338,Nore og Uvdal,2021,59,1744
3338,Nore og Uvdal,2022,91,1713
3338,Nore og Uvdal,2023,115,1689
3401,Kongsvinger,2016,131,10153
3401,Kongsvinger,2017,207,10423
3401,Kongsvinger,2018,291,10455
3401,Kongsvinger,2019,384,10578
3401,Kongsvinger,2020,512,10361
3401,Kongsvinger,2021,767,10596
3401,Kongsvinger,2022,1046,10531
3401,Kongsvinger,2023,1221,10471
3403,Hamar,2016,358,17684
3403,Hamar,2017,549,18025
3403,Hamar,2018,827,18129
3403,Hamar,2019,1265,18312
3403,Hamar,2020,1841,18977
3403,Hamar,2021,2596,19432
3403,Hamar,2022,3484,19673
3403,Hamar,2023,3992,19665
3405,Lillehammer,2016,186,14245
3405,Lillehammer,2017,274,14381
3405,Lillehammer,2018,396,14340
3405,Lillehammer,2019,595,14663
3405,Lillehammer,2020,887,15327
3405,Lillehammer,2021,1324,15315
3405,Lillehammer,2022,1859,15364
3405,Lillehammer,2023,2174,14968
3407,Gjøvik,2016,146,16467
3407,Gjøvik,2017,240,16750
3407,Gjøvik,2018,381,16765
3407,Gjøvik,2019,584,16933
3407,Gjøvik,2020,872,16938
3407,Gjøvik,2021,1380,17267
3407,Gjøvik,2022,1955,17382
3407,Gjøvik,2023,2289,17414
3411,Ringsaker,2016,225,20330
3411,Ringsaker,2017,339,20788
3411,Ringsaker,2018,506,21179
3411,Ringsaker,2019,754,21770
3411,Ringsaker,2020,1200,21638
3411,Ringsaker,2021,1735,22184
3411,Ringsaker,2022,2465,22376
3411,Ringsaker,2023,2848,22183
3412,Løten,2016,40,4670
3412,Løten,2017,70,4787
3412,Løten,2018,113,4837
3412,Løten,2019,168,4905
3412,Løten,2020,256,4839
3412,Løten,2021,357,4887
3412,Løten,2022,738,5587
3412,Løten,2023,730,5629
3413,Stange,2016,185,11925
3413,Stange,2017,287,12217
3413,Stange,2018,411,12458
3413,Stange,2019,607,12727
3413,Stange,2020,928,12806
3413,Stange,2021,1287,13045
3413,Stange,2022,1658,13041
3413,Stange,2023,1973,13019
3414,Nord-Odal,2016,27,3170
3414,Nord-Odal,2017,37,3235
3414,Nord-Odal,2018,54,3295
3414,Nord-Odal,2019,63,3373
3414,Nord-Odal,2020,98,3380
3414,Nord-Odal,2021,133,3442
3414,Nord-Odal,2022,215,3451
3414,Nord-Odal,2023,256,3384
3415,Sør-Odal,2016,128,5012
3415,Sør-Odal,2017,155,5140
3415,Sør-Odal,2018,209,5222
3415,Sør-Odal,2019,269,5288
3415,Sør-Odal,2020,363,5243
3415,Sør-Odal,2021,479,5363
3415,Sør-Odal,2022,619,5387
3415,Sør-Odal,2023,711,5358
3416,Eidskog,2016,18,3851
3416,Eidskog,2017,33,4037
3416,Eidskog,2018,49,4059
3416,Eidskog,2019,69,4172
3416,Eidskog,2020,86,4140
3416,Eidskog,2021,128,4239
3416,Eidskog,2022,174,4164
3416,Eidskog,2023,223,4097
3417,Grue,2016,23,3097
3417,Grue,2017,33,3204
3417,Grue,2018,40,3224
3417,Grue,2019,57,3263
3417,Grue,2020,68,3230
3417,Grue,2021,111,3327
3417,Grue,2022,146,3341
3417,Grue,2023,170,3343
3418,Åsnes,2016,20,4954
3418,Åsnes,2017,27,5128
3418,Åsnes,2018,45,5157
3418,Åsnes,2019,71,5229
3418,Åsnes,2020,100,5218
3418,Åsnes,2021,167,5381
3418,Åsnes,2022,211,5290
3418,Åsnes,2023,269,5269
3419,Våler (Hedmark),2016,11,2490
3419,Våler (Hedmark),2017,15,2511
3419,Våler (Hedmark),2018,16,2577
3419,Våler (Hedmark),2019,25,2626
3419,Våler (Hedmark),2020,37,2610
3419,Våler (Hedmark),2021,67,2631
3419,Våler (Hedmark),2022,111,2594
3419,Våler (Hedmark),2023,135,2621
3420,Elverum,2016,157,11528
3420,Elverum,2017,238,11728
3420,Elverum,2018,354,11804
3420,Elverum,2019,512,11974
3420,Elverum,2020,738,11946
3420,Elverum,2021,1081,12325
3420,Elverum,2022,1405,12410
3420,Elverum,2023,1691,12409
3421,Trysil,2016,19,3797
3421,Trysil,2017,32,3914
3421,Trysil,2018,54,3985
3421,Trysil,2019,68,4055
3421,Trysil,2020,91,4035
3421,Trysil,2021,125,4098
3421,Trysil,2022,203,4110
3421,Trysil,2023,236,4007
3422,Åmot,2016,17,2477
3422,Åmot,2017,23,2539
3422,Åmot,2018,37,2542
3422,Åmot,2019,62,2591
3422,Åmot,2020,86,2610
3422,Åmot,2021,127,2620
3422,Åmot,2022,177,2569
3422,Åmot,2023,218,2587
3423,Stor-Elvdal,2016,4,1383
3423,Stor-Elvdal,2017,7,1408
3423,Stor-Elvdal,2018,9,1398
3423,Stor-Elvdal,2019,13,1435
3423,Stor-Elvdal,2020,19,1401
3423,Stor-Elvdal,2021,25,1430
3423,Stor-Elvdal,2022,45,1430
3423,Stor-Elvdal,2023,48,1439
3424,Rendalen,2016,0,1209
3424,Rendalen,2017,2,1218
3424,Rendalen,2018,3,1204
3424,Rendalen,2019,7,1229
3424,Rendalen,2020,11,1190
3424,Rendalen,2021,13,1209
3424,Rendalen,2022,30,1232
3424,Rendalen,2023,44,1240
3425,Engerdal,2016,1,844
3425,Engerdal,2017,2,859
3425,Engerdal,2018,2,868
3425,Engerdal,2019,2,864
3425,Engerdal,2020,5,865
3425,Engerdal,2021,16,870
3425,Engerdal,2022,20,856
3425,Engerdal,2023,30,861
3426,Tolga,2016,1,933
3426,Tolga,2017,5,943
3426,Tolga,2018,10,935
3426,Tolga,2019,14,954
3426,Tolga,2020,22,931
3426,Tolga,2021,35,947
3426,Tolga,2022,53,955
3426,Tolga,2023,66,936
3427,Tynset,2016,6,3189
3427,Tynset,2017,11,3267
3427,Tynset,2018,23,3310
3427,Tynset,2019,33,3391
3427,Tynset,2020,54,3394
3427,Tynset,2021,96,3473
3427,Tynset,2022,180,3441
3427,Tynset,2023,243,3421
3428,Alvdal,2016,6,1407
3428,Alvdal,2017,13,1447
3428,Alvdal,2018,18,1461
3428,Alvdal,2019,29,1508
3428,Alvdal,2020,41,1513
3428,Alvdal,2021,63,1537
3428,Alvdal,2022,111,1557
3428,Alvdal,2023,136,1590
3429,Folldal,2016,4,950
3429,Folldal,2017,7,944
3429,Folldal,2018,12,974
3429,Folldal,2019,14,981
3429,Folldal,2020,20,980
3429,Folldal,2021,31,1007
3429,Folldal,2022,42,999
3429,Folldal,2023,63,1016
3430,Os,2016,4,1257
3430,Os,2017,4,1279
3430,Os,2018,6,1304
3430,Os,2019,9,1288
3430,Os,2020,18,1283
3430,Os,2021,26,1296
3430,Os,2022,45,1276
3430,Os,2023,59,1272
3431,Dovre,2016,2,1519
3431,Dovre,2017,2,1558
3431,Dovre,2018,10,1582
3431,Dovre,2019,14,1568
3431,Dovre,2020,27,1561
3431,Dovre,2021,49,1596
3431,Dovre,2022,76,1584
3431,Dovre,2023,98,1560
3432,Lesja,2016,2,1228
3432,Lesja,2017,5,1245
3432,Lesja,2018,9,1248
3432,Lesja,2019,13,1254
3432,Lesja,2020,17,1236
3432,Lesja,2021,32,1275
3432,Lesja,2022,62,1261
3432,Lesja,2023,87,1261
3433,Skjåk,2016,2,1499
3433,Skjåk,2017,7,1525
3433,Skjåk,2018,10,1565
3433,Skjåk,2019,14,1627
3433,Skjåk,2020,21,1632
3433,Skjåk,2021,30,1660
3433,Skjåk,2022,55,1643
3433,Skjåk,2023,73,1618
3434,Lom,2016,1,1504
3434,Lom,2017,2,1534
3434,Lom,2018,7,1571
3434,Lom,2019,13,1559
3434,Lom,2020,16,1555
3434,Lom,2021,29,1595
3434,Lom,2022,56,1603
3434,Lom,2023,78,1573
3435,Vågå,2016,9,2193
3435,Vågå,2017,16,2254
3435,Vågå,2018,29,2265
3435,Vågå,2019,40,2312
3435,Vågå,2020,51,2316
3435,Vågå,2021,72,2376
3435,Vågå,2022,119,2325
3435,Vågå,2023,166,2285
3436,Nord-Fron,2016,28,3457
3436,Nord-Fron,2017,57,3546
3436,Nord-Fron,2018,91,3560
3436,Nord-Fron,2019,120,3621
3436,Nord-Fron,2020,152,3664
3436,Nord-Fron,2021,209,3686
3436,Nord-Fron,2022,257,3639
3436,Nord-Fron,2023,293,3615
3437,Sel,2016,23,3533
3437,Sel,2017,39,3611
3437,Sel,2018,52,3615
3437,Sel,2019,65,3640
3437,Sel,2020,90,3605
3437,Sel,2021,126,3579
3437,Sel,2022,207,3602
3437,Sel,2023,253,3552
3438,Sør-Fron,2016,12,1936
3438,Sør-Fron,2017,32,2027
3438,Sør-Fron,2018,48,2012
3438,Sør-Fron,2019,63,2050
3438,Sør-Fron,2020,81,2052
3438,Sør-Fron,2021,113,2097
3438,Sør-Fron,2022,157,2109
3438,Sør-Fron,2023,185,2121
3439,Ringebu,2016,14,2784
3439,Ringebu,2017,41,2843
3439,Ringebu,2018,53,2838
3439,Ringebu,2019,65,2877
3439,Ringebu,2020,97,2907
3439,Ringebu,2021,142,2926
3439,Ringebu,2022,205,2905
3439,Ringebu,2023,252,2873
3440,Øyer,2016,29,3052
3440,Øyer,2017,47,3154
3440,Øyer,2018,65,3186
3440,Øyer,2019,100,3172
3440,Øyer,2020,146,3172
3440,Øyer,2021,218,3176
3440,Øyer,2022,303,3153
3440,Øyer,2023,375,3144
3441,Gausdal,2016,23,3921
3441,Gausdal,2017,44,4010
3441,Gausdal,2018,64,4014
3441,Gausdal,2019,81,4115
3441,Gausdal,2020,103,4120
3441,Gausdal,2021,152,4181
3441,Gausdal,2022,242,4123
3441,Gausdal,2023,300,4128
3442,Østre Toten,2016,66,9559
3442,Østre Toten,2017,124,9740
3442,Østre Toten,2018,190,9837
3442,Østre Toten,2019,294,10081
3442,Østre Toten,2020,405,10057
3442,Østre Toten,2021,608,10231
3442,Østre Toten,2022,983,10344
3442,Østre Toten,2023,1100,10202
3443,Vestre Toten,2016,37,7998
3443,Vestre Toten,2017,67,8250
3443,Vestre Toten,2018,110,8407
3443,Vestre Toten,2019,169,8559
3443,Vestre Toten,2020,274,8634
3443,Vestre Toten,2021,460,8843
3443,Vestre Toten,2022,713,8820
3443,Vestre Toten,2023,860,8771
3446,Gran,2016,122,8007
3446,Gran,2017,235,8341
3446,Gran,2018,351,8426
3446,Gran,2019,493,8594
3446,Gran,2020,661,8475
3446,Gran,2021,913,8590
3446,Gran,2022,1147,8534
3446,Gran,2023,1296,8399
3447,Søndre Land,2016,20,3457
3447,Søndre Land,2017,38,3531
3447,Søndre Land,2018,47,3558
3447,Søndre Land,2019,70,3621
3447,Søndre Land,2020,87,3586
3447,Søndre Land,2021,137,3662
3447,Søndre Land,2022,214,3590
3447,Søndre Land,2023,255,3559
3448,Nordre Land,2016,13,4208
3448,Nordre Land,2017,19,4267
3448,Nordre Land,2018,26,4236
3448,Nordre Land,2019,46,4268
3448,Nordre Land,2020,90,4297
3448,Nordre Land,2021,133,4338
3448,Nordre Land,2022,219,4321
3448,Nordre Land,2023,257,4274
3449,Sør-Aurdal,2016,21,1885
3449,Sør-Aurdal,2017,28,1939
3449,Sør-Aurdal,2018,41,1896
3449,Sør-Aurdal,2019,75,1922
3449,Sør-Aurdal,2020,96,1893
3449,Sør-Aurdal,2021,141,1960
3449,Sør-Aurdal,2022,187,1939
3449,Sør-Aurdal,2023,209,1944
3450,Etnedal,2016,1,804
3450,Etnedal,2017,3,873
3450,Etnedal,2018,5,847
3450,Etnedal,2019,13,876
3450,Etnedal,2020,16,863
3450,Etnedal,2021,26,866
3450,Etnedal,2022,42,868
3450,Etnedal,2023,59,865
3451,Nord-Aurdal,2016,20,4060
3451,Nord-Aurdal,2017,42,4159
3451,Nord-Aurdal,2018,71,4165
3451,Nord-Aurdal,2019,103,4264
3451,Nord-Aurdal,2020,153,4241
3451,Nord-Aurdal,2021,226,4288
3451,Nord-Aurdal,2022,344,4364
3451,Nord-Aurdal,2023,419,4257
3452,Vestre Slidre,2016,10,1419
3452,Vestre Slidre,2017,18,1461
3452,Vestre Slidre,2018,26,1489
3452,Vestre Slidre,2019,33,1515
3452,Vestre Slidre,2020,46,1494
3452,Vestre Slidre,2021,75,1502
3452,Vestre Slidre,2022,105,1492
3452,Vestre Slidre,2023,122,1497
3453,Øystre Slidre,2016,9,2010
3453,Øystre Slidre,2017,12,2118
3453,Øystre Slidre,2018,17,2147
3453,Øystre Slidre,2019,31,2211
3453,Øystre Slidre,2020,39,2242
3453,Øystre Slidre,2021,66,2257
3453,Øystre Slidre,2022,91,2218
3453,Øystre Slidre,2023,113,2204
3454,Vang,2016,9,972
3454,Vang,2017,6,1012
3454,Vang,2018,13,1021
3454,Vang,2019,17,1037
3454,Vang,2020,22,1019
3454,Vang,2021,37,1032
3454,Vang,2022,62,1035
3454,Vang,2023,78,1067
3901,Horten,2016,407,13760
3901,Horten,2017,542,13992
3901,Horten,2018,696,13988
3901,Horten,2019,952,14097
3901,Horten,2020,1277,13921
3901,Horten,2021,1802,14214
3901,Horten,2022,2354,14191
3901,Horten,2023,2791,14152
3903,Holmestrand,2016,354,12846
3903,Holmestrand,2017,542,13521
3903,Holmestrand,2018,749,13732
3903,Holmestrand,2019,1010,14128
3903,Holmestrand,2020,1298,14271
3903,Holmestrand,2021,1899,14916
3903,Holmestrand,2022,2508,15086
3903,Holmestrand,2023,3020,15212
3905,Tønsberg,2016,1048,26784
3905,Tønsberg,2017,1331,28166
3905,Tønsberg,2018,1801,29421
3905,Tønsberg,2019,2489,30370
3905,Tønsberg,2020,3550,31083
3905,Tønsberg,2021,5058,32047
3905,Tønsberg,2022,6695,32724
3905,Tønsberg,2023,7598,32413
3907,Sandefjord,2016,967,33597
3907,Sandefjord,2017,1296,32998
3907,Sandefjord,2018,1728,33320
3907,Sandefjord,2019,2429,34331
3907,Sandefjord,2020,3379,34562
3907,Sandefjord,2021,4739,35578
3907,Sandefjord,2022,6293,35963
3907,Sandefjord,2023,7268,36074
3909,Larvik,2016,721,24563
3909,Larvik,2017,1029,25220
3909,Larvik,2018,1394,25333
3909,Larvik,2019,1905,25781
3909,Larvik,2020,2657,26242
3909,Larvik,2021,3584,26844
3909,Larvik,2022,4726,27263
3909,Larvik,2023,5432,27207
3911,Færder,2016,581,13727
3911,Færder,2017,774,14383
3911,Færder,2018,935,13797
3911,Færder,2019,1225,13887
3911,Færder,2020,1628,14066
3911,Færder,2021,2282,14540
3911,Færder,2022,2945,14571
3911,Færder,2023,3443,14516
4001,Porsgrunn,2016,660,18473
4001,Porsgrunn,2017,960,18594
4001,Porsgrunn,2018,1277,18513
4001,Porsgrunn,2019,1740,18875
4001,Porsgrunn,2020,2326,18983
4001,Porsgrunn,2021,3183,19280
4001,Porsgrunn,2022,4073,19398
4001,Porsgrunn,2023,4690,19486
4003,Skien,2016,830,28181
4003,Skien,2017,1235,28323
4003,Skien,2018,1675,28305
4003,Skien,2019,2253,28662
4003,Skien,2020,3087,28740
4003,Skien,2021,4327,29625
4003,Skien,2022,5684,30041
4003,Skien,2023,6568,30034
4005,Notodden,2016,57,6509
4005,Notodden,2017,89,6571
4005,Notodden,2018,148,6519
4005,Notodden,2019,223,6611
4005,Notodden,2020,391,6911
4005,Notodden,2021,607,7039
4005,Notodden,2022,849,7134
4005,Notodden,2023,1073,7237
4010,Siljan,2016,28,1418
4010,Siljan,2017,44,1436
4010,Siljan,2018,53,1420
4010,Siljan,2019,60,1413
4010,Siljan,2020,96,1424
4010,Siljan,2021,146,1429
4010,Siljan,2022,190,1446
4010,Siljan,2023,231,1440
4012,Bamble,2016,211,7601
4012,Bamble,2017,297,7680
4012,Bamble,2018,396,7677
4012,Bamble,2019,570,7827
4012,Bamble,2020,756,7761
4012,Bamble,2021,1058,7950
4012,Bamble,2022,1411,8105
4012,Bamble,2023,1646,8047
4014,Kragerø,2016,77,5175
4014,Kragerø,2017,126,5274
4014,Kragerø,2018,184,5305
4014,Kragerø,2019,268,5434
4014,Kragerø,2020,351,5343
4014,Kragerø,2021,505,5469
4014,Kragerø,2022,709,5477
4014,Kragerø,2023,869,5425
4016,Drangedal,2016,15,2303
4016,Drangedal,2017,29,2319
4016,Drangedal,2018,38,2344
4016,Drangedal,2019,56,2408
4016,Drangedal,2020,87,2406
4016,Drangedal,2021,136,2463
4016,Drangedal,2022,198,2507
4016,Drangedal,2023,240,2478
4018,Nome,2016,41,3896
4018,Nome,2017,72,3997
4018,Nome,2018,98,3971
4018,Nome,2019,140,3979
4018,Nome,2020,207,3942
4018,Nome,2021,307,4017
4018,Nome,2022,411,4063
4018,Nome,2023,491,4026
4020,Midt-Telemark,2016,72,5804
4020,Midt-Telemark,2017,123,5971
4020,Midt-Telemark,2018,181,5998
4020,Midt-Telemark,2019,281,6131
4020,Midt-Telemark,2020,396,5916
4020,Midt-Telemark,2021,571,6062
4020,Midt-Telemark,2022,750,6104
4020,Midt-Telemark,2023,869,6129
4022,Seljord,2016,19,1624
4022,Seljord,2017,25,1630
4022,Seljord,2018,37,1586
4022,Seljord,2019,50,1610
4022,Seljord,2020,58,1648
4022,Seljord,2021,88,1670
4022,Seljord,2022,145,1687
4022,Seljord,2023,170,1677
4024,Hjartdal,2016,4,913
4024,Hjartdal,2017,7,934
4024,Hjartdal,2018,11,913
4024,Hjartdal,2019,18,943
4024,Hjartdal,2020,24,915
4024,Hjartdal,2021,32,943
4024,Hjartdal,2022,41,926
4024,Hjartdal,2023,63,952
4026,Tinn,2016,17,2940
4026,Tinn,2017,26,2979
4026,Tinn,2018,43,2970
4026,Tinn,2019,55,2972
4026,Tinn,2020,85,2975
4026,Tinn,2021,125,2957
4026,Tinn,2022,210,2968
4026,Tinn,2023,287,2953
4028,Kviteseid,2016,13,1459
4028,Kviteseid,2017,18,1490
4028,Kviteseid,2018,33,1512
4028,Kviteseid,2019,37,1516
4028,Kviteseid,2020,54,1517
4028,Kviteseid,2021,78,1539
4028,Kviteseid,2022,123,1554
4028,Kviteseid,2023,154,1505
4030,Nissedal,2016,5,876
4030,Nissedal,2017,11,866
4030,Nissedal,2018,14,881
4030,Nissedal,2019,18,890
4030,Nissedal,2020,25,895
4030,Nissedal,2021,40,913
4030,Nissedal,2022,62,890
4030,Nissedal,2023,79,894
4032,Fyresdal,2016,8,763
4032,Fyresdal,2017,10,789
4032,Fyresdal,2018,9,789
4032,Fyresdal,2019,15,790
4032,Fyresdal,2020,23,785
4032,Fyresdal,2021,25,792
4032,Fyresdal,2022,38,799
4032,Fyresdal,2023,49,822
4034,Tokke,2016,2,1294
4034,Tokke,2017,5,1327
4034,Tokke,2018,7,1350
4034,Tokke,2019,8,1379
4034,Tokke,2020,23,1335
4034,Tokke,2021,41,1405
4034,Tokke,2022,91,1400
4034,Tokke,2023,128,1381
4036,Vinje,2016,7,2073
4036,Vinje,2017,12,2109
4036,Vinje,2018,16,2075
4036,Vinje,2019,33,2109
4036,Vinje,2020,56,2142
4036,Vinje,2021,91,2196
4036,Vinje,2022,137,2219
4036,Vinje,2023,188,2221
4201,Risør,2016,64,3529
4201,Risør,2017,89,3550
4201,Risør,2018,131,3570
4201,Risør,2019,194,3664
4201,Risør,2020,253,3578
4201,Risør,2021,338,3661
4201,Risør,2022,459,3697
4201,Risør,2023,567,3669
4202,Grimstad,2016,460,11558
4202,Grimstad,2017,602,11802
4202,Grimstad,2018,775,11992
4202,Grimstad,2019,998,12322
4202,Grimstad,2020,1304,12490
4202,Grimstad,2021,1790,12887
4202,Grimstad,2022,2257,13151
4202,Grimstad,2023,2708,13490
4203,Arendal,2016,574,23379
4203,Arendal,2017,803,23589
4203,Arendal,2018,1003,23506
4203,Arendal,2019,1372,23984
4203,Arendal,2020,1796,23816
4203,Arendal,2021,2590,24438
4203,Arendal,2022,3499,24731
4203,Arendal,2023,4194,24810
4204,Kristiansand,2016,2991,46739
4204,Kristiansand,2017,4141,47609
4204,Kristiansand,2018,5204,47643
4204,Kristiansand,2019,6518,48669
4204,Kristiansand,2020,8396,49584
4204,Kristiansand,2021,11062,52021
4204,Kristiansand,2022,13773,54300
4204,Kristiansand,2023,15616,54936
4205,Lindesnes,2016,395,11453
4205,Lindesnes,2017,528,11658
4205,Lindesnes,2018,676,11810
4205,Lindesnes,2019,879,12031
4205,Lindesnes,2020,1138,12190
4205,Lindesnes,2021,1599,12507
4205,Lindesnes,2022,2074,12705
4205,Lindesnes,2023,2375,12707
4206,Farsund,2016,62,5488
4206,Farsund,2017,119,5629
4206,Farsund,2018,181,5670
4206,Farsund,2019,249,5801
4206,Farsund,2020,314,5745
4206,Farsund,2021,446,5845
4206,Farsund,2022,594,5842
4206,Farsund,2023,731,5784
4207,Flekkefjord,2016,59,4538
4207,Flekkefjord,2017,78,4602
4207,Flekkefjord,2018,113,4648
4207,Flekkefjord,2019,161,4737
4207,Flekkefjord,2020,223,4743
4207,Flekkefjord,2021,347,4815
4207,Flekkefjord,2022,482,4895
4207,Flekkefjord,2023,602,4893
4211,Gjerstad,2016,17,1443
4211,Gjerstad,2017,29,1482
4211,Gjerstad,2018,41,1505
4211,Gjerstad,2019,49,1507
4211,Gjerstad,2020,66,1495
4211,Gjerstad,2021,92,1541
4211,Gjerstad,2022,125,1538
4211,Gjerstad,2023,166,1575
4212,Vegårshei,2016,10,1145
4212,Vegårshei,2017,15,1151
4212,Vegårshei,2018,22,1184
4212,Vegårshei,2019,37,1253
4212,Vegårshei,2020,55,1232
4212,Vegårshei,2021,72,1268
4212,Vegårshei,2022,98,1262
4212,Vegårshei,2023,120,1283
4213,Tvedestrand,2016,46,3222
4213,Tvedestrand,2017,80,3256
4213,Tvedestrand,2018,123,3323
4213,Tvedestrand,2019,174,3403
4213,Tvedestrand,2020,218,3346
4213,Tvedestrand,2021,307,3473
4213,Tvedestrand,2022,454,3545
4213,Tvedestrand,2023,520,3598
4214,Froland,2016,58,3158
4214,Froland,2017,88,3290
4214,Froland,2018,104,3349
4214,Froland,2019,130,3488
4214,Froland,2020,190,3500
4214,Froland,2021,258,3592
4214,Froland,2022,341,3665
4214,Froland,2023,414,3734
4215,Lillesand,2016,327,5154
4215,Lillesand,2017,441,5332
4215,Lillesand,2018,542,5399
4215,Lillesand,2019,688,5590
4215,Lillesand,2020,844,5586
4215,Lillesand,2021,1079,5787
4215,Lillesand,2022,1334,5873
4215,Lillesand,2023,1508,5901
4216,Birkenes,2016,90,2652
4216,Birkenes,2017,123,2738
4216,Birkenes,2018,161,2762
4216,Birkenes,2019,191,2785
4216,Birkenes,2020,234,2807
4216,Birkenes,2021,304,2885
4216,Birkenes,2022,385,2936
4216,Birkenes,2023,435,2927
4217,Åmli,2016,3,1088
4217,Åmli,2017,6,1120
4217,Åmli,2018,8,1107
4217,Åmli,2019,12,1085
4217,Åmli,2020,20,1085
4217,Åmli,2021,36,1081
4217,Åmli,2022,65,1072
4217,Åmli,2023,79,1071
4218,Iveland,2016,20,770
4218,Iveland,2017,30,788
4218,Iveland,2018,41,810
4218,Iveland,2019,50,823
4218,Iveland,2020,55,805
4218,Iveland,2021,69,822
4218,Iveland,2022,93,805
4218,Iveland,2023,110,812
4219,Evje og Hornnes,2016,18,1894
4219,Evje og Hornnes,2017,25,1962
4219,Evje og Hornnes,2018,40,1947
4219,Evje og Hornnes,2019,65,2025
4219,Evje og Hornnes,2020,89,2016
4219,Evje og Hornnes,2021,130,2068
4219,Evje og Hornnes,2022,192,2059
4219,Evje og Hornnes,2023,235,2075
4220,Bygland,2016,3,709
4220,Bygland,2017,10,730
4220,Bygland,2018,14,731
4220,Bygland,2019,22,744
4220,Bygland,2020,29,729
4220,Bygland,2021,35,730
4220,Bygland,2022,53,750
4220,Bygland,2023,65,765
4221,Valle,2016,3,720
4221,Valle,2017,4,719
4221,Valle,2018,8,721
4221,Valle,2019,11,742
4221,Valle,2020,14,746
4221,Valle,2021,20,742
4221,Valle,2022,39,744
4221,Valle,2023,55,752
4222,Bykle,2016,1,458
4222,Bykle,2017,4,482
4222,Bykle,2018,4,471
4222,Bykle,2019,9,491
4222,Bykle,2020,19,474
4222,Bykle,2021,29,477
4222,Bykle,2022,43,499
4222,Bykle,2023,58,502
4223,Vennesla,2016,213,7186
4223,Vennesla,2017,333,7296
4223,Vennesla,2018,436,7375
4223,Vennesla,2019,546,7580
4223,Vennesla,2020,716,7743
4223,Vennesla,2021,998,8049
4223,Vennesla,2022,1211,8021
4223,Vennesla,2023,1446,8075
4224,Åseral,2016,5,564
4224,Åseral,2017,6,581
4224,Åseral,2018,9,560
4224,Åseral,2019,11,576
4224,Åseral,2020,18,568
4224,Åseral,2021,25,574
4224,Åseral,2022,40,560
4224,Åseral,2023,59,556
4225,Lyngdal,2016,97,5659
4225,Lyngdal,2017,150,5716
4225,Lyngdal,2018,208,5742
4225,Lyngdal,2019,275,5858
4225,Lyngdal,2020,350,5976
4225,Lyngdal,2021,524,6127
4225,Lyngdal,2022,703,6131
4225,Lyngdal,2023,845,6194
4226,Hægebostad,2016,2,1037
4226,Hægebostad,2017,4,1056
4226,Hægebostad,2018,7,1042
4226,Hægebostad,2019,14,1058
4226,Hægebostad,2020,25,1076
4226,Hægebostad,2021,38,1128
4226,Hægebostad,2022,65,1108
4226,Hægebostad,2023,91,1104
4227,Kvinesdal,2016,36,3429
4227,Kvinesdal,2017,46,3513
4227,Kvinesdal,2018,61,3506
4227,Kvinesdal,2019,86,3522
4227,Kvinesdal,2020,123,3573
4227,Kvinesdal,2021,190,3655
4227,Kvinesdal,2022,274,3650
4227,Kvinesdal,2023,326,3626
4228,Sirdal,2016,19,1107
4228,Sirdal,2017,22,1140
4228,Sirdal,2018,30,1142
4228,Sirdal,2019,39,1160
4228,Sirdal,2020,51,1149
4228,Sirdal,2021,74,1179
4228,Sirdal,2022,119,1192
4228,Sirdal,2023,139,1170
4601,Bergen,2016,9400,112991
4601,Bergen,2017,12782,113645
4601,Bergen,2018,17238,113422
4601,Bergen,2019,21991,114913
4601,Bergen,2020,27799,116358
4601,Bergen,2021,35814,119795
4601,Bergen,2022,43143,120802
4601,Bergen,2023,47016,118157
4602,Kinn,2016,74,8476
4602,Kinn,2017,115,8617
4602,Kinn,2018,158,8663
4602,Kinn,2019,280,8792
4602,Kinn,2020,419,8696
4602,Kinn,2021,609,8862
4602,Kinn,2022,872,8802
4602,Kinn,2023,1149,8793
4611,Etne,2016,36,2175
4611,Etne,2017,57,2181
4611,Etne,2018,75,2194
4611,Etne,2019,107,2267
4611,Etne,2020,135,2278
4611,Etne,2021,207,2333
4611,Etne,2022,267,2321
4611,Etne,2023,321,2337
4612,Sveio,2016,139,2996
4612,Sveio,2017,195,3092
4612,Sveio,2018,253,3135
4612,Sveio,2019,302,3195
4612,Sveio,2020,374,3198
4612,Sveio,2021,490,3284
4612,Sveio,2022,612,3305
4612,Sveio,2023,711,3320
4613,Bømlo,2016,397,5879
4613,Bømlo,2017,507,5961
4613,Bømlo,2018,665,6062
4613,Bømlo,2019,803,6160
4613,Bømlo,2020,987,6185
4613,Bømlo,2021,1319,6426
4613,Bømlo,2022,1681,6514
4613,Bømlo,2023,1923,6551
4614,Stord,2016,308,8612
4614,Stord,2017,406,8711
4614,Stord,2018,540,8748
4614,Stord,2019,744,8838
4614,Stord,2020,1006,8862
4614,Stord,2021,1464,9055
4614,Stord,2022,1998,9205
4614,Stord,2023,2344,9316
4615,Fitjar,2016,40,1649
4615,Fitjar,2017,63,1697
4615,Fitjar,2018,86,1681
4615,Fitjar,2019,112,1715
4615,Fitjar,2020,152,1694
4615,Fitjar,2021,241,1704
4615,Fitjar,2022,335,1780
4615,Fitjar,2023,381,1777
4616,Tysnes,2016,41,1482
4616,Tysnes,2017,49,1510
4616,Tysnes,2018,64,1553
4616,Tysnes,2019,93,1559
4616,Tysnes,2020,129,1602
4616,Tysnes,2021,179,1658
4616,Tysnes,2022,237,1624
4616,Tysnes,2023,270,1638
4617,Kvinnherad,2016,252,6826
4617,Kvinnherad,2017,328,7010
4617,Kvinnherad,2018,434,7093
4617,Kvinnherad,2019,495,7185
4617,Kvinnherad,2020,586,7216
4617,Kvinnherad,2021,805,7409
4617,Kvinnherad,2022,1046,7432
4617,Kvinnherad,2023,1217,7384
4618,Ullensvang,2016,91,5865
4618,Ullensvang,2017,110,5882
4618,Ullensvang,2018,144,5845
4618,Ullensvang,2019,200,5864
4618,Ullensvang,2020,263,5750
4618,Ullensvang,2021,377,5924
4618,Ullensvang,2022,557,5975
4618,Ullensvang,2023,720,6009
4619,Eidfjord,2016,30,485
4619,Eidfjord,2017,38,486
4619,Eidfjord,2018,54,484
4619,Eidfjord,2019,62,495
4619,Eidfjord,2020,62,481
4619,Eidfjord,2021,77,506
4619,Eidfjord,2022,105,534
4619,Eidfjord,2023,110,540
4620,Ulvik,2016,27,525
4620,Ulvik,2017,31,525
4620,Ulvik,2018,34,518
4620,Ulvik,2019,40,532
4620,Ulvik,2020,48,525
4620,Ulvik,2021,65,544
4620,Ulvik,2022,68,547
4620,Ulvik,2023,77,544
4621,Voss,2016,164,7944
4621,Voss,2017,215,8069
4621,Voss,2018,299,8115
4621,Voss,2019,392,8270
4621,Voss,2020,518,8294
4621,Voss,2021,746,8492
4621,Voss,2022,999,8572
4621,Voss,2023,1275,8562
4622,Kvam,2016,74,4380
4622,Kvam,2017,111,4498
4622,Kvam,2018,154,4501
4622,Kvam,2019,235,4579
4622,Kvam,2020,316,4622
4622,Kvam,2021,449,4726
4622,Kvam,2022,630,4709
4622,Kvam,2023,738,4661
4623,Samnanger,2016,59,1395
4623,Samnanger,2017,90,1439
4623,Samnanger,2018,128,1452
4623,Samnanger,2019,171,1479
4623,Samnanger,2020,202,1504
4623,Samnanger,2021,233,1526
4623,Samnanger,2022,294,1472
4623,Samnanger,2023,323,1442
4624,Bjørnafjorden,2016,682,12313
4624,Bjørnafjorden,2017,979,12620
4624,Bjørnafjorden,2018,1334,12732
4624,Bjørnafjorden,2019,1794,13067
4624,Bjørnafjorden,2020,2283,13082
4624,Bjørnafjorden,2021,3018,13477
4624,Bjørnafjorden,2022,3919,13658
4624,Bjørnafjorden,2023,4581,13603
4625,Austevoll,2016,172,2290
4625,Austevoll,2017,225,2349
4625,Austevoll,2018,287,2357
4625,Austevoll,2019,407,2390
4625,Austevoll,2020,539,2383
4625,Austevoll,2021,700,2482
4625,Austevoll,2022,872,2525
4625,Austevoll,2023,945,2547
4626,Øygarden,2016,1316,19161
4626,Øygarden,2017,1939,19682
4626,Øygarden,2018,2612,19973
4626,Øygarden,2019,3364,20402
4626,Øygarden,2020,4082,20458
4626,Øygarden,2021,5313,21044
4626,Øygarden,2022,6510,21328
4626,Øygarden,2023,7305,21319
4627,Askøy,2016,1958,13699
4627,Askøy,2017,2624,14050
4627,Askøy,2018,3259,14169
4627,Askøy,2019,3766,14477
4627,Askøy,2020,4351,14560
4627,Askøy,2021,5237,14894
4627,Askøy,2022,6024,15004
4627,Askøy,2023,6560,14987
4628,Vaksdal,2016,39,1999
4628,Vaksdal,2017,64,2026
4628,Vaksdal,2018,95,2014
4628,Vaksdal,2019,122,2022
4628,Vaksdal,2020,153,2022
4628,Vaksdal,2021,212,2035
4628,Vaksdal,2022,269,2033
4628,Vaksdal,2023,315,2012
4629,Modalen,2016,3,184
4629,Modalen,2017,5,179
4629,Modalen,2018,7,188
4629,Modalen,2019,7,193
4629,Modalen,2020,10,190
4629,Modalen,2021,17,189
4629,Modalen,2022,31,191
4629,Modalen,2023,34,190
4630,Osterøy,2016,169,4219
4630,Osterøy,2017,211,4363
4630,Osterøy,2018,298,4423
4630,Osterøy,2019,426,4501
4630,Osterøy,2020,524,4467
4630,Osterøy,2021,722,4590
4630,Osterøy,2022,883,4598
4630,Osterøy,2023,1006,4525
4631,Alver,2016,723,15176
4631,Alver,2017,1034,15582
4631,Alver,2018,1413,15750
4631,Alver,2019,1959,16152
4631,Alver,2020,2468,16147
4631,Alver,2021,3255,16618
4631,Alver,2022,4125,16829
4631,Alver,2023,4586,16645
4632,Austrheim,2016,38,1579
4632,Austrheim,2017,52,1618
4632,Austrheim,2018,75,1666
4632,Austrheim,2019,112,1721
4632,Austrheim,2020,145,1715
4632,Austrheim,2021,198,1771
4632,Austrheim,2022,274,1780
4632,Austrheim,2023,328,1774
4633,Fedje,2016,2,229
4633,Fedje,2017,2,217
4633,Fedje,2018,4,222
4633,Fedje,2019,10,234
4633,Fedje,2020,14,215
4633,Fedje,2021,21,218
4633,Fedje,2022,30,213
4633,Fedje,2023,36,215
4634,Masfjorden,2016,11,955
4634,Masfjorden,2017,14,983
4634,Masfjorden,2018,26,974
4634,Masfjorden,2019,39,1006
4634,Masfjorden,2020,62,996
4634,Masfjorden,2021,79,1012
4634,Masfjorden,2022,105,1018
4634,Masfjorden,2023,134,1026
4635,Gulen,2016,6,1254
4635,Gulen,2017,11,1278
4635,Gulen,2018,16,1272
4635,Gulen,2019,26,1301
4635,Gulen,2020,40,1305
4635,Gulen,2021,69,1344
4635,Gulen,2022,115,1343
4635,Gulen,2023,148,1360
4636,Solund,2016,4,332
4636,Solund,2017,8,339
4636,Solund,2018,9,358
4636,Solund,2019,14,379
4636,Solund,2020,19,364
4636,Solund,2021,26,369
4636,Solund,2022,31,361
4636,Solund,2023,43,369
4637,Hyllestad,2016,4,770
4637,Hyllestad,2017,11,760
4637,Hyllestad,2018,19,763
4637,Hyllestad,2019,25,770
4637,Hyllestad,2020,37,758
4637,Hyllestad,2021,50,773
4637,Hyllestad,2022,76,753
4637,Hyllestad,2023,99,740
4638,Høyanger,2016,25,2152
4638,Høyanger,2017,33,2192
4638,Høyanger,2018,47,2244
4638,Høyanger,2019,65,2281
4638,Høyanger,2020,87,2271
4638,Høyanger,2021,140,2329
4638,Høyanger,2022,214,2321
4638,Høyanger,2023,269,2263
4639,Vik,2016,8,1419
4639,Vik,2017,8,1430
4639,Vik,2018,14,1488
4639,Vik,2019,25,1492
4639,Vik,2020,40,1462
4639,Vik,2021,75,1495
4639,Vik,2022,104,1486
4639,Vik,2023,144,1502
4640,Sogndal,2016,66,5712
4640,Sogndal,2017,99,5862
4640,Sogndal,2018,138,5935
4640,Sogndal,2019,184,5988
4640,Sogndal,2020,231,5952
4640,Sogndal,2021,384,6137
4640,Sogndal,2022,560,6189
4640,Sogndal,2023,735,6181
4641,Aurland,2016,13,917
4641,Aurland,2017,18,953
4641,Aurland,2018,19,987
4641,Aurland,2019,20,970
4641,Aurland,2020,30,945
4641,Aurland,2021,50,970
4641,Aurland,2022,82,985
4641,Aurland,2023,116,1001
4642,Lærdal,2016,11,1236
4642,Lærdal,2017,20,1241
4642,Lærdal,2018,15,1261
4642,Lærdal,2019,34,1274
4642,Lærdal,2020,49,1287
4642,Lærdal,2021,75,1293
4642,Lærdal,2022,119,1303
4642,Lærdal,2023,149,1314
4643,Årdal,2016,10,2922
4643,Årdal,2017,17,2957
4643,Årdal,2018,20,2969
4643,Årdal,2019,43,2953
4643,Årdal,2020,80,2942
4643,Årdal,2021,179,2967
4643,Årdal,2022,271,2919
4643,Årdal,2023,349,2946
4644,Luster,2016,34,2941
4644,Luster,2017,61,3023
4644,Luster,2018,81,3050
4644,Luster,2019,121,3073
4644,Luster,2020,152,3068
4644,Luster,2021,212,3163
4644,Luster,2022,325,3166
4644,Luster,2023,397,3154
4645,Askvoll,2016,15,1484
4645,Askvoll,2017,21,1523
4645,Askvoll,2018,28,1512
4645,Askvoll,2019,40,1544
4645,Askvoll,2020,61,1544
4645,Askvoll,2021,93,1591
4645,Askvoll,2022,139,1595
4645,Askvoll,2023,185,1579
4646,Fjaler,2016,16,1398
4646,Fjaler,2017,26,1445
4646,Fjaler,2018,41,1428
4646,Fjaler,2019,63,1467
4646,Fjaler,2020,87,1479
4646,Fjaler,2021,119,1503
4646,Fjaler,2022,208,1537
4646,Fjaler,2023,247,1506
4647,Sunnfjord,2016,231,11461
4647,Sunnfjord,2017,383,11714
4647,Sunnfjord,2018,489,11756
4647,Sunnfjord,2019,649,11965
4647,Sunnfjord,2020,918,11969
4647,Sunnfjord,2021,1308,12206
4647,Sunnfjord,2022,1890,12389
4647,Sunnfjord,2023,2321,12365
4648,Bremanger,2016,9,1844
4648,Bremanger,2017,11,1833
4648,Bremanger,2018,17,1836
4648,Bremanger,2019,32,1828
4648,Bremanger,2020,63,1841
4648,Bremanger,2021,97,1855
4648,Bremanger,2022,152,1838
4648,Bremanger,2023,212,1816
4649,Stad,2016,47,4834
4649,Stad,2017,66,4966
4649,Stad,2018,92,5014
4649,Stad,2019,138,5087
4649,Stad,2020,198,5472
4649,Stad,2021,301,5589
4649,Stad,2022,491,5612
4649,Stad,2023,609,5558
4650,Gloppen,2016,41,3061
4650,Gloppen,2017,54,3176
4650,Gloppen,2018,94,3202
4650,Gloppen,2019,139,3297
4650,Gloppen,2020,169,3314
4650,Gloppen,2021,255,3384
4650,Gloppen,2022,402,3401
4650,Gloppen,2023,481,3351
4651,Stryn,2016,17,4015
4651,Stryn,2017,33,4138
4651,Stryn,2018,47,4193
4651,Stryn,2019,79,4312
4651,Stryn,2020,126,4282
4651,Stryn,2021,198,4423
4651,Stryn,2022,327,4393
4651,Stryn,2023,433,4376
5001,Trondheim - Tråante,2016,4477,82764
5001,Trondheim - Tråante,2017,5685,83887
5001,Trondheim - Tråante,2018,7787,84024
5001,Trondheim - Tråante,2019,10403,85642
5001,Trondheim - Tråante,2020,13607,86290
5001,Trondheim - Tråante,2021,18574,89365
5001,Trondheim - Tråante,2022,24428,90577
5001,Trondheim - Tråante,2023,27821,89368
5006,Steinkjer - Stïentje,2016,124,13308
5006,Steinkjer - Stïentje,2017,168,13628
5006,Steinkjer - Stïentje,2018,288,13715
5006,Steinkjer - Stïentje,2019,469,13913
5006,Steinkjer - Stïentje,2020,793,13744
5006,Steinkjer - Stïentje,2021,1280,13919
5006,Steinkjer - Stïentje,2022,2056,14008
5006,Steinkjer - Stïentje,2023,2499,13828
5007,Namsos - Nåavmesjenjaelmie,2016,73,7750
5007,Namsos - Nåavmesjenjaelmie,2017,108,7947
5007,Namsos - Nåavmesjenjaelmie,2018,152,7948
5007,Namsos - Nåavmesjenjaelmie,2019,195,8129
5007,Namsos - Nåavmesjenjaelmie,2020,314,8181
5007,Namsos - Nåavmesjenjaelmie,2021,578,8334
5007,Namsos - Nåavmesjenjaelmie,2022,948,8385
5007,Namsos - Nåavmesjenjaelmie,2023,1191,8298
5014,Frøya,2016,25,2547
5014,Frøya,2017,33,2652
5014,Frøya,2018,62,2764
5014,Frøya,2019,102,2912
5014,Frøya,2020,137,2884
5014,Frøya,2021,201,3006
5014,Frøya,2022,337,2998
5014,Frøya,2023,409,3036
5020,Osen,2016,0,551
5020,Osen,2017,1,561
5020,Osen,2018,4,577
5020,Osen,2019,5,596
5020,Osen,2020,11,589
5020,Osen,2021,24,587
5020,Osen,2022,49,590
5020,Osen,2023,67,589
5021,Oppdal,2016,21,3797
5021,Oppdal,2017,41,3888
5021,Oppdal,2018,60,3986
5021,Oppdal,2019,82,4085
5021,Oppdal,2020,122,4076
5021,Oppdal,2021,192,4153
5021,Oppdal,2022,350,4193
5021,Oppdal,2023,461,4186
5022,Rennebu,2016,5,1506
5022,Rennebu,2017,8,1558
5022,Rennebu,2018,15,1541
5022,Rennebu,2019,21,1563
5022,Rennebu,2020,39,1548
5022,Rennebu,2021,75,1590
5022,Rennebu,2022,114,1575
5022,Rennebu,2023,168,1549
5025,Røros - Rosse,2016,4,3158
5025,Røros - Rosse,2017,8,3209
5025,Røros - Rosse,2018,15,3232
5025,Røros - Rosse,2019,29,3305
5025,Røros - Rosse,2020,51,3282
5025,Røros - Rosse,2021,105,3348
5025,Røros - Rosse,2022,173,3268
5025,Røros - Rosse,2023,225,3243
5026,Holtålen,2016,5,1206
5026,Holtålen,2017,8,1226
5026,Holtålen,2018,12,1248
5026,Holtålen,2019,15,1236
5026,Holtålen,2020,23,1206
5026,Holtålen,2021,39,1238
5026,Holtålen,2022,61,1224
5026,Holtålen,2023,88,1228
5027,Midtre Gauldal,2016,48,3551
5027,Midtre Gauldal,2017,57,3633
5027,Midtre Gauldal,2018,78,3621
5027,Midtre Gauldal,2019,106,3699
5027,Midtre Gauldal,2020,150,3670
5027,Midtre Gauldal,2021,232,3716
5027,Midtre Gauldal,2022,398,3679
5027,Midtre Gauldal,2023,495,3582
5028,Melhus,2016,441,9160
5028,Melhus,2017,554,9388
5028,Melhus,2018,771,9609
5028,Melhus,2019,1037,9864
5028,Melhus,2020,1339,9900
5028,Melhus,2021,1722,10183
5028,Melhus,2022,2343,10334
5028,Melhus,2023,2678,10275
5029,Skaun,2016,383,4506
5029,Skaun,2017,427,4602
5029,Skaun,2018,525,4656
5029,Skaun,2019,616,4781
5029,Skaun,2020,723,4827
5029,Skaun,2021,897,4924
5029,Skaun,2022,1221,4961
5029,Skaun,2023,1378,4919
5031,Malvik,2016,703,7238
5031,Malvik,2017,848,7411
5031,Malvik,2018,1126,7469
5031,Malvik,2019,1371,7589
5031,Malvik,2020,1678,7702
5031,Malvik,2021,2080,7965
5031,Malvik,2022,2595,8084
5031,Malvik,2023,2934,8060
5032,Selbu,2016,34,2532
5032,Selbu,2017,40,2512
5032,Selbu,2018,69,2586
5032,Selbu,2019,95,2655
5032,Selbu,2020,122,2630
5032,Selbu,2021,169,2700
5032,Selbu,2022,263,2766
5032,Selbu,2023,313,2739
5033,Tydal,2016,0,486
5033,Tydal,2017,2,485
5033,Tydal,2018,3,464
5033,Tydal,2019,3,457
5033,Tydal,2020,5,449
5033,Tydal,2021,12,443
5033,Tydal,2022,27,454
5033,Tydal,2023,32,448
5034,Meråker,2016,6,1418
5034,Meråker,2017,13,1420
5034,Meråker,2018,21,1415
5034,Meråker,2019,33,1430
5034,Meråker,2020,43,1401
5034,Meråker,2021,67,1423
5034,Meråker,2022,122,1465
5034,Meråker,2023,141,1417
5035,Stjørdal,2016,627,13151
5035,Stjørdal,2017,814,13536
5035,Stjørdal,2018,1099,13727
5035,Stjørdal,2019,1414,14048
5035,Stjørdal,2020,1759,14364
5035,Stjørdal,2021,2334,14736
5035,Stjørdal,2022,2964,14466
5035,Stjørdal,2023,3332,14323
5036,Frosta,2016,27,1529
5036,Frosta,2017,35,1521
5036,Frosta,2018,49,1593
5036,Frosta,2019,80,1611
5036,Frosta,2020,108,1646
5036,Frosta,2021,166,1687
5036,Frosta,2022,231,1689
5036,Frosta,2023,297,1697
5037,Levanger - Levangke,2016,135,10941
5037,Levanger - Levangke,2017,197,11258
5037,Levanger - Levangke,2018,322,11440
5037,Levanger - Levangke,2019,433,11474
5037,Levanger - Levangke,2020,597,11479
5037,Levanger - Levangke,2021,881,11666
5037,Levanger - Levangke,2022,1444,11794
5037,Levanger - Levangke,2023,1862,11774
5038,Verdal,2016,58,8612
5038,Verdal,2017,100,8907
5038,Verdal,2018,169,8941
5038,Verdal,2019,251,8993
5038,Verdal,2020,378,8988
5038,Verdal,2021,608,9255
5038,Verdal,2022,1035,9283
5038,Verdal,2023,1268,9216
5041,Snåase - Snåsa,2016,7,1163
5041,Snåase - Snåsa,2017,8,1177
5041,Snåase - Snåsa,2018,19,1188
5041,Snåase - Snåsa,2019,33,1220
5041,Snåase - Snåsa,2020,45,1203
5041,Snåase - Snåsa,2021,63,1193
5041,Snåase - Snåsa,2022,112,1176
5041,Snåase - Snåsa,2023,145,1179
5042,Lierne,2016,3,811
5042,Lierne,2017,3,797
5042,Lierne,2018,3,830
5042,Lierne,2019,3,825
5042,Lierne,2020,1,799
5042,Lierne,2021,4,802
5042,Lierne,2022,34,788
5042,Lierne,2023,47,779
5043,Raarvihke - Røyrvik,2016,1,259
5043,Raarvihke - Røyrvik,2017,1,268
5043,Raarvihke - Røyrvik,2018,1,278
5043,Raarvihke - Røyrvik,2019,1,258
5043,Raarvihke - Røyrvik,2020,1,265
5043,Raarvihke - Røyrvik,2021,6,260
5043,Raarvihke - Røyrvik,2022,13,241
5043,Raarvihke - Røyrvik,2023,11,225
5044,Namsskogan,2016,0,493
5044,Namsskogan,2017,0,534
5044,Namsskogan,2018,1,508
5044,Namsskogan,2019,2,499
5044,Namsskogan,2020,2,506
5044,Namsskogan,2021,6,533
5044,Namsskogan,2022,10,491
5044,Namsskogan,2023,14,492
5045,Grong,2016,7,1425
5045,Grong,2017,12,1444
5045,Grong,2018,18,1421
5045,Grong,2019,19,1430
5045,Grong,2020,25,1434
5045,Grong,2021,53,1421
5045,Grong,2022,111,1398
5045,Grong,2023,145,1358
5046,Høylandet,2016,7,717
5046,Høylandet,2017,7,743
5046,Høylandet,2018,17,751
5046,Høylandet,2019,29,775
5046,Høylandet,2020,42,738
5046,Høylandet,2021,69,755
5046,Høylandet,2022,116,778
5046,Høylandet,2023,137,773
5047,Overhalla,2016,24,2102
5047,Overhalla,2017,29,2121
5047,Overhalla,2018,43,2143
5047,Overhalla,2019,60,2193
5047,Overhalla,2020,83,2172
5047,Overhalla,2021,153,2219
5047,Overhalla,2022,295,2227
5047,Overhalla,2023,381,2236
5049,Flatanger,2016,0,632
5049,Flatanger,2017,0,569
5049,Flatanger,2018,1,654
5049,Flatanger,2019,3,701
5049,Flatanger,2020,10,716
5049,Flatanger,2021,18,712
5049,Flatanger,2022,51,730
5049,Flatanger,2023,74,730
5052,Leka,2016,2,323
5052,Leka,2017,2,314
5052,Leka,2018,1,318
5052,Leka,2019,1,324
5052,Leka,2020,2,315
5052,Leka,2021,5,327
5052,Leka,2022,8,341
5052,Leka,2023,12,340
5053,Inderøy,2016,47,3950
5053,Inderøy,2017,68,3963
5053,Inderøy,2018,122,4046
5053,Inderøy,2019,179,4138
5053,Inderøy,2020,247,4115
5053,Inderøy,2021,352,4222
5053,Inderøy,2022,557,4300
5053,Inderøy,2023,727,4275
5054,Indre Fosen,2016,180,5793
5054,Indre Fosen,2017,203,5866
5054,Indre Fosen,2018,279,5968
5054,Indre Fosen,2019,356,6182
5054,Indre Fosen,2020,466,6286
5054,Indre Fosen,2021,608,6450
5054,Indre Fosen,2022,916,6393
5054,Indre Fosen,2023,1080,6325
5055,Heim,2016,0,0
5055,Heim,2017,0,0
5055,Heim,2018,0,0
5055,Heim,2019,0,0
5055,Heim,2020,127,3664
5055,Heim,2021,193,3751
5055,Heim,2022,359,3735
5055,Heim,2023,480,3700
5056,Hitra,2016,0,0
5056,Hitra,2017,0,0
5056,Hitra,2018,0,0
5056,Hitra,2019,0,0
5056,Hitra,2020,153,2990
5056,Hitra,2021,229,3063
5056,Hitra,2022,358,3129
5056,Hitra,2023,428,3123
5057,Ørland,2016,73,5881
5057,Ørland,2017,104,6060
5057,Ørland,2018,137,6162
5057,Ørland,2019,200,6279
5057,Ørland,2020,266,6252
5057,Ørland,2021,433,6441
5057,Ørland,2022,709,6518
5057,Ørland,2023,906,6512
5058,Åfjord,2016,27,2601
5058,Åfjord,2017,37,2668
5058,Åfjord,2018,46,2699
5058,Åfjord,2019,67,2731
5058,Åfjord,2020,100,2716
5058,Åfjord,2021,158,2775
5058,Åfjord,2022,246,2783
5058,Åfjord,2023,325,2765
5059,Orkland,2016,0,0
5059,Orkland,2017,0,0
5059,Orkland,2018,0,0
5059,Orkland,2019,0,0
5059,Orkland,2020,630,10842
5059,Orkland,2021,978,11219
5059,Orkland,2022,1531,11333
5059,Orkland,2023,1838,11186
5060,Nærøysund,2016,24,5303
5060,Nærøysund,2017,34,5457
5060,Nærøysund,2018,50,5513
5060,Nærøysund,2019,77,5659
5060,Nærøysund,2020,113,5656
5060,Nærøysund,2021,231,5842
5060,Nærøysund,2022,366,5847
5060,Nærøysund,2023,466,5738
5061,Rindal,2016,5,1243
5061,Rindal,2017,10,1266
5061,Rindal,2018,11,1298
5061,Rindal,2019,14,1301
5061,Rindal,2020,18,1326
5061,Rindal,2021,40,1335
5061,Rindal,2022,76,1319
5061,Rindal,2023,95,1269
5401,Tromsø,2016,468,33072
5401,Tromsø,2017,675,33892
5401,Tromsø,2018,884,34478
5401,Tromsø,2019,1241,35032
5401,Tromsø,2020,1762,35147
5401,Tromsø,2021,2853,35965
5401,Tromsø,2022,4845,36038
5401,Tromsø,2023,6163,35337
5402,Harstad - Hárstták,2016,277,13072
5402,Harstad - Hárstták,2017,351,13315
5402,Harstad - Hárstták,2018,493,13335
5402,Harstad - Hárstták,2019,647,13417
5402,Harstad - Hárstták,2020,832,13561
5402,Harstad - Hárstták,2021,1202,13796
5402,Harstad - Hárstták,2022,1812,13879
5402,Harstad - Hárstták,2023,2222,13595
5403,Alta,2016,67,10842
5403,Alta,2017,105,11155
5403,Alta,2018,155,11392
5403,Alta,2019,218,11558
5403,Alta,2020,334,11771
5403,Alta,2021,562,12096
5403,Alta,2022,828,12186
5403,Alta,2023,1076,12103
5404,Vardø,2016,0,899
5404,Vardø,2017,0,927
5404,Vardø,2018,1,954
5404,Vardø,2019,4,966
5404,Vardø,2020,6,912
5404,Vardø,2021,13,927
5404,Vardø,2022,21,928
5404,Vardø,2023,29,925
5405,Vadsø,2016,7,2995
5405,Vadsø,2017,12,3070
5405,Vadsø,2018,11,3042
5405,Vadsø,2019,19,3062
5405,Vadsø,2020,27,3110
5405,Vadsø,2021,62,3172
5405,Vadsø,2022,123,3160
5405,Vadsø,2023,175,3177
5406,Hammerfest - Hámmerfeasta,2016,24,5309
5406,Hammerfest - Hámmerfeasta,2017,26,5317
5406,Hammerfest - Hámmerfeasta,2018,37,5328
5406,Hammerfest - Hámmerfeasta,2019,42,5355
5406,Hammerfest - Hámmerfeasta,2020,64,5352
5406,Hammerfest - Hámmerfeasta,2021,132,5526
5406,Hammerfest - Hámmerfeasta,2022,296,5536
5406,Hammerfest - Hámmerfeasta,2023,428,5470
5411,Kvæfjord,2016,24,1585
5411,Kvæfjord,2017,28,1642
5411,Kvæfjord,2018,43,1632
5411,Kvæfjord,2019,56,1659
5411,Kvæfjord,2020,70,1657
5411,Kvæfjord,2021,115,1703
5411,Kvæfjord,2022,179,1727
5411,Kvæfjord,2023,216,1696
5412,Dielddanuorri - Tjeldsund,2016,26,2620
5412,Dielddanuorri - Tjeldsund,2017,40,2662
5412,Dielddanuorri - Tjeldsund,2018,65,2644
5412,Dielddanuorri - Tjeldsund,2019,80,2631
5412,Dielddanuorri - Tjeldsund,2020,110,2661
5412,Dielddanuorri - Tjeldsund,2021,169,2721
5412,Dielddanuorri - Tjeldsund,2022,276,2692
5412,Dielddanuorri - Tjeldsund,2023,344,2728
5413,Ibestad,2016,2,708
5413,Ibestad,2017,2,736
5413,Ibestad,2018,2,749
5413,Ibestad,2019,6,772
5413,Ibestad,2020,9,756
5413,Ibestad,2021,20,784
5413,Ibestad,2022,35,749
5413,Ibestad,2023,44,741
5414,Gratangen - Rivtták,2016,4,656
5414,Gratangen - Rivtták,2017,4,655
5414,Gratangen - Rivtták,2018,9,650
5414,Gratangen - Rivtták,2019,19,638
5414,Gratangen - Rivtták,2020,29,622
5414,Gratangen - Rivtták,2021,37,631
5414,Gratangen - Rivtták,2022,58,647
5414,Gratangen - Rivtták,2023,79,639
5415,Loabák - Lavangen,2016,6,588
5415,Loabák - Lavangen,2017,7,594
5415,Loabák - Lavangen,2018,10,605
5415,Loabák - Lavangen,2019,11,619
5415,Loabák - Lavangen,2020,13,618
5415,Loabák - Lavangen,2021,17,597
5415,Loabák - Lavangen,2022,29,594
5415,Loabák - Lavangen,2023,36,568
5416,Bardu,2016,10,2244
5416,Bardu,2017,19,2271
5416,Bardu,2018,35,2312
5416,Bardu,2019,50,2374
5416,Bardu,2020,72,2353
5416,Bardu,2021,126,2422
5416,Bardu,2022,191,2392
5416,Bardu,2023,246,2366
5417,Salangen,2016,4,1279
5417,Salangen,2017,8,1288
5417,Salangen,2018,11,1290
5417,Salangen,2019,14,1317
5417,Salangen,2020,19,1266
5417,Salangen,2021,44,1287
5417,Salangen,2022,101,1280
5417,Salangen,2023,133,1263
5418,Målselv,2016,12,4169
5418,Målselv,2017,17,4249
5418,Målselv,2018,36,4300
5418,Målselv,2019,51,4304
5418,Målselv,2020,60,4290
5418,Målselv,2021,127,4428
5418,Målselv,2022,268,4464
5418,Målselv,2023,347,4437
5419,Sørreisa,2016,10,2151
5419,Sørreisa,2017,11,2213
5419,Sørreisa,2018,21,2207
5419,Sørreisa,2019,26,2224
5419,Sørreisa,2020,43,2248
5419,Sørreisa,2021,91,2275
5419,Sørreisa,2022,171,2252
5419,Sørreisa,2023,213,2248
5420,Dyrøy,2016,3,677
5420,Dyrøy,2017,5,688
5420,Dyrøy,2018,7,688
5420,Dyrøy,2019,9,686
5420,Dyrøy,2020,12,689
5420,Dyrøy,2021,14,698
5420,Dyrøy,2022,39,697
5420,Dyrøy,2023,47,691
5421,Senja,2016,29,8452
5421,Senja,2017,38,8646
5421,Senja,2018,73,8735
5421,Senja,2019,114,8834
5421,Senja,2020,162,8781
5421,Senja,2021,298,8950
5421,Senja,2022,626,8959
5421,Senja,2023,778,8901
5422,Balsfjord,2016,37,3492
5422,Balsfjord,2017,46,3519
5422,Balsfjord,2018,68,3546
5422,Balsfjord,2019,91,3609
5422,Balsfjord,2020,108,3590
5422,Balsfjord,2021,158,3698
5422,Balsfjord,2022,282,3649
5422,Balsfjord,2023,342,3619
5423,Karlsøy,2016,6,1241
5423,Karlsøy,2017,16,1263
5423,Karlsøy,2018,25,1266
5423,Karlsøy,2019,31,1282
5423,Karlsøy,2020,33,1238
5423,Karlsøy,2021,52,1258
5423,Karlsøy,2022,90,1247
5423,Karlsøy,2023,106,1248
5424,Lyngen - Ivgu - Yykeä,2016,9,1625
5424,Lyngen - Ivgu - Yykeä,2017,8,1686
5424,Lyngen - Ivgu - Yykeä,2018,13,1718
5424,Lyngen - Ivgu - Yykeä,2019,19,1738
5424,Lyngen - Ivgu - Yykeä,2020,27,1712
5424,Lyngen - Ivgu - Yykeä,2021,40,1733
5424,Lyngen - Ivgu - Yykeä,2022,78,1714
5424,Lyngen - Ivgu - Yykeä,2023,112,1708
5425,Storfjord - Omasvuotna - Omasvuono,2016,3,1177
5425,Storfjord - Omasvuotna - Omasvuono,2017,5,1200
5425,Storfjord - Omasvuotna - Omasvuono,2018,9,1212
5425,Storfjord - Omasvuotna - Omasvuono,2019,11,1227
5425,Storfjord - Omasvuotna - Omasvuono,2020,17,1218
5425,Storfjord - Omasvuotna - Omasvuono,2021,23,1245
5425,Storfjord - Omasvuotna - Omasvuono,2022,47,1242
5425,Storfjord - Omasvuotna - Omasvuono,2023,63,1223
5426,Gáivuotna - Kåfjord - Kaivuono,2016,1,1209
5426,Gáivuotna - Kåfjord - Kaivuono,2017,2,1272
5426,Gáivuotna - Kåfjord - Kaivuono,2018,4,1256
5426,Gáivuotna - Kåfjord - Kaivuono,2019,9,1274
5426,Gáivuotna - Kåfjord - Kaivuono,2020,9,1270
5426,Gáivuotna - Kåfjord - Kaivuono,2021,20,1276
5426,Gáivuotna - Kåfjord - Kaivuono,2022,43,1268
5426,Gáivuotna - Kåfjord - Kaivuono,2023,51,1241
5427,Skjervøy,2016,5,1292
5427,Skjervøy,2017,7,1330
5427,Skjervøy,2018,10,1348
5427,Skjervøy,2019,15,1385
5427,Skjervøy,2020,20,1374
5427,Skjervøy,2021,34,1367
5427,Skjervøy,2022,57,1340
5427,Skjervøy,2023,93,1306
5428,Nordreisa - Ráisa - Raisi,2016,12,2658
5428,Nordreisa - Ráisa - Raisi,2017,21,2719
5428,Nordreisa - Ráisa - Raisi,2018,28,2753
5428,Nordreisa - Ráisa - Raisi,2019,35,2765
5428,Nordreisa - Ráisa - Raisi,2020,46,2790
5428,Nordreisa - Ráisa - Raisi,2021,90,2854
5428,Nordreisa - Ráisa - Raisi,2022,163,2839
5428,Nordreisa - Ráisa - Raisi,2023,236,2814
5429,Kvænangen,2016,0,690
5429,Kvænangen,2017,0,707
5429,Kvænangen,2018,0,708
5429,Kvænangen,2019,2,716
5429,Kvænangen,2020,3,682
5429,Kvænangen,2021,7,701
5429,Kvænangen,2022,19,693
5429,Kvænangen,2023,36,708
5430,Guovdageaidnu - Kautokeino,2016,0,1515
5430,Guovdageaidnu - Kautokeino,2017,2,1558
5430,Guovdageaidnu - Kautokeino,2018,2,1547
5430,Guovdageaidnu - Kautokeino,2019,4,1556
5430,Guovdageaidnu - Kautokeino,2020,8,1530
5430,Guovdageaidnu - Kautokeino,2021,12,1545
5430,Guovdageaidnu - Kautokeino,2022,38,1543
5430,Guovdageaidnu - Kautokeino,2023,54,1578
5432,Loppa,2016,2,381
5432,Loppa,2017,2,398
5432,Loppa,2018,3,393
5432,Loppa,2019,2,392
5432,Loppa,2020,2,372
5432,Loppa,2021,9,400
5432,Loppa,2022,9,408
5432,Loppa,2023,17,414
5433,Hasvik,2016,0,419
5433,Hasvik,2017,0,420
5433,Hasvik,2018,0,433
5433,Hasvik,2019,1,423
5433,Hasvik,2020,2,428
5433,Hasvik,2021,7,441
5433,Hasvik,2022,10,419
5433,Hasvik,2023,12,435
5434,Måsøy,2016,0,477
5434,Måsøy,2017,1,495
5434,Måsøy,2018,1,498
5434,Måsøy,2019,3,492
5434,Måsøy,2020,6,479
5434,Måsøy,2021,10,472
5434,Måsøy,2022,12,447
5434,Måsøy,2023,18,449
5435,Nordkapp,2016,0,1309
5435,Nordkapp,2017,1,1330
5435,Nordkapp,2018,3,1318
5435,Nordkapp,2019,4,1360
5435,Nordkapp,2020,12,1303
5435,Nordkapp,2021,22,1342
5435,Nordkapp,2022,41,1338
5435,Nordkapp,2023,55,1365
5436,Porsanger - Porsángu - Porsanki,2016,5,2273
5436,Porsanger - Porsángu - Porsanki,2017,11,2321
5436,Porsanger - Porsángu - Porsanki,2018,17,2357
5436,Porsanger - Porsángu - Porsanki,2019,25,2396
5436,Porsanger - Porsángu - Porsanki,2020,31,2401
5436,Porsanger - Porsángu - Porsanki,2021,51,2469
5436,Porsanger - Porsángu - Porsanki,2022,80,2478
5436,Porsanger - Porsángu - Porsanki,2023,107,2439
5437,Kárásjohka - Karasjok,2016,2,1368
5437,Kárásjohka - Karasjok,2017,2,1397
5437,Kárásjohka - Karasjok,2018,1,1411
5437,Kárásjohka - Karasjok,2019,3,1431
5437,Kárásjohka - Karasjok,2020,5,1421
5437,Kárásjohka - Karasjok,2021,16,1425
5437,Kárásjohka - Karasjok,2022,49,1407
5437,Kárásjohka - Karasjok,2023,62,1401
5438,Lebesby,2016,0,546
5438,Lebesby,2017,0,561
5438,Lebesby,2018,0,569
5438,Lebesby,2019,1,584
5438,Lebesby,2020,1,572
5438,Lebesby,2021,4,574
5438,Lebesby,2022,14,570
5438,Lebesby,2023,17,555
5439,Gamvik,2016,1,450
5439,Gamvik,2017,1,460
5439,Gamvik,2018,0,496
5439,Gamvik,2019,0,487
5439,Gamvik,2020,0,474
5439,Gamvik,2021,3,474
5439,Gamvik,2022,6,465
5439,Gamvik,2023,6,465
5440,Berlevåg,2016,1,404
5440,Berlevåg,2017,1,398
5440,Berlevåg,2018,1,418
5440,Berlevåg,2019,2,432
5440,Berlevåg,2020,3,427
5440,Berlevåg,2021,5,433
5440,Berlevåg,2022,15,426
5440,Berlevåg,2023,17,416
5441,Deatnu - Tana,2016,5,1687
5441,Deatnu - Tana,2017,6,1749
5441,Deatnu - Tana,2018,11,1758
5441,Deatnu - Tana,2019,20,1813
5441,Deatnu - Tana,2020,27,1776
5441,Deatnu - Tana,2021,54,1809
5441,Deatnu - Tana,2022,95,1764
5441,Deatnu - Tana,2023,115,1748
5442,Unjárga - Nesseby,2016,1,573
5442,Unjárga - Nesseby,2017,2,593
5442,Unjárga - Nesseby,2018,3,601
5442,Unjárga - Nesseby,2019,9,572
5442,Unjárga - Nesseby,2020,12,569
5442,Unjárga - Nesseby,2021,28,574
5442,Unjárga - Nesseby,2022,48,561
5442,Unjárga - Nesseby,2023,63,573
5443,Båtsfjord,2016,6,975
5443,Båtsfjord,2017,9,992
5443,Båtsfjord,2018,9,999
5443,Båtsfjord,2019,11,1011
5443,Båtsfjord,2020,11,1018
5443,Båtsfjord,2021,19,1048
5443,Båtsfjord,2022,30,1060
5443,Båtsfjord,2023,40,1048
5444,Sør-Varanger,2016,14,5476
5444,Sør-Varanger,2017,21,5630
5444,Sør-Varanger,2018,25,5743
5444,Sør-Varanger,2019,38,5844
5444,Sør-Varanger,2020,73,5878
5444,Sør-Varanger,2021,116,5925
5444,Sør-Varanger,2022,261,5922
5444,Sør-Varanger,2023,393,5893
