municipality_code,year,detached,multidwelling,total_dwellings
301,2016,26965,238063,265028
301,2017,27182,239944,267126
301,2018,27319,240734,268053
301,2019,27453,244030,271483
301,2020,27184,248276,275460
301,2021,27210,247657,274867
301,2022,27586,249701,277287
301,2023,27845,251327,279172
1101,2016,4860,270,5130
1101,2017,4904,283,5187
1101,2018,4927,290,5217
1101,2019,4938,290,5228
1101,2020,4974,307,5281
1101,2021,5005,307,5312
1101,2022,5024,314,5338
1101,2023,5050,320,5370
1103,2016,23581,16829,40410
1103,2017,23620,17090,40710
1103,2018,23615,17097,40712
1103,2019,23713,17330,41043
1103,2020,23828,17654,41482
1103,2021,23919,17827,41746
1103,2022,23972,18182,42154
1103,2023,24023,18661,42684
1106,2016,7916,3444,11360
1106,2017,7961,3511,11472
1106,2018,7992,3599,11591
1106,2019,8033,3673,11706
1106,2020,8049,3777,11826
1106,2021,8076,3905,11981
1106,2022,8082,3983,12065
1106,2023,8092,4096,12188
1108,2016,16372,5978,22350
1108,2017,16455,6108,22563
1108,2018,16551,6238,22789
1108,2019,16664,6349,23013
1108,2020,16698,6494,23192
1108,2021,16786,6629,23415
1108,2022,16921,6838,23759
1108,2023,17033,7135,24168
1111,2016,1624,40,1664
1111,2017,1627,40,1667
1111,2018,1634,40,1674
1111,2019,1628,40,1668
1111,2020,1626,40,1666
1111,2021,1633,40,1673
1111,2022,1640,41,1681
1111,2023,1645,41,1686
1112,2016,1289,16,1305
1112,2017,1284,33,1317
1112,2018,1281,37,1318
1112,2019,1282,28,1310
1112,2020,1276,28,1304
1112,2021,1289,28,1317
1112,2022,1291,28,1319
1112,2023,1303,28,1331
1114,2016,1045,42,1087
1114,2017,1054,42,1096
1114,2018,1060,54,1114
1114,2019,1065,54,1119
1114,2020,1070,54,1124
1114,2021,1076,54,1130
1114,2022,1078,54,1132
1114,2023,1082,60,1142
1119,2016,5281,939,6220
1119,2017,5321,965,6286
1119,2018,5359,1032,6391
1119,2019,5379,1017,6396
1119,2020,5394,1036,6430
1119,2021,5413,1054,6467
1119,2022,5422,1085,6507
1119,2023,5449,1146,6595
1120,2016,4953,1006,5959
1120,2017,4977,1060,6037
1120,2018,5001,1111,6112
1120,2019,5033,1177,6210
1120,2020,5058,1224,6282
1120,2021,5097,1236,6333
1120,2022,5127,1244,6371
1120,2023,5150,1342,6492
1121,2016,4571,1335,5906
1121,2017,4591,1373,5964
1121,2018,4628,1419,6047
1121,2019,4663,1450,6113
1121,2020,4695,1485,6180
1121,2021,4698,1491,6189
1121,2022,4727,1498,6225
1121,2023,4766,1578,6344
1122,2016,3264,467,3731
1122,2017,3286,467,3753
1122,2018,3301,505,3806
1122,2019,3322,505,3827
1122,2020,3339,512,3851
1122,2021,3355,512,3867
1122,2022,3372,512,3884
1122,2023,3381,512,3893
1124,2016,6878,1826,8704
1124,2017,6920,1908,8828
1124,2018,6939,2004,8943
1124,2019,6967,2128,9095
1124,2020,6991,2201,9192
1124,2021,7008,2275,9283
1124,2022,7052,2302,9354
1124,2023,7104,2421,9525
1127,2016,2915,669,3584
1127,2017,2918,681,3599
1127,2018,2910,699,3609
1127,2019,2918,756,3674
1127,2020,2922,852,3774
1127,2021,2929,907,3836
1127,2022,2936,946,3882
1127,2023,2945,946,3891
1130,2016,4148,214,4362
1130,2017,4168,233,4401
1130,2018,4193,274,4467
1130,2019,4217,274,4491
1130,2020,4286,300,4586
1130,2021,4313,335,4648
1130,2022,4339,343,4682
1130,2023,4348,392,4740
1133,2016,1234,5,1239
1133,2017,1237,5,1242
1133,2018,1251,5,1256
1133,2019,1264,5,1269
1133,2020,1241,5,1246
1133,2021,1273,12,1285
1133,2022,1289,12,1301
1133,2023,1313,12,1325
1134,2016,1874,58,1932
1134,2017,1885,58,1943
1134,2018,1888,58,1946
1134,2019,1895,66,1961
1134,2020,1902,66,1968
1134,2021,1913,66,1979
1134,2022,1917,66,1983
1134,2023,1923,66,1989
1135,2016,1800,54,1854
1135,2017,1801,54,1855
1135,2018,1801,62,1863
1135,2019,1805,62,1867
1135,2020,1809,62,1871
1135,2021,1814,62,1876
1135,2022,1815,68,1883
1135,2023,1814,68,1882
1144,2016,245,0,245
1144,2017,247,0,247
1144,2018,248,0,248
1144,2019,249,0,249
1144,2020,251,0,251
1144,2021,252,0,252
1144,2022,254,0,254
1144,2023,228,0,228
1145,2016,357,0,357
1145,2017,359,0,359
1145,2018,360,4,364
1145,2019,361,4,365
1145,2020,368,4,372
1145,2021,377,4,381
1145,2022,384,4,388
1145,2023,385,4,389
1146,2016,3899,141,4040
1146,2017,3941,141,4082
1146,2018,3966,160,4126
1146,2019,3983,176,4159
1146,2020,4006,184,4190
1146,2021,4035,185,4220
1146,2022,4061,184,4245
1146,2023,4099,187,4286
1149,2016,14696,878,15574
1149,2017,14766,903,15669
1149,2018,14819,912,15731
1149,2019,14885,905,15790
1149,2020,14967,906,15873
1149,2021,15011,913,15924
1149,2022,15070,958,16028
1149,2023,15117,1019,16136
1151,2016,92,0,92
1151,2017,98,0,98
1151,2018,99,0,99
1151,2019,98,0,98
1151,2020,97,0,97
1151,2021,98,0,98
1151,2022,98,0,98
1151,2023,99,0,99
1160,2016,3704,30,3734
1160,2017,3747,30,3777
1160,2018,3776,37,3813
1160,2019,3804,43,3847
1160,2020,3808,43,3851
1160,2021,3826,43,3869
1160,2022,3850,48,3898
1160,2023,3876,54,3930
1505,2016,4694,1571,6265
1505,2017,4715,1588,6303
1505,2018,4728,1588,6316
1505,2019,4753,1661,6414
1505,2020,4760,1616,6376
1505,2021,4772,1615,6387
1505,2022,4784,1626,6410
1505,2023,4825,1659,6484
1506,2016,7710,2612,10322
1506,2017,7741,2660,10401
1506,2018,7760,2682,10442
1506,2019,7801,2819,10620
1506,2020,7815,2858,10673
1506,2021,7835,2942,10777
1506,2022,7864,2956,10820
1506,2023,7909,2975,10884
1507,2016,12143,5857,18000
1507,2017,12215,5946,18161
1507,2018,12294,6017,18311
1507,2019,12358,6101,18459
1507,2020,15823,6482,22305
1507,2021,15886,6671,22557
1507,2022,15935,6775,22710
1507,2023,16005,6969,22974
1511,2016,1705,4,1709
1511,2017,1708,4,1712
1511,2018,1716,4,1720
1511,2019,1720,4,1724
1511,2020,1725,4,1729
1511,2021,1710,4,1714
1511,2022,1709,4,1713
1511,2023,1710,4,1714
1514,2016,1173,15,1188
1514,2017,1175,27,1202
1514,2018,1170,27,1197
1514,2019,1169,27,1196
1514,2020,1160,27,1187
1514,2021,1153,27,1180
1514,2022,1150,27,1177
1514,2023,1143,27,1170
1515,2016,3253,55,3308
1515,2017,3269,83,3352
1515,2018,3277,80,3357
1515,2019,3270,87,3357
1515,2020,3289,108,3397
1515,2021,3298,108,3406
1515,2022,3310,116,3426
1515,2023,3315,117,3432
1516,2016,2409,253,2662
1516,2017,2429,253,2682
1516,2018,2440,253,2693
1516,2019,2460,280,2740
1516,2020,2477,280,2757
1516,2021,2499,343,2842
1516,2022,2509,343,2852
1516,2023,2517,343,2860
1517,2016,1738,115,1853
1517,2017,1741,120,1861
1517,2018,1744,120,1864
1517,2019,1747,125,1872
1517,2020,1752,125,1877
1517,2021,1757,125,1882
1517,2022,1760,125,1885
1517,2023,1766,125,1891
1520,2016,3429,131,3560
1520,2017,3443,147,3590
1520,2018,3462,174,3636
1520,2019,3462,174,3636
1520,2020,3381,180,3561
1520,2021,3396,186,3582
1520,2022,3412,194,3606
1520,2023,3416,204,3620
1525,2016,1758,97,1855
1525,2017,1756,108,1864
1525,2018,1761,108,1869
1525,2019,1772,109,1881
1525,2020,1780,109,1889
1525,2021,1782,117,1899
1525,2022,1784,117,1901
1525,2023,1790,166,1956
1528,2016,2641,129,2770
1528,2017,2648,129,2777
1528,2018,2654,129,2783
1528,2019,2654,136,2790
1528,2020,2659,136,2795
1528,2021,2670,136,2806
1528,2022,2676,142,2818
1528,2023,2688,142,2830
1531,2016,2417,133,2550
1531,2017,2437,151,2588
1531,2018,2460,165,2625
1531,2019,2474,177,2651
1531,2020,2650,193,2843
1531,2021,2627,194,2821
1531,2022,2634,202,2836
1531,2023,2652,202,2854
1532,2016,2382,60,2442
1532,2017,2399,65,2464
1532,2018,2419,87,2506
1532,2019,2440,87,2527
1532,2020,2459,107,2566
1532,2021,2472,107,2579
1532,2022,2496,107,2603
1532,2023,2504,107,2611
1535,2016,2584,259,2843
1535,2017,2587,259,2846
1535,2018,2603,259,2862
1535,2019,2611,259,2870
1535,2020,2621,260,2881
1535,2021,2813,260,3073
1535,2022,2818,260,3078
1535,2023,2824,260,3084
1539,2016,2586,107,2693
1539,2017,2586,119,2705
1539,2018,2586,134,2720
1539,2019,2601,134,2735
1539,2020,2605,134,2739
1539,2021,2435,143,2578
1539,2022,2437,144,2581
1539,2023,2444,131,2575
1547,2016,1230,0,1230
1547,2017,1240,0,1240
1547,2018,1253,0,1253
1547,2019,1257,0,1257
1547,2020,1277,0,1277
1547,2021,1287,0,1287
1547,2022,1294,0,1294
1547,2023,1303,0,1303
1554,2016,2399,57,2456
1554,2017,2416,57,2473
1554,2018,2435,57,2492
1554,2019,2452,57,2509
1554,2020,2460,57,2517
1554,2021,2452,57,2509
1554,2022,2441,58,2499
1554,2023,2447,58,2505
1557,2016,1073,16,1089
1557,2017,1068,16,1084
1557,2018,1078,16,1094
1557,2019,1074,16,1090
1557,2020,1081,16,1097
1557,2021,1086,16,1102
1557,2022,1092,16,1108
1557,2023,1091,16,1107
1560,2016,1292,12,1304
1560,2017,1306,12,1318
1560,2018,1318,12,1330
1560,2019,1325,12,1337
1560,2020,1328,12,1340
1560,2021,1333,12,1345
1560,2022,1342,12,1354
1560,2023,1347,12,1359
1563,2016,2015,606,2621
1563,2017,2018,606,2624
1563,2018,2022,606,2628
1563,2019,2031,606,2637
1563,2020,2038,606,2644
1563,2021,2041,606,2647
1563,2022,2037,614,2651
1563,2023,2029,612,2641
1566,2016,2325,103,2428
1566,2017,2335,107,2442
1566,2018,2308,136,2444
1566,2019,2317,138,2455
1566,2020,2318,142,2460
1566,2021,2331,143,2474
1566,2022,2335,157,2492
1566,2023,2350,157,2507
1573,2016,1024,11,1035
1573,2017,1024,11,1035
1573,2018,1025,11,1036
1573,2019,1040,11,1051
1573,2020,1051,11,1062
1573,2021,1063,11,1074
1573,2022,1060,23,1083
1573,2023,1066,11,1077
1576,2016,4890,172,5062
1576,2017,4907,197,5104
1576,2018,4955,209,5164
1576,2019,4980,227,5207
1576,2020,1591,23,1614
1576,2021,1596,30,1626
1576,2022,1606,30,1636
1576,2023,1619,30,1649
1577,2016,3415,211,3626
1577,2017,3424,206,3630
1577,2018,3422,237,3659
1577,2019,3428,238,3666
1577,2020,3527,253,3780
1577,2021,3547,253,3800
1577,2022,3559,263,3822
1577,2023,3569,263,3832
1578,2016,1086,30,1116
1578,2017,1092,38,1130
1578,2018,1096,38,1134
1578,2019,1101,38,1139
1578,2020,1100,38,1138
1578,2021,1093,38,1131
1578,2022,1099,38,1137
1578,2023,1102,38,1140
1579,2016,4903,36,4939
1579,2017,4940,44,4984
1579,2018,4961,44,5005
1579,2019,4984,44,5028
1579,2020,5008,44,5052
1579,2021,5030,44,5074
1579,2022,5048,59,5107
1579,2023,5063,59,5122
1804,2016,9662,6180,15842
1804,2017,9704,6305,16009
1804,2018,9771,6498,16269
1804,2019,9843,6721,16564
1804,2020,9890,7019,16909
1804,2021,9933,7171,17104
1804,2022,9986,7236,17222
1804,2023,10059,7396,17455
1806,2016,NA,NA,NA
1806,2017,NA,NA,NA
1806,2018,NA,NA,NA
1806,2019,NA,NA,NA
1806,2020,6210,1761,7971
1806,2021,6192,1774,7966
1806,2022,6187,1788,7975
1806,2023,6076,1798,7874
1811,2016,808,0,808
1811,2017,804,0,804
1811,2018,783,0,783
1811,2019,781,4,785
1811,2020,780,4,784
1811,2021,783,4,787
1811,2022,780,4,784
1811,2023,780,4,784
1812,2016,844,0,844
1812,2017,850,0,850
1812,2018,869,0,869
1812,2019,867,0,867
1812,2020,869,0,869
1812,2021,879,0,879
1812,2022,877,0,877
1812,2023,885,0,885
1813,2016,2748,119,2867
1813,2017,2767,147,2914
1813,2018,2783,188,2971
1813,2019,2786,188,2974
1813,2020,2790,188,2978
1813,2021,2794,192,2986
1813,2022,2796,211,3007
1813,2023,2800,211,3011
1815,2016,603,2,605
1815,2017,610,2,612
1815,2018,621,2,623
1815,2019,628,2,630
1815,2020,634,2,636
1815,2021,645,2,647
1815,2022,645,2,647
1815,2023,653,2,655
1816,2016,263,3,266
1816,2017,264,3,267
1816,2018,265,3,268
1816,2019,266,3,269
1816,2020,266,3,269
1816,2021,263,3,266
1816,2022,267,3,270
1816,2023,266,3,269
1818,2016,723,52,775
1818,2017,735,44,779
1818,2018,737,44,781
1818,2019,736,42,778
1818,2020,741,44,785
1818,2021,740,42,782
1818,2022,742,42,784
1818,2023,751,42,793
1820,2016,2414,19,2433
1820,2017,2426,19,2445
1820,2018,2435,19,2454
1820,2019,2445,19,2464
1820,2020,2437,19,2456
1820,2021,2441,19,2460
1820,2022,2446,34,2480
1820,2023,2453,34,2487
1822,2016,991,20,1011
1822,2017,999,20,1019
1822,2018,1012,26,1038
1822,2019,1015,32,1047
1822,2020,1018,32,1050
1822,2021,1022,32,1054
1822,2022,1029,32,1061
1822,2023,1039,32,1071
1824,2016,4153,677,4830
1824,2017,4097,701,4798
1824,2018,4116,701,4817
1824,2019,4131,753,4884
1824,2020,4133,768,4901
1824,2021,4133,782,4915
1824,2022,4123,796,4919
1824,2023,4129,796,4925
1825,2016,687,13,700
1825,2017,686,13,699
1825,2018,685,15,700
1825,2019,686,15,701
1825,2020,682,15,697
1825,2021,684,30,714
1825,2022,682,30,712
1825,2023,682,30,712
1826,2016,610,0,610
1826,2017,609,0,609
1826,2018,619,0,619
1826,2019,653,0,653
1826,2020,655,0,655
1826,2021,647,0,647
1826,2022,647,0,647
1826,2023,648,0,648
1827,2016,914,1,915
1827,2017,918,1,919
1827,2018,901,0,901
1827,2019,900,0,900
1827,2020,901,0,901
1827,2021,903,8,911
1827,2022,904,8,912
1827,2023,902,8,910
1828,2016,754,264,1018
1828,2017,758,265,1023
1828,2018,758,265,1023
1828,2019,750,265,1015
1828,2020,745,265,1010
1828,2021,739,265,1004
1828,2022,737,265,1002
1828,2023,733,266,999
1832,2016,1890,32,1922
1832,2017,1893,45,1938
1832,2018,1896,46,1942
1832,2019,1880,50,1930
1832,2020,1878,46,1924
1832,2021,1885,45,1930
1832,2022,1892,55,1947
1832,2023,1900,60,1960
1833,2016,6882,1890,8772
1833,2017,6882,1970,8852
1833,2018,6893,2149,9042
1833,2019,6904,2156,9060
1833,2020,6904,2169,9073
1833,2021,6900,2185,9085
1833,2022,6902,2226,9128
1833,2023,6885,2243,9128
1834,2016,856,0,856
1834,2017,862,0,862
1834,2018,868,0,868
1834,2019,865,0,865
1834,2020,861,0,861
1834,2021,859,0,859
1834,2022,856,0,856
1834,2023,857,0,857
1835,2016,210,0,210
1835,2017,209,0,209
1835,2018,209,0,209
1835,2019,209,0,209
1835,2020,209,0,209
1835,2021,209,0,209
1835,2022,211,0,211
1835,2023,209,0,209
1836,2016,676,0,676
1836,2017,681,0,681
1836,2018,681,0,681
1836,2019,671,0,671
1836,2020,664,0,664
1836,2021,659,0,659
1836,2022,649,0,649
1836,2023,648,0,648
1837,2016,2494,157,2651
1837,2017,2497,157,2654
1837,2018,2500,157,2657
1837,2019,2514,157,2671
1837,2020,2517,172,2689
1837,2021,2520,172,2692
1837,2022,2527,172,2699
1837,2023,2534,172,2706
1838,2016,961,14,975
1838,2017,974,14,988
1838,2018,982,14,996
1838,2019,996,22,1018
1838,2020,1001,26,1027
1838,2021,957,30,987
1838,2022,954,30,984
1838,2023,963,30,993
1839,2016,599,0,599
1839,2017,605,0,605
1839,2018,612,9,621
1839,2019,624,9,633
1839,2020,621,9,630
1839,2021,620,9,629
1839,2022,621,9,630
1839,2023,625,9,634
1840,2016,1913,56,1969
1840,2017,1912,60,1972
1840,2018,1925,64,1989
1840,2019,1933,111,2044
1840,2020,1943,110,2053
1840,2021,1940,116,2056
1840,2022,1943,116,2059
1840,2023,1942,117,2059
1841,2016,3221,219,3440
1841,2017,3248,240,3488
1841,2018,3262,253,3515
1841,2019,3275,277,3552
1841,2020,3283,322,3605
1841,2021,3294,340,3634
1841,2022,3304,340,3644
1841,2023,3314,347,3661
1845,2016,977,0,977
1845,2017,977,0,977
1845,2018,991,0,991
1845,2019,990,0,990
1845,2020,982,0,982
1845,2021,984,0,984
1845,2022,985,0,985
1845,2023,985,2,987
1848,2016,1257,13,1270
1848,2017,1266,17,1283
1848,2018,1307,17,1324
1848,2019,1316,17,1333
1848,2020,1323,41,1364
1848,2021,1333,41,1374
1848,2022,1338,36,1374
1848,2023,1345,36,1381
1851,2016,998,48,1046
1851,2017,1000,48,1048
1851,2018,1006,52,1058
1851,2019,994,52,1046
1851,2020,995,52,1047
1851,2021,994,52,1046
1851,2022,981,52,1033
1851,2023,978,52,1030
1853,2016,643,11,654
1853,2017,649,11,660
1853,2018,651,11,662
1853,2019,646,21,667
1853,2020,648,21,669
1853,2021,649,21,670
1853,2022,652,21,673
1853,2023,657,33,690
1856,2016,271,3,274
1856,2017,270,3,273
1856,2018,277,3,280
1856,2019,277,3,280
1856,2020,278,3,281
1856,2021,280,3,283
1856,2022,282,3,285
1856,2023,282,3,285
1857,2016,316,0,316
1857,2017,315,0,315
1857,2018,318,0,318
1857,2019,315,0,315
1857,2020,319,0,319
1857,2021,317,0,317
1857,2022,317,0,317
1857,2023,317,0,317
1859,2016,621,0,621
1859,2017,627,0,627
1859,2018,629,4,633
1859,2019,632,4,636
1859,2020,631,4,635
1859,2021,636,4,640
1859,2022,638,4,642
1859,2023,641,4,645
1860,2016,4505,101,4606
1860,2017,4528,115,4643
1860,2018,4556,124,4680
1860,2019,4576,123,4699
1860,2020,4611,123,4734
1860,2021,4621,123,4744
1860,2022,4645,131,4776
1860,2023,4686,131,4817
1865,2016,3286,626,3912
1865,2017,3299,649,3948
1865,2018,3320,683,4003
1865,2019,3336,696,4032
1865,2020,3346,782,4128
1865,2021,3360,824,4184
1865,2022,3361,836,4197
1865,2023,3373,839,4212
1866,2016,3467,200,3667
1866,2017,3480,198,3678
1866,2018,3476,206,3682
1866,2019,3482,206,3688
1866,2020,3489,231,3720
1866,2021,3467,231,3698
1866,2022,3461,243,3704
1866,2023,3459,243,3702
1867,2016,1314,47,1361
1867,2017,1313,47,1360
1867,2018,1315,47,1362
1867,2019,1312,47,1359
1867,2020,1316,47,1363
1867,2021,1304,55,1359
1867,2022,1309,59,1368
1867,2023,1317,69,1386
1868,2016,1888,7,1895
1868,2017,1894,32,1926
1868,2018,1899,38,1937
1868,2019,1904,38,1942
1868,2020,1909,71,1980
1868,2021,1907,71,1978
1868,2022,1900,71,1971
1868,2023,1906,89,1995
1870,2016,3716,432,4148
1870,2017,3724,460,4184
1870,2018,3726,485,4211
1870,2019,3746,525,4271
1870,2020,3755,529,4284
1870,2021,3662,531,4193
1870,2022,3593,553,4146
1870,2023,3570,583,4153
1871,2016,2431,6,2437
1871,2017,2431,6,2437
1871,2018,2434,16,2450
1871,2019,2438,16,2454
1871,2020,2438,21,2459
1871,2021,2425,21,2446
1871,2022,2424,21,2445
1871,2023,2416,21,2437
1874,2016,596,3,599
1874,2017,596,1,597
1874,2018,602,1,603
1874,2019,603,1,604
1874,2020,605,1,606
1874,2021,609,1,610
1874,2022,608,1,609
1874,2023,608,1,609
1875,2016,NA,NA,NA
1875,2017,NA,NA,NA
1875,2018,NA,NA,NA
1875,2019,NA,NA,NA
1875,2020,1441,29,1470
1875,2021,1443,29,1472
1875,2022,1437,29,1466
1875,2023,1439,29,1468
3101,2016,7750,2209,9959
3101,2017,7808,2221,10029
3101,2018,7864,2247,10111
3101,2019,7917,2249,10166
3101,2020,7981,2254,10235
3101,2021,8010,2283,10293
3101,2022,8041,2328,10369
3101,2023,8085,2341,10426
3103,2016,8910,5834,14744
3103,2017,8953,5915,14868
3103,2018,9007,6252,15259
3103,2019,9017,6511,15528
3103,2020,8997,7228,16225
3103,2021,9000,7323,16323
3103,2022,9012,7658,16670
3103,2023,9039,7987,17026
3105,2016,12915,4050,16965
3105,2017,12982,4141,17123
3105,2018,13028,4222,17250
3105,2019,13070,4417,17487
3105,2020,13137,4618,17755
3105,2021,13172,4753,17925
3105,2022,13194,4860,18054
3105,2023,13244,5028,18272
3107,2016,18531,5379,23910
3107,2017,18633,5539,24172
3107,2018,18700,5897,24597
3107,2019,18755,5998,24753
3107,2020,18829,6305,25134
3107,2021,18896,6915,25811
3107,2022,18933,7259,26192
3107,2023,18971,7366,26337
3110,2016,1863,56,1919
3110,2017,1888,66,1954
3110,2018,1923,66,1989
3110,2019,1941,66,2007
3110,2020,1969,85,2054
3110,2021,1997,98,2095
3110,2022,2017,103,2120
3110,2023,2034,112,2146
3112,2016,2391,185,2576
3112,2017,2406,194,2600
3112,2018,2413,194,2607
3112,2019,2418,194,2612
3112,2020,2428,194,2622
3112,2021,2441,227,2668
3112,2022,2455,227,2682
3112,2023,2467,227,2694
3114,2016,1656,25,1681
3114,2017,1685,31,1716
3114,2018,1728,31,1759
3114,2019,1759,31,1790
3114,2020,1777,31,1808
3114,2021,1793,31,1824
3114,2022,1813,31,1844
3114,2023,1838,41,1879
3116,2016,1199,43,1242
3116,2017,1213,55,1268
3116,2018,1224,55,1279
3116,2019,1232,55,1287
3116,2020,1239,55,1294
3116,2021,1254,55,1309
3116,2022,1260,62,1322
3116,2023,1258,101,1359
3118,2016,12020,2331,14351
3118,2017,12116,2398,14514
3118,2018,12251,2512,14763
3118,2019,12333,2652,14985
3118,2020,12383,2745,15128
3118,2021,12441,2868,15309
3118,2022,12495,2886,15381
3118,2023,12553,2977,15530
3120,2016,2779,174,2953
3120,2017,2801,174,2975
3120,2018,2812,190,3002
3120,2019,2824,200,3024
3120,2020,2843,200,3043
3120,2021,2868,223,3091
3120,2022,2878,237,3115
3120,2023,2897,239,3136
3122,2016,1372,75,1447
3122,2017,1381,75,1456
3122,2018,1391,75,1466
3122,2019,1402,75,1477
3122,2020,1410,75,1485
3122,2021,1425,75,1500
3122,2022,1435,75,1510
3122,2023,1446,75,1521
3124,2016,651,5,656
3124,2017,652,5,657
3124,2018,648,5,653
3124,2019,647,5,652
3124,2020,651,5,656
3124,2021,649,5,654
3124,2022,650,5,655
3124,2023,652,5,657
3201,2016,15495,17047,32542
3201,2017,15588,17514,33102
3201,2018,15650,18344,33994
3201,2019,15708,18803,34511
3201,2020,15715,19178,34893
3201,2021,15771,19704,35475
3201,2022,15837,20092,35929
3201,2023,15896,20210,36106
3203,2016,20562,6288,26850
3203,2017,20735,6392,27127
3203,2018,20907,6710,27617
3203,2019,21058,6911,27969
3203,2020,21186,7031,28217
3203,2021,21283,7496,28779
3203,2022,21411,7906,29317
3203,2023,21515,8325,29840
3205,2016,14135,7561,21696
3205,2017,14215,7654,21869
3205,2018,14270,8131,22401
3205,2019,14332,8560,22892
3205,2020,14136,8709,22845
3205,2021,14195,9265,23460
3205,2022,14282,10263,24545
3205,2023,14328,11051,25379
3207,2016,9537,5379,14916
3207,2017,9564,5711,15275
3207,2018,9594,5808,15402
3207,2019,9634,5955,15589
3207,2020,9731,6217,15948
3207,2021,9711,6474,16185
3207,2022,9728,6905,16633
3207,2023,9750,7540,17290
3209,2016,6788,3586,10374
3209,2017,6814,3895,10709
3209,2018,6841,4311,11152
3209,2019,6884,5031,11915
3209,2020,6928,5288,12216
3209,2021,6968,5423,12391
3209,2022,7004,5880,12884
3209,2023,7041,6266,13307
3212,2016,4617,410,5027
3212,2017,4661,494,5155
3212,2018,4715,571,5286
3212,2019,4777,593,5370
3212,2020,4809,639,5448
3212,2021,4860,746,5606
3212,2022,4899,776,5675
3212,2023,4960,828,5788
3214,2016,4089,1194,5283
3214,2017,4132,1194,5326
3214,2018,4173,1195,5368
3214,2019,4215,1239,5454
3214,2020,4247,1283,5530
3214,2021,4278,1349,5627
3214,2022,4323,1366,5689
3214,2023,4353,1394,5747
3216,2016,3968,863,4831
3216,2017,4041,907,4948
3216,2018,4120,923,5043
3216,2019,4204,961,5165
3216,2020,4252,1011,5263
3216,2021,4317,1048,5365
3216,2022,4382,1048,5430
3216,2023,4500,1185,5685
3218,2016,4253,1858,6111
3218,2017,4310,1879,6189
3218,2018,4374,1360,5734
3218,2019,4440,1452,5892
3218,2020,4437,1481,5918
3218,2021,4477,1485,5962
3218,2022,4514,1600,6114
3218,2023,4562,1745,6307
3220,2016,3103,145,3248
3220,2017,3104,145,3249
3220,2018,3109,145,3254
3220,2019,3119,173,3292
3220,2020,3130,185,3315
3220,2021,3136,191,3327
3220,2022,3147,195,3342
3220,2023,3184,233,3417
3222,2016,5012,5358,10370
3222,2017,5019,5349,10368
3222,2018,5064,5915,10979
3222,2019,5089,6574,11663
3222,2020,5113,6832,11945
3222,2021,5138,7617,12755
3222,2022,5155,8439,13594
3222,2023,5193,8669,13862
3224,2016,2987,2322,5309
3224,2017,3027,2322,5349
3224,2018,3058,2336,5394
3224,2019,3085,2378,5463
3224,2020,3128,2471,5599
3224,2021,3178,2472,5650
3224,2022,3236,2473,5709
3224,2023,3262,2683,5945
3226,2016,5926,590,6516
3226,2017,5952,684,6636
3226,2018,5986,728,6714
3226,2019,6026,770,6796
3226,2020,6058,866,6924
3226,2021,6088,914,7002
3226,2022,6122,931,7053
3226,2023,6135,941,7076
3228,2016,6736,721,7457
3228,2017,6834,808,7642
3228,2018,6868,832,7700
3228,2019,6915,972,7887
3228,2020,7195,1022,8217
3228,2021,7239,1129,8368
3228,2022,7269,1221,8490
3228,2023,7313,1257,8570
3230,2016,1731,130,1861
3230,2017,1749,148,1897
3230,2018,1780,148,1928
3230,2019,1793,148,1941
3230,2020,1797,181,1978
3230,2021,1803,275,2078
3230,2022,1806,366,2172
3230,2023,1807,462,2269
3232,2016,4882,1398,6280
3232,2017,4926,1408,6334
3232,2018,4967,1554,6521
3232,2019,4986,1654,6640
3232,2020,5007,1654,6661
3232,2021,5035,1756,6791
3232,2022,5060,1898,6958
3232,2023,5088,2032,7120
3234,2016,3153,63,3216
3234,2017,3166,79,3245
3234,2018,3175,117,3292
3234,2019,3168,117,3285
3234,2020,3170,117,3287
3234,2021,3180,117,3297
3234,2022,3189,153,3342
3234,2023,3192,169,3361
3236,2016,2290,189,2479
3236,2017,2302,212,2514
3236,2018,2332,218,2550
3236,2019,2338,232,2570
3236,2020,2355,242,2597
3236,2021,2362,255,2617
3236,2022,2360,286,2646
3236,2023,2348,293,2641
3238,2016,3660,259,3919
3238,2017,3708,289,3997
3238,2018,3764,338,4102
3238,2019,3792,506,4298
3238,2020,3806,580,4386
3238,2021,3826,754,4580
3238,2022,3829,838,4667
3238,2023,3850,862,4712
3240,2016,7038,1112,8150
3240,2017,7092,1228,8320
3240,2018,7123,1289,8412
3240,2019,7151,1428,8579
3240,2020,7195,1545,8740
3240,2021,7209,1734,8943
3240,2022,7245,1920,9165
3240,2023,7280,2113,9393
3242,2016,1151,36,1187
3242,2017,1157,36,1193
3242,2018,1164,36,1200
3242,2019,1168,36,1204
3242,2020,1165,36,1201
3242,2021,1173,56,1229
3242,2022,1175,67,1242
3242,2023,1188,78,1266
3301,2016,17189,12803,29992
3301,2017,17273,13056,30329
3301,2018,17350,13325,30675
3301,2019,17448,13787,31235
3301,2020,17515,13959,31474
3301,2021,17637,14130,31767
3301,2022,17717,14343,32060
3301,2023,17858,14645,32503
3303,2016,7333,1845,9178
3303,2017,7376,1843,9219
3303,2018,7399,1880,9279
3303,2019,7431,1904,9335
3303,2020,7462,1922,9384
3303,2021,7492,2028,9520
3303,2022,7522,2108,9630
3303,2023,7553,2210,9763
3305,2016,9028,1944,10972
3305,2017,9064,2033,11097
3305,2018,9125,2098,11223
3305,2019,9196,2157,11353
3305,2020,9212,2251,11463
3305,2021,9245,2401,11646
3305,2022,9276,2505,11781
3305,2023,9310,2591,11901
3310,2016,2121,155,2276
3310,2017,2131,184,2315
3310,2018,2161,202,2363
3310,2019,2176,202,2378
3310,2020,2176,202,2378
3310,2021,2189,202,2391
3310,2022,2204,200,2404
3310,2023,2211,200,2411
3312,2016,5821,1835,7656
3312,2017,5849,1879,7728
3312,2018,5920,1879,7799
3312,2019,5982,2006,7988
3312,2020,6019,2120,8139
3312,2021,6055,2171,8226
3312,2022,6099,2254,8353
3312,2023,6125,2325,8450
3314,2016,5753,730,6483
3314,2017,5789,835,6624
3314,2018,5821,897,6718
3314,2019,5831,941,6772
3314,2020,5884,1028,6912
3314,2021,5935,1065,7000
3314,2022,5992,1088,7080
3314,2023,6022,1229,7251
3316,2016,4858,344,5202
3316,2017,4878,367,5245
3316,2018,4923,371,5294
3316,2019,4968,380,5348
3316,2020,5008,383,5391
3316,2021,5039,410,5449
3316,2022,5073,423,5496
3316,2023,5093,442,5535
3318,2016,1061,18,1079
3318,2017,1054,18,1072
3318,2018,1061,18,1079
3318,2019,1061,6,1067
3318,2020,1060,6,1066
3318,2021,1064,6,1070
3318,2022,1069,6,1075
3318,2023,1085,6,1091
3320,2016,592,34,626
3320,2017,600,34,634
3320,2018,602,34,636
3320,2019,600,34,634
3320,2020,602,34,636
3320,2021,601,50,651
3320,2022,599,50,649
3320,2023,609,50,659
3322,2016,1510,42,1552
3322,2017,1512,42,1554
3322,2018,1502,54,1556
3322,2019,1510,54,1564
3322,2020,1505,54,1559
3322,2021,1516,55,1571
3322,2022,1515,54,1569
3322,2023,1528,54,1582
3324,2016,1858,76,1934
3324,2017,1855,76,1931
3324,2018,1862,140,2002
3324,2019,1858,155,2013
3324,2020,1872,163,2035
3324,2021,1870,165,2035
3324,2022,1873,188,2061
3324,2023,1884,219,2103
3326,2016,977,30,1007
3326,2017,979,36,1015
3326,2018,984,36,1020
3326,2019,1001,43,1044
3326,2020,1008,47,1055
3326,2021,1022,51,1073
3326,2022,1033,51,1084
3326,2023,1042,55,1097
3328,2016,2073,67,2140
3328,2017,2076,45,2121
3328,2018,2088,53,2141
3328,2019,2090,52,2142
3328,2020,2091,52,2143
3328,2021,2099,52,2151
3328,2022,2102,52,2154
3328,2023,2117,68,2185
3330,2016,2069,34,2103
3330,2017,2082,44,2126
3330,2018,2085,44,2129
3330,2019,2086,49,2135
3330,2020,2093,49,2142
3330,2021,2096,51,2147
3330,2022,2114,80,2194
3330,2023,2114,80,2194
3332,2016,1812,11,1823
3332,2017,1810,11,1821
3332,2018,1809,11,1820
3332,2019,1819,11,1830
3332,2020,1820,11,1831
3332,2021,1828,14,1842
3332,2022,1838,13,1851
3332,2023,1841,13,1854
3334,2016,1104,22,1126
3334,2017,1107,34,1141
3334,2018,1112,34,1146
3334,2019,1124,34,1158
3334,2020,1130,34,1164
3334,2021,1139,34,1173
3334,2022,1147,34,1181
3334,2023,1157,34,1191
3336,2016,706,0,706
3336,2017,708,4,712
3336,2018,717,12,729
3336,2019,721,16,737
3336,2020,724,16,740
3336,2021,726,20,746
3336,2022,727,20,747
3336,2023,730,20,750
3338,2016,1366,2,1368
3338,2017,1370,3,1373
3338,2018,1360,3,1363
3338,2019,1361,3,1364
3338,2020,1353,3,1356
3338,2021,1363,3,1366
3338,2022,1372,3,1375
3338,2023,1376,3,1379
3401,2016,5122,1660,6782
3401,2017,5151,1660,6811
3401,2018,5166,1710,6876
3401,2019,5179,1710,6889
3401,2020,5193,1746,6939
3401,2021,5203,1766,6969
3401,2022,5219,1841,7060
3401,2023,5232,1853,7085
3403,2016,7021,3980,11001
3403,2017,7047,4142,11189
3403,2018,7068,4215,11283
3403,2019,7085,4316,11401
3403,2020,7105,4413,11518
3403,2021,7135,4531,11666
3403,2022,7163,4531,11694
3403,2023,7199,4627,11826
3405,2016,6713,2748,9461
3405,2017,6723,2873,9596
3405,2018,6764,2955,9719
3405,2019,6775,3009,9784
3405,2020,6811,3177,9988
3405,2021,6833,3324,10157
3405,2022,6834,3314,10148
3405,2023,6808,3401,10209
3407,2016,8441,2178,10619
3407,2017,8486,2182,10668
3407,2018,8517,2351,10868
3407,2019,8543,2511,11054
3407,2020,8583,2513,11096
3407,2021,8607,2584,11191
3407,2022,8647,2699,11346
3407,2023,8676,2727,11403
3411,2016,11869,738,12607
3411,2017,11920,815,12735
3411,2018,11995,970,12965
3411,2019,11999,1103,13102
3411,2020,11997,1212,13209
3411,2021,12026,1300,13326
3411,2022,12035,1376,13411
3411,2023,12047,1533,13580
3412,2016,2864,178,3042
3412,2017,2888,178,3066
3412,2018,2911,182,3093
3412,2019,2933,186,3119
3412,2020,2927,198,3125
3412,2021,2922,166,3088
3412,2022,2923,227,3150
3412,2023,2942,246,3188
3413,2016,6597,704,7301
3413,2017,6615,713,7328
3413,2018,6641,765,7406
3413,2019,6684,834,7518
3413,2020,6708,834,7542
3413,2021,6738,824,7562
3413,2022,6751,835,7586
3413,2023,6774,858,7632
3414,2016,2260,47,2307
3414,2017,2274,47,2321
3414,2018,2283,74,2357
3414,2019,2297,74,2371
3414,2020,2303,74,2377
3414,2021,2310,84,2394
3414,2022,2313,99,2412
3414,2023,2327,99,2426
3415,2016,3203,103,3306
3415,2017,3218,103,3321
3415,2018,3229,107,3336
3415,2019,3245,107,3352
3415,2020,3238,141,3379
3415,2021,3245,159,3404
3415,2022,3261,165,3426
3415,2023,3271,175,3446
3416,2016,2764,46,2810
3416,2017,2766,46,2812
3416,2018,2776,77,2853
3416,2019,2794,77,2871
3416,2020,2798,77,2875
3416,2021,2807,79,2886
3416,2022,2812,79,2891
3416,2023,2821,85,2906
3417,2016,2594,25,2619
3417,2017,2588,26,2614
3417,2018,2596,33,2629
3417,2019,2590,34,2624
3417,2020,2587,35,2622
3417,2021,2590,39,2629
3417,2022,2586,38,2624
3417,2023,2568,38,2606
3418,2016,3759,75,3834
3418,2017,3752,79,3831
3418,2018,3733,79,3812
3418,2019,3758,119,3877
3418,2020,3748,119,3867
3418,2021,3735,138,3873
3418,2022,3734,142,3876
3418,2023,3729,136,3865
3419,2016,1816,36,1852
3419,2017,1819,36,1855
3419,2018,1821,36,1857
3419,2019,1824,36,1860
3419,2020,1821,36,1857
3419,2021,1822,36,1858
3419,2022,1825,36,1861
3419,2023,1823,36,1859
3420,2016,6603,1398,8001
3420,2017,6613,1641,8254
3420,2018,6664,1692,8356
3420,2019,6703,1762,8465
3420,2020,6719,1833,8552
3420,2021,6747,1841,8588
3420,2022,6777,1850,8627
3420,2023,6814,1876,8690
3421,2016,3206,310,3516
3421,2017,3225,334,3559
3421,2018,3232,334,3566
3421,2019,3225,334,3559
3421,2020,3248,358,3606
3421,2021,3269,358,3627
3421,2022,3300,364,3664
3421,2023,3316,365,3681
3422,2016,1891,174,2065
3422,2017,1899,174,2073
3422,2018,1907,174,2081
3422,2019,1901,178,2079
3422,2020,1905,179,2084
3422,2021,1908,187,2095
3422,2022,1907,187,2094
3422,2023,1917,187,2104
3423,2016,1545,4,1549
3423,2017,1550,4,1554
3423,2018,1548,4,1552
3423,2019,1550,4,1554
3423,2020,1551,4,1555
3423,2021,1550,4,1554
3423,2022,1548,4,1552
3423,2023,1540,4,1544
3424,2016,1155,0,1155
3424,2017,1151,0,1151
3424,2018,1165,0,1165
3424,2019,1165,0,1165
3424,2020,1063,0,1063
3424,2021,1054,0,1054
3424,2022,1059,0,1059
3424,2023,1082,0,1082
3425,2016,759,0,759
3425,2017,762,0,762
3425,2018,764,0,764
3425,2019,768,0,768
3425,2020,773,0,773
3425,2021,772,0,772
3425,2022,782,0,782
3425,2023,789,0,789
3426,2016,702,10,712
3426,2017,702,10,712
3426,2018,702,10,712
3426,2019,701,16,717
3426,2020,702,16,718
3426,2021,702,16,718
3426,2022,707,16,723
3426,2023,713,16,729
3427,2016,2139,171,2310
3427,2017,2152,171,2323
3427,2018,2169,185,2354
3427,2019,2185,185,2370
3427,2020,2203,185,2388
3427,2021,2208,189,2397
3427,2022,2222,203,2425
3427,2023,2230,203,2433
3428,2016,1078,5,1083
3428,2017,1082,5,1087
3428,2018,1086,5,1091
3428,2019,1094,5,1099
3428,2020,1096,5,1101
3428,2021,1097,4,1101
3428,2022,1101,4,1105
3428,2023,1107,4,1111
3429,2016,856,0,856
3429,2017,859,0,859
3429,2018,861,0,861
3429,2019,866,0,866
3429,2020,870,0,870
3429,2021,870,0,870
3429,2022,868,0,868
3429,2023,806,0,806
3430,2016,854,0,854
3430,2017,853,0,853
3430,2018,853,0,853
3430,2019,860,0,860
3430,2020,862,0,862
3430,2021,866,0,866
3430,2022,872,0,872
3430,2023,878,0,878
3431,2016,1268,0,1268
3431,2017,1236,0,1236
3431,2018,1201,0,1201
3431,2019,1202,0,1202
3431,2020,1205,0,1205
3431,2021,1203,0,1203
3431,2022,1206,0,1206
3431,2023,1210,0,1210
3432,2016,976,0,976
3432,2017,980,0,980
3432,2018,983,0,983
3432,2019,990,0,990
3432,2020,993,0,993
3432,2021,998,0,998
3432,2022,988,0,988
3432,2023,985,0,985
3433,2016,1126,0,1126
3433,2017,1131,0,1131
3433,2018,1142,0,1142
3433,2019,1149,0,1149
3433,2020,1150,0,1150
3433,2021,1147,0,1147
3433,2022,1150,0,1150
3433,2023,1152,0,1152
3434,2016,1051,0,1051
3434,2017,1065,0,1065
3434,2018,1066,0,1066
3434,2019,1072,0,1072
3434,2020,1073,0,1073
3434,2021,1072,0,1072
3434,2022,1077,0,1077
3434,2023,1080,0,1080
3435,2016,1555,12,1567
3435,2017,1559,12,1571
3435,2018,1558,24,1582
3435,2019,1566,24,1590
3435,2020,1573,24,1597
3435,2021,1573,24,1597
3435,2022,1583,24,1607
3435,2023,1585,24,1609
3436,2016,2623,16,2639
3436,2017,2632,16,2648
3436,2018,2647,16,2663
3436,2019,2653,16,2669
3436,2020,2653,16,2669
3436,2021,2663,23,2686
3436,2022,2666,18,2684
3436,2023,2670,21,2691
3437,2016,2521,56,2577
3437,2017,2523,57,2580
3437,2018,2527,61,2588
3437,2019,2529,72,2601
3437,2020,2528,72,2600
3437,2021,2535,63,2598
3437,2022,2503,80,2583
3437,2023,2506,80,2586
3438,2016,1458,2,1460
3438,2017,1464,2,1466
3438,2018,1463,2,1465
3438,2019,1461,2,1463
3438,2020,1467,2,1469
3438,2021,1468,2,1470
3438,2022,1476,2,1478
3438,2023,1489,8,1497
3439,2016,2093,11,2104
3439,2017,2099,11,2110
3439,2018,2099,12,2111
3439,2019,2113,12,2125
3439,2020,2115,19,2134
3439,2021,2127,30,2157
3439,2022,2118,30,2148
3439,2023,2132,30,2162
3440,2016,1954,69,2023
3440,2017,1963,91,2054
3440,2018,1962,91,2053
3440,2019,1969,105,2074
3440,2020,1971,105,2076
3440,2021,1982,125,2107
3440,2022,1996,119,2115
3440,2023,2000,132,2132
3441,2016,2624,48,2672
3441,2017,2633,48,2681
3441,2018,2639,47,2686
3441,2019,2644,53,2697
3441,2020,2652,53,2705
3441,2021,2658,53,2711
3441,2022,2673,68,2741
3441,2023,2694,87,2781
3442,2016,5844,156,6000
3442,2017,5852,156,6008
3442,2018,5875,189,6064
3442,2019,5895,208,6103
3442,2020,5903,220,6123
3442,2021,5910,215,6125
3442,2022,5917,215,6132
3442,2023,5932,233,6165
3443,2016,4708,223,4931
3443,2017,4712,231,4943
3443,2018,4723,257,4980
3443,2019,4741,257,4998
3443,2020,4753,253,5006
3443,2021,4772,269,5041
3443,2022,4787,277,5064
3443,2023,4806,277,5083
3446,2016,5163,253,5416
3446,2017,5174,291,5465
3446,2018,5194,291,5485
3446,2019,5214,303,5517
3446,2020,5229,313,5542
3446,2021,5248,330,5578
3446,2022,5265,337,5602
3446,2023,5285,364,5649
3447,2016,2647,24,2671
3447,2017,2647,21,2668
3447,2018,2651,27,2678
3447,2019,2649,26,2675
3447,2020,2647,26,2673
3447,2021,2655,26,2681
3447,2022,2655,35,2690
3447,2023,2665,35,2700
3448,2016,2975,90,3065
3448,2017,2985,90,3075
3448,2018,2989,96,3085
3448,2019,2983,100,3083
3448,2020,2986,100,3086
3448,2021,2990,100,3090
3448,2022,2993,104,3097
3448,2023,3003,104,3107
3449,2016,1550,11,1561
3449,2017,1556,11,1567
3449,2018,1556,16,1572
3449,2019,1555,16,1571
3449,2020,1558,16,1574
3449,2021,1561,26,1587
3449,2022,1557,29,1586
3449,2023,1561,25,1586
3450,2016,757,0,757
3450,2017,758,0,758
3450,2018,759,0,759
3450,2019,756,0,756
3450,2020,758,0,758
3450,2021,770,0,770
3450,2022,775,0,775
3450,2023,781,0,781
3451,2016,2689,188,2877
3451,2017,2699,186,2885
3451,2018,2694,197,2891
3451,2019,2694,196,2890
3451,2020,2698,204,2902
3451,2021,2694,204,2898
3451,2022,2700,204,2904
3451,2023,2728,220,2948
3452,2016,960,9,969
3452,2017,973,9,982
3452,2018,974,13,987
3452,2019,975,13,988
3452,2020,971,13,984
3452,2021,976,13,989
3452,2022,982,13,995
3452,2023,990,13,1003
3453,2016,1399,16,1415
3453,2017,1406,16,1422
3453,2018,1425,16,1441
3453,2019,1430,16,1446
3453,2020,1428,22,1450
3453,2021,1448,22,1470
3453,2022,1453,22,1475
3453,2023,1472,22,1494
3454,2016,717,0,717
3454,2017,730,0,730
3454,2018,728,0,728
3454,2019,731,0,731
3454,2020,735,0,735
3454,2021,737,0,737
3454,2022,735,0,735
3454,2023,739,5,744
3901,2016,6099,2379,8478
3901,2017,6089,2345,8434
3901,2018,6096,2387,8483
3901,2019,6108,2411,8519
3901,2020,6119,2434,8553
3901,2021,6116,2568,8684
3901,2022,6137,2571,8708
3901,2023,6134,2624,8758
3903,2016,6471,1186,7657
3903,2017,6500,1216,7716
3903,2018,6552,1287,7839
3903,2019,6600,1433,8033
3903,2020,6714,1536,8250
3903,2021,6748,1791,8539
3903,2022,6814,1963,8777
3903,2023,6856,2073,8929
3905,2016,12149,3636,15785
3905,2017,12887,3938,16825
3905,2018,12984,4200,17184
3905,2019,13061,4617,17678
3905,2020,13028,4821,17849
3905,2021,13060,5032,18092
3905,2022,13128,5339,18467
3905,2023,13195,5514,18709
3907,2016,14810,4717,19527
3907,2017,14319,4765,19084
3907,2018,14385,4897,19282
3907,2019,14475,5002,19477
3907,2020,14573,5124,19697
3907,2021,14664,5369,20033
3907,2022,14741,5492,20233
3907,2023,14836,5712,20548
3909,2016,12683,2809,15492
3909,2017,12716,2992,15708
3909,2018,12737,3112,15849
3909,2019,12773,3224,15997
3909,2020,12796,3297,16093
3909,2021,12831,3336,16167
3909,2022,12870,3435,16305
3909,2023,12934,3522,16456
3911,2016,8275,838,9113
3911,2017,8331,874,9205
3911,2018,8391,890,9281
3911,2019,8427,894,9321
3911,2020,8448,911,9359
3911,2021,8480,1003,9483
3911,2022,8526,1043,9569
3911,2023,8570,1153,9723
4001,2016,9004,3040,12044
4001,2017,9029,3051,12080
4001,2018,9075,3091,12166
4001,2019,9095,3228,12323
4001,2020,9100,3293,12393
4001,2021,9116,3360,12476
4001,2022,9135,3380,12515
4001,2023,9122,3474,12596
4003,2016,13935,4798,18733
4003,2017,13991,4843,18834
4003,2018,13996,5014,19010
4003,2019,14069,5079,19148
4003,2020,14120,5159,19279
4003,2021,14176,5229,19405
4003,2022,14216,5366,19582
4003,2023,14244,5654,19898
4005,2016,4495,421,4916
4005,2017,4504,421,4925
4005,2018,4511,437,4948
4005,2019,4512,437,4949
4005,2020,4746,431,5177
4005,2021,4755,431,5186
4005,2022,4772,428,5200
4005,2023,4776,433,5209
4010,2016,901,34,935
4010,2017,909,34,943
4010,2018,913,34,947
4010,2019,921,34,955
4010,2020,928,34,962
4010,2021,930,34,964
4010,2022,934,34,968
4010,2023,955,34,989
4012,2016,4857,107,4964
4012,2017,4881,107,4988
4012,2018,4902,107,5009
4012,2019,4917,110,5027
4012,2020,4915,120,5035
4012,2021,4936,126,5062
4012,2022,4956,234,5190
4012,2023,4971,242,5213
4014,2016,3911,367,4278
4014,2017,3922,361,4283
4014,2018,3929,361,4290
4014,2019,3924,364,4288
4014,2020,3926,364,4290
4014,2021,3930,390,4320
4014,2022,3945,394,4339
4014,2023,3948,414,4362
4016,2016,1755,22,1777
4016,2017,1775,26,1801
4016,2018,1773,26,1799
4016,2019,1782,26,1808
4016,2020,1782,28,1810
4016,2021,1794,31,1825
4016,2022,1800,31,1831
4016,2023,1817,31,1848
4018,2016,2724,321,3045
4018,2017,2734,323,3057
4018,2018,2734,323,3057
4018,2019,2733,263,2996
4018,2020,2739,267,3006
4018,2021,2741,283,3024
4018,2022,2749,283,3032
4018,2023,2750,296,3046
4020,2016,4269,303,4572
4020,2017,4268,289,4557
4020,2018,4299,299,4598
4020,2019,4325,300,4625
4020,2020,4114,304,4418
4020,2021,4128,594,4722
4020,2022,4161,653,4814
4020,2023,4193,655,4848
4022,2016,1440,38,1478
4022,2017,1443,38,1481
4022,2018,1446,38,1484
4022,2019,1447,38,1485
4022,2020,1445,38,1483
4022,2021,1446,42,1488
4022,2022,1446,42,1488
4022,2023,1447,42,1489
4024,2016,851,13,864
4024,2017,855,13,868
4024,2018,859,13,872
4024,2019,860,13,873
4024,2020,862,13,875
4024,2021,864,13,877
4024,2022,867,13,880
4024,2023,867,13,880
4026,2016,2225,564,2789
4026,2017,2229,563,2792
4026,2018,2227,563,2790
4026,2019,2229,563,2792
4026,2020,2213,563,2776
4026,2021,2223,562,2785
4026,2022,2218,562,2780
4026,2023,2226,561,2787
4028,2016,1286,0,1286
4028,2017,1289,0,1289
4028,2018,1291,0,1291
4028,2019,1294,0,1294
4028,2020,1295,0,1295
4028,2021,1299,0,1299
4028,2022,1307,0,1307
4028,2023,1316,0,1316
4030,2016,706,7,713
4030,2017,715,7,722
4030,2018,722,7,729
4030,2019,723,7,730
4030,2020,725,7,732
4030,2021,725,7,732
4030,2022,725,7,732
4030,2023,735,7,742
4032,2016,647,23,670
4032,2017,653,23,676
4032,2018,659,23,682
4032,2019,662,23,685
4032,2020,662,23,685
4032,2021,659,23,682
4032,2022,661,23,684
4032,2023,660,23,683
4034,2016,1224,13,1237
4034,2017,1233,13,1246
4034,2018,1238,13,1251
4034,2019,1239,13,1252
4034,2020,1248,13,1261
4034,2021,1248,13,1261
4034,2022,1251,13,1264
4034,2023,1263,14,1277
4036,2016,1889,30,1919
4036,2017,1903,30,1933
4036,2018,1915,30,1945
4036,2019,1922,30,1952
4036,2020,1933,45,1978
4036,2021,1950,45,1995
4036,2022,1931,37,1968
4036,2023,1951,37,1988
4201,2016,2639,222,2861
4201,2017,2656,228,2884
4201,2018,2662,240,2902
4201,2019,2680,327,3007
4201,2020,2689,356,3045
4201,2021,2695,369,3064
4201,2022,2700,378,3078
4201,2023,2713,393,3106
4202,2016,7377,1072,8449
4202,2017,7451,1122,8573
4202,2018,7487,1297,8784
4202,2019,7532,1351,8883
4202,2020,7573,1415,8988
4202,2021,7632,1427,9059
4202,2022,7700,1446,9146
4202,2023,7768,1534,9302
4203,2016,14355,1985,16340
4203,2017,14378,2113,16491
4203,2018,14376,2203,16579
4203,2019,14403,2246,16649
4203,2020,14434,2383,16817
4203,2021,14440,2519,16959
4203,2022,14480,2678,17158
4203,2023,14547,2747,17294
4204,2016,20347,11408,31755
4204,2017,20493,11822,32315
4204,2018,20680,12290,32970
4204,2019,20826,12818,33644
4204,2020,21027,13115,34142
4204,2021,21186,13713,34899
4204,2022,21465,14168,35633
4204,2023,21762,14470,36232
4205,2016,7740,631,8371
4205,2017,7767,677,8444
4205,2018,7793,720,8513
4205,2019,7817,720,8537
4205,2020,7845,745,8590
4205,2021,7845,737,8582
4205,2022,7863,792,8655
4205,2023,7911,788,8699
4206,2016,3701,252,3953
4206,2017,3719,284,4003
4206,2018,3712,297,4009
4206,2019,3780,304,4084
4206,2020,3801,332,4133
4206,2021,3820,331,4151
4206,2022,3837,332,4169
4206,2023,3875,338,4213
4207,2016,3432,273,3705
4207,2017,3238,289,3527
4207,2018,3256,295,3551
4207,2019,3260,318,3578
4207,2020,3263,318,3581
4207,2021,3270,317,3587
4207,2022,3286,335,3621
4207,2023,3354,347,3701
4211,2016,1063,0,1063
4211,2017,1066,0,1066
4211,2018,1067,0,1067
4211,2019,1068,0,1068
4211,2020,1068,0,1068
4211,2021,1071,0,1071
4211,2022,1072,0,1072
4211,2023,1075,4,1079
4212,2016,816,6,822
4212,2017,830,6,836
4212,2018,832,6,838
4212,2019,843,6,849
4212,2020,846,6,852
4212,2021,849,6,855
4212,2022,856,6,862
4212,2023,861,6,867
4213,2016,2595,132,2727
4213,2017,2609,133,2742
4213,2018,2647,133,2780
4213,2019,2659,153,2812
4213,2020,2672,153,2825
4213,2021,2694,163,2857
4213,2022,2714,174,2888
4213,2023,2753,174,2927
4214,2016,2150,104,2254
4214,2017,2174,135,2309
4214,2018,2187,140,2327
4214,2019,2200,140,2340
4214,2020,2212,166,2378
4214,2021,2219,166,2385
4214,2022,2232,174,2406
4214,2023,2247,176,2423
4215,2016,3459,309,3768
4215,2017,3487,364,3851
4215,2018,3519,432,3951
4215,2019,3543,470,4013
4215,2020,3572,470,4042
4215,2021,3584,470,4054
4215,2022,3606,491,4097
4215,2023,3624,490,4114
4216,2016,1753,128,1881
4216,2017,1763,128,1891
4216,2018,1770,128,1898
4216,2019,1767,156,1923
4216,2020,1779,156,1935
4216,2021,1764,156,1920
4216,2022,1777,156,1933
4216,2023,1787,162,1949
4217,2016,955,0,955
4217,2017,952,0,952
4217,2018,955,0,955
4217,2019,960,6,966
4217,2020,958,6,964
4217,2021,959,9,968
4217,2022,960,9,969
4217,2023,959,9,968
4218,2016,505,11,516
4218,2017,504,19,523
4218,2018,503,19,522
4218,2019,510,19,529
4218,2020,510,23,533
4218,2021,511,23,534
4218,2022,514,23,537
4218,2023,516,23,539
4219,2016,1320,71,1391
4219,2017,1327,71,1398
4219,2018,1338,79,1417
4219,2019,1354,79,1433
4219,2020,1365,79,1444
4219,2021,1372,79,1451
4219,2022,1375,79,1454
4219,2023,1385,79,1464
4220,2016,629,17,646
4220,2017,638,17,655
4220,2018,638,20,658
4220,2019,639,21,660
4220,2020,641,21,662
4220,2021,646,21,667
4220,2022,645,27,672
4220,2023,654,27,681
4221,2016,607,0,607
4221,2017,613,0,613
4221,2018,613,0,613
4221,2019,610,0,610
4221,2020,611,0,611
4221,2021,614,0,614
4221,2022,616,0,616
4221,2023,628,0,628
4222,2016,414,4,418
4222,2017,420,4,424
4222,2018,424,4,428
4222,2019,428,14,442
4222,2020,426,4,430
4222,2021,424,4,428
4222,2022,424,4,428
4222,2023,452,4,456
4223,2016,4027,563,4590
4223,2017,4057,590,4647
4223,2018,4081,641,4722
4223,2019,4101,666,4767
4223,2020,4115,709,4824
4223,2021,4141,760,4901
4223,2022,4152,760,4912
4223,2023,4169,811,4980
4224,2016,439,0,439
4224,2017,444,0,444
4224,2018,445,0,445
4224,2019,446,0,446
4224,2020,447,0,447
4224,2021,450,0,450
4224,2022,452,0,452
4224,2023,454,0,454
4225,2016,3516,224,3740
4225,2017,3543,230,3773
4225,2018,3570,230,3800
4225,2019,3593,260,3853
4225,2020,3601,260,3861
4225,2021,3630,261,3891
4225,2022,3656,262,3918
4225,2023,3683,262,3945
4226,2016,727,7,734
4226,2017,731,7,738
4226,2018,739,7,746
4226,2019,741,7,748
4226,2020,745,15,760
4226,2021,748,15,763
4226,2022,755,15,770
4226,2023,772,15,787
4227,2016,2581,100,2681
4227,2017,2593,112,2705
4227,2018,2585,123,2708
4227,2019,2571,131,2702
4227,2020,2576,131,2707
4227,2021,2584,131,2715
4227,2022,2588,142,2730
4227,2023,2606,142,2748
4228,2016,860,21,881
4228,2017,868,21,889
4228,2018,862,25,887
4228,2019,863,25,888
4228,2020,859,25,884
4228,2021,860,25,885
4228,2022,869,25,894
4228,2023,882,35,917
4601,2016,35399,60486,95885
4601,2017,35544,61457,97001
4601,2018,35733,62079,97812
4601,2019,35815,63343,99158
4601,2020,35901,64323,100224
4601,2021,36008,65452,101460
4601,2022,36105,66644,102749
4601,2023,36176,67644,103820
4602,2016,5721,476,6197
4602,2017,5738,500,6238
4602,2018,5739,546,6285
4602,2019,5750,552,6302
4602,2020,5534,565,6099
4602,2021,5619,563,6182
4602,2022,5618,633,6251
4602,2023,5643,650,6293
4611,2016,1814,55,1869
4611,2017,1764,59,1823
4611,2018,1775,59,1834
4611,2019,1779,59,1838
4611,2020,1795,59,1854
4611,2021,1815,59,1874
4611,2022,1830,59,1889
4611,2023,1838,59,1897
4612,2016,2315,6,2321
4612,2017,2351,9,2360
4612,2018,2377,17,2394
4612,2019,2391,25,2416
4612,2020,2403,25,2428
4612,2021,2417,25,2442
4612,2022,2441,25,2466
4612,2023,2465,25,2490
4613,2016,4569,39,4608
4613,2017,4607,61,4668
4613,2018,4645,73,4718
4613,2019,4682,73,4755
4613,2020,4696,79,4775
4613,2021,4711,79,4790
4613,2022,4730,91,4821
4613,2023,4765,99,4864
4614,2016,5737,1420,7157
4614,2017,5769,1308,7077
4614,2018,5797,1326,7123
4614,2019,5820,1423,7243
4614,2020,5850,1469,7319
4614,2021,5879,1485,7364
4614,2022,5901,1452,7353
4614,2023,5924,1406,7330
4615,2016,1210,31,1241
4615,2017,1229,31,1260
4615,2018,1238,31,1269
4615,2019,1245,39,1284
4615,2020,1261,39,1300
4615,2021,1270,39,1309
4615,2022,1277,39,1316
4615,2023,1284,39,1323
4616,2016,1478,51,1529
4616,2017,1498,57,1555
4616,2018,1510,78,1588
4616,2019,1515,82,1597
4616,2020,1528,86,1614
4616,2021,1539,86,1625
4616,2022,1542,93,1635
4616,2023,1569,50,1619
4617,2016,5059,176,5235
4617,2017,5094,208,5302
4617,2018,5098,207,5305
4617,2019,5117,217,5334
4617,2020,5128,221,5349
4617,2021,5140,221,5361
4617,2022,5164,223,5387
4617,2023,5186,267,5453
4618,2016,3770,797,4567
4618,2017,3773,820,4593
4618,2018,3784,821,4605
4618,2019,3806,807,4613
4618,2020,3762,807,4569
4618,2021,3769,813,4582
4618,2022,3772,813,4585
4618,2023,3786,823,4609
4619,2016,520,13,533
4619,2017,518,10,528
4619,2018,517,10,527
4619,2019,516,10,526
4619,2020,519,10,529
4619,2021,519,10,529
4619,2022,531,10,541
4619,2023,537,10,547
4620,2016,529,51,580
4620,2017,529,51,580
4620,2018,529,51,580
4620,2019,530,48,578
4620,2020,529,48,577
4620,2021,529,48,577
4620,2022,531,48,579
4620,2023,530,48,578
4621,2016,5541,825,6366
4621,2017,5579,962,6541
4621,2018,5602,1054,6656
4621,2019,5622,1082,6704
4621,2020,5699,1123,6822
4621,2021,5720,1137,6857
4621,2022,5739,1172,6911
4621,2023,5758,1182,6940
4622,2016,3206,144,3350
4622,2017,3213,143,3356
4622,2018,3213,191,3404
4622,2019,3225,191,3416
4622,2020,3233,208,3441
4622,2021,3237,277,3514
4622,2022,3257,300,3557
4622,2023,3266,309,3575
4623,2016,1007,40,1047
4623,2017,1013,46,1059
4623,2018,1019,46,1065
4623,2019,1029,52,1081
4623,2020,1026,52,1078
4623,2021,1031,52,1083
4623,2022,1030,52,1082
4623,2023,1033,52,1085
4624,2016,7123,615,7738
4624,2017,7212,739,7951
4624,2018,7274,769,8043
4624,2019,7414,819,8233
4624,2020,7455,869,8324
4624,2021,7519,917,8436
4624,2022,7575,958,8533
4624,2023,7624,1093,8717
4625,2016,2024,56,2080
4625,2017,2042,68,2110
4625,2018,2075,68,2143
4625,2019,2094,98,2192
4625,2020,2115,119,2234
4625,2021,2132,119,2251
4625,2022,2155,119,2274
4625,2023,2180,119,2299
4626,2016,11189,554,11743
4626,2017,11339,689,12028
4626,2018,11476,824,12300
4626,2019,11566,1084,12650
4626,2020,11611,1129,12740
4626,2021,11653,1148,12801
4626,2022,11689,1292,12981
4626,2023,11779,1360,13139
4627,2016,7743,620,8363
4627,2017,7820,672,8492
4627,2018,7860,688,8548
4627,2019,7963,720,8683
4627,2020,8006,744,8750
4627,2021,8040,756,8796
4627,2022,8058,770,8828
4627,2023,8080,808,8888
4628,2016,1401,190,1591
4628,2017,1403,190,1593
4628,2018,1412,190,1602
4628,2019,1411,184,1595
4628,2020,1411,184,1595
4628,2021,1411,185,1596
4628,2022,1410,185,1595
4628,2023,1417,187,1604
4629,2016,164,0,164
4629,2017,166,0,166
4629,2018,167,0,167
4629,2019,169,0,169
4629,2020,171,0,171
4629,2021,155,0,155
4629,2022,160,0,160
4629,2023,161,0,161
4630,2016,2907,101,3008
4630,2017,2922,112,3034
4630,2018,2925,112,3037
4630,2019,2937,112,3049
4630,2020,2941,112,3053
4630,2021,2963,112,3075
4630,2022,2976,113,3089
4630,2023,2994,142,3136
4631,2016,9268,586,9854
4631,2017,9333,664,9997
4631,2018,9382,742,10124
4631,2019,9435,792,10227
4631,2020,9487,898,10385
4631,2021,9500,948,10448
4631,2022,9543,1044,10587
4631,2023,9562,1124,10686
4632,2016,1226,42,1268
4632,2017,1230,42,1272
4632,2018,1236,11,1247
4632,2019,1241,11,1252
4632,2020,1250,11,1261
4632,2021,1254,11,1265
4632,2022,1248,11,1259
4632,2023,1253,11,1264
4633,2016,282,0,282
4633,2017,284,0,284
4633,2018,283,0,283
4633,2019,286,0,286
4633,2020,288,0,288
4633,2021,290,0,290
4633,2022,292,0,292
4633,2023,294,0,294
4634,2016,797,2,799
4634,2017,799,2,801
4634,2018,811,2,813
4634,2019,812,2,814
4634,2020,822,2,824
4634,2021,829,2,831
4634,2022,834,2,836
4634,2023,840,2,842
4635,2016,992,6,998
4635,2017,1012,6,1018
4635,2018,1027,10,1037
4635,2019,1044,15,1059
4635,2020,1044,15,1059
4635,2021,1055,19,1074
4635,2022,1067,19,1086
4635,2023,1072,19,1091
4636,2016,398,0,398
4636,2017,411,0,411
4636,2018,408,0,408
4636,2019,412,0,412
4636,2020,397,0,397
4636,2021,389,0,389
4636,2022,391,0,391
4636,2023,386,0,386
4637,2016,743,0,743
4637,2017,745,0,745
4637,2018,745,0,745
4637,2019,744,0,744
4637,2020,739,0,739
4637,2021,744,0,744
4637,2022,751,0,751
4637,2023,754,0,754
4638,2016,1601,112,1713
4638,2017,1612,112,1724
4638,2018,1612,112,1724
4638,2019,1611,112,1723
4638,2020,1695,112,1807
4638,2021,1685,112,1797
4638,2022,1689,112,1801
4638,2023,1690,112,1802
4639,2016,1331,54,1385
4639,2017,1338,54,1392
4639,2018,1339,57,1396
4639,2019,1331,56,1387
4639,2020,1325,56,1381
4639,2021,1278,56,1334
4639,2022,1277,56,1333
4639,2023,1282,56,1338
4640,2016,4264,213,4477
4640,2017,4284,223,4507
4640,2018,4283,227,4510
4640,2019,4201,298,4499
4640,2020,4127,316,4443
4640,2021,4117,332,4449
4640,2022,4125,338,4463
4640,2023,4136,418,4554
4641,2016,848,24,872
4641,2017,853,24,877
4641,2018,855,24,879
4641,2019,849,24,873
4641,2020,852,56,908
4641,2021,834,56,890
4641,2022,831,64,895
4641,2023,832,72,904
4642,2016,1061,2,1063
4642,2017,1066,2,1068
4642,2018,1067,2,1069
4642,2019,1072,2,1074
4642,2020,1074,16,1090
4642,2021,1073,16,1089
4642,2022,1073,16,1089
4642,2023,1076,16,1092
4643,2016,1368,550,1918
4643,2017,1368,550,1918
4643,2018,1378,550,1928
4643,2019,1381,550,1931
4643,2020,1381,550,1931
4643,2021,1380,550,1930
4643,2022,1382,546,1928
4643,2023,1383,546,1929
4644,2016,2416,38,2454
4644,2017,2421,63,2484
4644,2018,2407,68,2475
4644,2019,2397,85,2482
4644,2020,2377,99,2476
4644,2021,2291,107,2398
4644,2022,2287,115,2402
4644,2023,2332,116,2448
4645,2016,1399,17,1416
4645,2017,1410,17,1427
4645,2018,1413,17,1430
4645,2019,1416,17,1433
4645,2020,1423,17,1440
4645,2021,1432,17,1449
4645,2022,1433,17,1450
4645,2023,1434,17,1451
4646,2016,1248,23,1271
4646,2017,1269,18,1287
4646,2018,1266,23,1289
4646,2019,1271,29,1300
4646,2020,1275,30,1305
4646,2021,1285,30,1315
4646,2022,1287,30,1317
4646,2023,1293,30,1323
4647,2016,6651,895,7546
4647,2017,6696,902,7598
4647,2018,6763,970,7733
4647,2019,6781,1003,7784
4647,2020,6795,1010,7805
4647,2021,6757,1087,7844
4647,2022,6788,1140,7928
4647,2023,6795,1181,7976
4648,2016,1705,40,1745
4648,2017,1691,51,1742
4648,2018,1687,57,1744
4648,2019,1691,61,1752
4648,2020,1680,61,1741
4648,2021,1678,57,1735
4648,2022,1684,58,1742
4648,2023,1691,79,1770
4649,2016,3212,228,3440
4649,2017,3244,245,3489
4649,2018,3269,275,3544
4649,2019,3284,287,3571
4649,2020,3538,286,3824
4649,2021,3560,318,3878
4649,2022,3583,328,3911
4649,2023,3606,373,3979
4650,2016,2144,24,2168
4650,2017,2163,25,2188
4650,2018,2172,49,2221
4650,2019,2186,61,2247
4650,2020,2201,61,2262
4650,2021,2221,65,2286
4650,2022,2238,65,2303
4650,2023,2242,72,2314
4651,2016,2734,107,2841
4651,2017,2743,107,2850
4651,2018,2753,124,2877
4651,2019,2775,117,2892
4651,2020,2782,117,2899
4651,2021,2792,116,2908
4651,2022,2806,117,2923
4651,2023,2831,117,2948
5001,2016,24212,39311,63523
5001,2017,24447,40607,65054
5001,2018,24604,41894,66498
5001,2019,24722,43506,68228
5001,2020,24858,44686,69544
5001,2021,24967,45762,70729
5001,2022,25036,46949,71985
5001,2023,24564,48239,72803
5006,2016,7412,1768,9180
5006,2017,7482,1797,9279
5006,2018,7425,1801,9226
5006,2019,7462,1874,9336
5006,2020,7429,1897,9326
5006,2021,7455,1920,9375
5006,2022,7479,1944,9423
5006,2023,7532,1964,9496
5007,2016,4609,506,5115
5007,2017,4641,572,5213
5007,2018,4663,611,5274
5007,2019,4672,646,5318
5007,2020,4723,654,5377
5007,2021,4719,682,5401
5007,2022,4730,684,5414
5007,2023,4717,701,5418
5014,2016,1901,89,1990
5014,2017,1939,89,2028
5014,2018,1965,89,2054
5014,2019,1987,89,2076
5014,2020,1990,83,2073
5014,2021,2018,83,2101
5014,2022,2045,83,2128
5014,2023,2050,97,2147
5020,2016,596,0,596
5020,2017,603,6,609
5020,2018,600,6,606
5020,2019,601,10,611
5020,2020,600,14,614
5020,2021,600,20,620
5020,2022,602,20,622
5020,2023,605,20,625
5021,2016,2461,215,2676
5021,2017,2492,217,2709
5021,2018,2521,221,2742
5021,2019,2526,213,2739
5021,2020,2556,221,2777
5021,2021,2568,225,2793
5021,2022,2577,238,2815
5021,2023,2599,279,2878
5022,2016,1085,15,1100
5022,2017,1089,5,1094
5022,2018,1097,5,1102
5022,2019,1098,5,1103
5022,2020,1094,5,1099
5022,2021,1107,5,1112
5022,2022,1108,5,1113
5022,2023,1110,5,1115
5025,2016,2138,12,2150
5025,2017,2175,12,2187
5025,2018,2183,22,2205
5025,2019,2164,34,2198
5025,2020,2177,34,2211
5025,2021,2187,34,2221
5025,2022,2204,34,2238
5025,2023,2211,34,2245
5026,2016,1101,28,1129
5026,2017,1108,20,1128
5026,2018,1114,28,1142
5026,2019,1115,28,1143
5026,2020,1115,28,1143
5026,2021,1116,38,1154
5026,2022,1122,43,1165
5026,2023,1125,47,1172
5027,2016,2343,98,2441
5027,2017,2352,106,2458
5027,2018,2360,106,2466
5027,2019,2355,112,2467
5027,2020,2375,127,2502
5027,2021,2382,127,2509
5027,2022,2381,127,2508
5027,2023,2384,133,2517
5028,2016,4873,378,5251
5028,2017,4899,378,5277
5028,2018,4916,544,5460
5028,2019,4938,583,5521
5028,2020,4960,629,5589
5028,2021,4993,699,5692
5028,2022,5021,736,5757
5028,2023,5005,757,5762
5029,2016,2388,95,2483
5029,2017,2404,160,2564
5029,2018,2428,160,2588
5029,2019,2436,160,2596
5029,2020,2449,159,2608
5029,2021,2456,169,2625
5029,2022,2465,181,2646
5029,2023,2472,219,2691
5031,2016,3918,533,4451
5031,2017,3946,597,4543
5031,2018,3988,598,4586
5031,2019,4015,649,4664
5031,2020,4040,683,4723
5031,2021,4065,692,4757
5031,2022,4088,733,4821
5031,2023,4101,822,4923
5032,2016,1833,14,1847
5032,2017,1842,22,1864
5032,2018,1843,22,1865
5032,2019,1851,22,1873
5032,2020,1848,22,1870
5032,2021,1850,22,1872
5032,2022,1855,22,1877
5032,2023,1859,22,1881
5033,2016,406,0,406
5033,2017,420,0,420
5033,2018,424,0,424
5033,2019,406,0,406
5033,2020,404,0,404
5033,2021,406,0,406
5033,2022,409,0,409
5033,2023,415,0,415
5034,2016,1144,17,1161
5034,2017,1150,18,1168
5034,2018,1155,18,1173
5034,2019,1154,18,1172
5034,2020,1161,18,1179
5034,2021,1161,18,1179
5034,2022,1163,18,1181
5034,2023,1157,18,1175
5035,2016,6221,1324,7545
5035,2017,6279,1433,7712
5035,2018,6326,1485,7811
5035,2019,6354,1511,7865
5035,2020,6372,1533,7905
5035,2021,6408,1571,7979
5035,2022,6435,1629,8064
5035,2023,6443,1751,8194
5036,2016,1156,21,1177
5036,2017,1164,21,1185
5036,2018,1156,21,1177
5036,2019,1163,21,1184
5036,2020,1168,21,1189
5036,2021,1178,31,1209
5036,2022,1197,41,1238
5036,2023,1205,41,1246
5037,2016,5951,1117,7068
5037,2017,6014,1182,7196
5037,2018,6049,1260,7309
5037,2019,6068,1297,7365
5037,2020,6115,1339,7454
5037,2021,6151,1383,7534
5037,2022,6168,1460,7628
5037,2023,6191,1494,7685
5038,2016,4282,1017,5299
5038,2017,4314,1032,5346
5038,2018,4350,1100,5450
5038,2019,4364,1151,5515
5038,2020,4385,1196,5581
5038,2021,4415,1258,5673
5038,2022,4445,1321,5766
5038,2023,4480,1370,5850
5041,2016,943,1,944
5041,2017,947,1,948
5041,2018,938,5,943
5041,2019,937,31,968
5041,2020,936,30,966
5041,2021,935,30,965
5041,2022,940,30,970
5041,2023,938,33,971
5042,2016,687,10,697
5042,2017,690,10,700
5042,2018,692,10,702
5042,2019,697,10,707
5042,2020,697,10,707
5042,2021,693,10,703
5042,2022,698,10,708
5042,2023,703,10,713
5043,2016,228,0,228
5043,2017,226,0,226
5043,2018,227,0,227
5043,2019,225,0,225
5043,2020,225,0,225
5043,2021,225,0,225
5043,2022,224,5,229
5043,2023,226,5,231
5044,2016,427,0,427
5044,2017,427,0,427
5044,2018,428,1,429
5044,2019,432,1,433
5044,2020,432,1,433
5044,2021,425,0,425
5044,2022,427,0,427
5044,2023,426,0,426
5045,2016,979,41,1020
5045,2017,989,42,1031
5045,2018,989,48,1037
5045,2019,990,49,1039
5045,2020,994,48,1042
5045,2021,995,57,1052
5045,2022,991,57,1048
5045,2023,993,57,1050
5046,2016,489,12,501
5046,2017,491,12,503
5046,2018,488,12,500
5046,2019,493,12,505
5046,2020,493,12,505
5046,2021,494,8,502
5046,2022,494,12,506
5046,2023,496,12,508
5047,2016,1316,55,1371
5047,2017,1328,55,1383
5047,2018,1328,55,1383
5047,2019,1337,55,1392
5047,2020,1347,67,1414
5047,2021,1357,70,1427
5047,2022,1341,70,1411
5047,2023,1348,76,1424
5049,2016,502,0,502
5049,2017,499,0,499
5049,2018,496,6,502
5049,2019,499,16,515
5049,2020,499,16,515
5049,2021,504,28,532
5049,2022,507,28,535
5049,2023,513,28,541
5052,2016,354,0,354
5052,2017,356,0,356
5052,2018,357,0,357
5052,2019,358,0,358
5052,2020,403,0,403
5052,2021,402,0,402
5052,2022,399,0,399
5052,2023,399,0,399
5053,2016,2721,108,2829
5053,2017,2744,130,2874
5053,2018,2759,133,2892
5053,2019,2772,176,2948
5053,2020,2792,177,2969
5053,2021,2804,200,3004
5053,2022,2818,215,3033
5053,2023,2817,225,3042
5054,2016,4017,101,4118
5054,2017,4031,106,4137
5054,2018,4052,120,4172
5054,2019,4068,129,4197
5054,2020,4133,143,4276
5054,2021,4137,143,4280
5054,2022,4138,143,4281
5054,2023,4134,161,4295
5055,2016,NA,NA,NA
5055,2017,NA,NA,NA
5055,2018,NA,NA,NA
5055,2019,NA,NA,NA
5055,2020,2404,101,2505
5055,2021,2398,105,2503
5055,2022,2399,104,2503
5055,2023,2401,110,2511
5056,2016,NA,NA,NA
5056,2017,NA,NA,NA
5056,2018,NA,NA,NA
5056,2019,NA,NA,NA
5056,2020,2260,204,2464
5056,2021,2284,222,2506
5056,2022,2306,221,2527
5056,2023,2317,248,2565
5057,2016,4001,81,4082
5057,2017,4059,85,4144
5057,2018,4126,95,4221
5057,2019,4167,213,4380
5057,2020,4183,216,4399
5057,2021,4200,216,4416
5057,2022,4159,215,4374
5057,2023,4164,219,4383
5058,2016,1859,10,1869
5058,2017,1863,33,1896
5058,2018,1865,39,1904
5058,2019,1884,40,1924
5058,2020,1895,40,1935
5058,2021,1915,40,1955
5058,2022,1929,49,1978
5058,2023,1934,57,1991
5059,2016,NA,NA,NA
5059,2017,NA,NA,NA
5059,2018,NA,NA,NA
5059,2019,NA,NA,NA
5059,2020,6074,723,6797
5059,2021,6112,755,6867
5059,2022,6153,780,6933
5059,2023,6195,813,7008
5060,2016,3596,178,3774
5060,2017,3574,214,3788
5060,2018,3590,228,3818
5060,2019,3598,260,3858
5060,2020,3572,284,3856
5060,2021,3593,284,3877
5060,2022,3608,341,3949
5060,2023,3642,354,3996
5061,2016,721,6,727
5061,2017,729,6,735
5061,2018,732,6,738
5061,2019,738,6,744
5061,2020,745,7,752
5061,2021,751,6,757
5061,2022,760,6,766
5061,2023,762,6,768
5401,2016,15428,8715,24143
5401,2017,15474,9155,24629
5401,2018,15545,9537,25082
5401,2019,15616,10142,25758
5401,2020,15642,10532,26174
5401,2021,15606,10767,26373
5401,2022,15621,11301,26922
5401,2023,15669,11636,27305
5402,2016,7671,1418,9089
5402,2017,7704,1446,9150
5402,2018,7748,1499,9247
5402,2019,7779,1534,9313
5402,2020,7794,1617,9411
5402,2021,7805,1662,9467
5402,2022,7777,1611,9388
5402,2023,7786,1723,9509
5403,2016,5509,644,6153
5403,2017,5573,701,6274
5403,2018,5654,713,6367
5403,2019,5710,717,6427
5403,2020,5785,833,6618
5403,2021,5837,907,6744
5403,2022,5909,949,6858
5403,2023,5972,979,6951
5404,2016,796,43,839
5404,2017,794,43,837
5404,2018,791,43,834
5404,2019,790,43,833
5404,2020,790,43,833
5404,2021,787,43,830
5404,2022,788,43,831
5404,2023,789,43,832
5405,2016,1988,190,2178
5405,2017,1998,196,2194
5405,2018,1991,197,2188
5405,2019,1997,197,2194
5405,2020,2004,192,2196
5405,2021,2008,192,2200
5405,2022,2013,196,2209
5405,2023,2017,193,2210
5406,2016,2836,1004,3840
5406,2017,2846,989,3835
5406,2018,2857,994,3851
5406,2019,2869,1018,3887
5406,2020,2881,932,3813
5406,2021,2871,941,3812
5406,2022,2864,902,3766
5406,2023,2873,892,3765
5411,2016,1207,27,1234
5411,2017,1211,27,1238
5411,2018,1211,27,1238
5411,2019,1212,28,1240
5411,2020,1217,28,1245
5411,2021,1217,28,1245
5411,2022,1223,28,1251
5411,2023,1227,30,1257
5412,2016,1943,26,1969
5412,2017,1949,28,1977
5412,2018,1958,38,1996
5412,2019,1963,44,2007
5412,2020,1957,58,2015
5412,2021,1971,58,2029
5412,2022,1981,58,2039
5412,2023,1978,58,2036
5413,2016,842,0,842
5413,2017,841,0,841
5413,2018,847,0,847
5413,2019,849,0,849
5413,2020,852,0,852
5413,2021,854,0,854
5413,2022,857,0,857
5413,2023,855,3,858
5414,2016,658,0,658
5414,2017,655,0,655
5414,2018,660,0,660
5414,2019,662,0,662
5414,2020,661,0,661
5414,2021,664,0,664
5414,2022,664,0,664
5414,2023,664,0,664
5415,2016,456,0,456
5415,2017,461,0,461
5415,2018,458,0,458
5415,2019,459,6,465
5415,2020,458,6,464
5415,2021,460,6,466
5415,2022,460,6,466
5415,2023,461,6,467
5416,2016,1473,99,1572
5416,2017,1477,99,1576
5416,2018,1483,175,1658
5416,2019,1481,213,1694
5416,2020,1485,213,1698
5416,2021,1491,212,1703
5416,2022,1495,212,1707
5416,2023,1509,212,1721
5417,2016,1054,17,1071
5417,2017,1057,22,1079
5417,2018,1060,22,1082
5417,2019,1063,22,1085
5417,2020,1064,22,1086
5417,2021,1046,22,1068
5417,2022,1048,22,1070
5417,2023,1040,24,1064
5418,2016,2788,186,2974
5418,2017,2760,192,2952
5418,2018,2759,245,3004
5418,2019,2779,245,3024
5418,2020,2795,245,3040
5418,2021,2797,269,3066
5418,2022,2806,269,3075
5418,2023,2810,269,3079
5419,2016,1541,0,1541
5419,2017,1542,0,1542
5419,2018,1554,0,1554
5419,2019,1557,0,1557
5419,2020,1563,0,1563
5419,2021,1569,0,1569
5419,2022,1568,0,1568
5419,2023,1571,0,1571
5420,2016,584,5,589
5420,2017,586,5,591
5420,2018,588,5,593
5420,2019,589,5,594
5420,2020,588,5,593
5420,2021,588,5,593
5420,2022,591,5,596
5420,2023,591,10,601
5421,2016,6321,295,6616
5421,2017,6327,311,6638
5421,2018,6327,312,6639
5421,2019,6315,350,6665
5421,2020,6314,358,6672
5421,2021,6306,360,6666
5421,2022,6155,398,6553
5421,2023,6091,473,6564
5422,2016,2727,26,2753
5422,2017,2719,26,2745
5422,2018,2734,32,2766
5422,2019,2704,32,2736
5422,2020,2690,32,2722
5422,2021,2684,32,2716
5422,2022,2698,49,2747
5422,2023,2715,50,2765
5423,2016,1197,6,1203
5423,2017,1204,6,1210
5423,2018,1205,6,1211
5423,2019,1209,18,1227
5423,2020,1206,22,1228
5423,2021,1208,22,1230
5423,2022,1214,22,1236
5423,2023,1217,22,1239
5424,2016,1514,6,1520
5424,2017,1512,6,1518
5424,2018,1511,6,1517
5424,2019,1521,6,1527
5424,2020,1529,16,1545
5424,2021,1527,20,1547
5424,2022,1528,20,1548
5424,2023,1533,20,1553
5425,2016,829,0,829
5425,2017,835,0,835
5425,2018,840,0,840
5425,2019,849,0,849
5425,2020,849,0,849
5425,2021,858,0,858
5425,2022,861,0,861
5425,2023,867,0,867
5426,2016,1182,0,1182
5426,2017,1181,0,1181
5426,2018,1188,0,1188
5426,2019,1188,0,1188
5426,2020,1186,0,1186
5426,2021,1186,0,1186
5426,2022,1191,0,1191
5426,2023,1193,0,1193
5427,2016,1132,16,1148
5427,2017,1133,16,1149
5427,2018,1144,16,1160
5427,2019,1148,16,1164
5427,2020,1154,20,1174
5427,2021,1160,20,1180
5427,2022,1166,20,1186
5427,2023,1166,20,1186
5428,2016,2071,62,2133
5428,2017,2046,62,2108
5428,2018,2057,69,2126
5428,2019,2056,69,2125
5428,2020,2066,88,2154
5428,2021,2073,94,2167
5428,2022,2074,100,2174
5428,2023,2080,108,2188
5429,2016,749,0,749
5429,2017,749,0,749
5429,2018,751,0,751
5429,2019,756,0,756
5429,2020,759,0,759
5429,2021,761,0,761
5429,2022,762,0,762
5429,2023,765,0,765
5430,2016,1050,8,1058
5430,2017,1051,8,1059
5430,2018,1052,8,1060
5430,2019,1061,8,1069
5430,2020,1065,8,1073
5430,2021,1065,8,1073
5430,2022,1077,8,1085
5430,2023,1084,8,1092
5432,2016,580,21,601
5432,2017,582,21,603
5432,2018,580,21,601
5432,2019,579,21,600
5432,2020,580,21,601
5432,2021,578,21,599
5432,2022,577,21,598
5432,2023,575,21,596
5433,2016,488,19,507
5433,2017,489,19,508
5433,2018,490,19,509
5433,2019,494,23,517
5433,2020,496,23,519
5433,2021,499,23,522
5433,2022,500,23,523
5433,2023,499,23,522
5434,2016,534,23,557
5434,2017,536,23,559
5434,2018,536,23,559
5434,2019,539,23,562
5434,2020,539,23,562
5434,2021,541,23,564
5434,2022,541,23,564
5434,2023,539,23,562
5435,2016,1103,113,1216
5435,2017,1112,114,1226
5435,2018,1122,109,1231
5435,2019,1124,109,1233
5435,2020,1125,110,1235
5435,2021,1124,106,1230
5435,2022,1152,108,1260
5435,2023,1148,108,1256
5436,2016,1752,42,1794
5436,2017,1758,42,1800
5436,2018,1770,42,1812
5436,2019,1782,42,1824
5436,2020,1780,48,1828
5436,2021,1784,54,1838
5436,2022,1788,64,1852
5436,2023,1786,72,1858
5437,2016,937,25,962
5437,2017,936,25,961
5437,2018,941,25,966
5437,2019,941,25,966
5437,2020,946,25,971
5437,2021,945,25,970
5437,2022,950,25,975
5437,2023,952,25,977
5438,2016,538,30,568
5438,2017,537,30,567
5438,2018,539,30,569
5438,2019,538,29,567
5438,2020,531,29,560
5438,2021,533,29,562
5438,2022,535,29,564
5438,2023,538,29,567
5439,2016,537,106,643
5439,2017,537,106,643
5439,2018,532,106,638
5439,2019,526,106,632
5439,2020,526,106,632
5439,2021,526,106,632
5439,2022,526,106,632
5439,2023,527,106,633
5440,2016,464,0,464
5440,2017,465,0,465
5440,2018,496,0,496
5440,2019,497,0,497
5440,2020,504,0,504
5440,2021,504,0,504
5440,2022,508,0,508
5440,2023,512,0,512
5441,2016,1404,0,1404
5441,2017,1420,0,1420
5441,2018,1430,2,1432
5441,2019,1437,3,1440
5441,2020,1439,3,1442
5441,2021,1448,3,1451
5441,2022,1457,3,1460
5441,2023,1463,3,1466
5442,2016,484,0,484
5442,2017,485,0,485
5442,2018,486,0,486
5442,2019,485,0,485
5442,2020,483,0,483
5442,2021,476,0,476
5442,2022,473,0,473
5442,2023,473,0,473
5443,2016,829,91,920
5443,2017,823,97,920
5443,2018,823,97,920
5443,2019,824,97,921
5443,2020,825,97,922
5443,2021,825,97,922
5443,2022,826,97,923
5443,2023,826,97,923
5444,2016,2852,452,3304
5444,2017,2860,459,3319
5444,2018,2858,459,3317
5444,2019,2865,459,3324
5444,2020,2880,459,3339
5444,2021,2883,459,3342
5444,2022,2895,459,3354
5444,2023,2898,459,3357
