municipality_code,year,income_after_tax_median
1820,2016,489000
1820,2017,495000
1820,2018,518000
1820,2019,544000
1820,2020,544000
1820,2021,555000
1820,2022,577000
1820,2023,610000
5403,2016,541000
5403,2017,550000
5403,2018,564000
5403,2019,583000
5403,2020,589000
5403,2021,610000
5403,2022,638000
5403,2023,680000
3428,2016,476000
3428,2017,486000
3428,2018,513000
3428,2019,549000
3428,2020,556000
3428,2021,581000
3428,2022,587000
3428,2023,620000
4631,2016,561333.3333333334
4631,2017,578666.6666666666
4631,2018,594000
4631,2019,610000
4631,2020,612000
4631,2021,629000
4631,2022,660000
4631,2023,705000
1871,2016,471000
1871,2017,482000
1871,2018,497000
1871,2019,519000
1871,2020,532000
1871,2021,538000
1871,2022,559000
1871,2023,603000
3124,2016,491000
3124,2017,498000
3124,2018,518000
3124,2019,522000
3124,2020,518000
3124,2021,555000
3124,2022,568000
3124,2023,612000
4203,2016,478000
4203,2017,488000
4203,2018,500000
4203,2019,510000
4203,2020,519000
4203,2021,538000
4203,2022,565000
4203,2023,607000
3203,2016,588666.6666666666
3203,2017,604000
3203,2018,622000
3203,2019,638000
3203,2020,663000
3203,2021,692000
3203,2022,719000
3203,2023,773000
4645,2016,516000
4645,2017,522000
4645,2018,526000
4645,2019,562000
4645,2020,563000
4645,2021,575000
4645,2022,608000
4645,2023,651000
4627,2016,608000
4627,2017,628000
4627,2018,640000
4627,2019,653000
4627,2020,657000
4627,2021,687000
4627,2022,718000
4627,2023,772000
1547,2016,556000
1547,2017,549000
1547,2018,557000
1547,2019,592000
1547,2020,593000
1547,2021,601000
1547,2022,618000
1547,2023,670000
1576,2016,468000
1576,2017,480000
1576,2018,500000
1576,2019,526000
1576,2020,533000
1576,2021,551000
1576,2022,569000
1576,2023,611000
4641,2016,463000
4641,2017,488000
4641,2018,514000
4641,2019,515000
4641,2020,524000
4641,2021,557000
4641,2022,594000
4641,2023,637000
3226,2016,422000
3226,2017,440000
3226,2018,468000
3226,2019,486000
3226,2020,481000
3226,2021,487000
3226,2022,501000
3226,2023,535000
4625,2016,634000
4625,2017,628000
4625,2018,665000
4625,2019,676000
4625,2020,675000
4625,2021,699000
4625,2022,724000
4625,2023,761000
4632,2016,527000
4632,2017,540000
4632,2018,559000
4632,2019,578000
4632,2020,584000
4632,2021,614000
4632,2022,646000
4632,2023,708000
1554,2016,530000
1554,2017,539000
1554,2018,551000
1554,2019,588000
1554,2020,591000
1554,2021,618000
1554,2022,631000
1554,2023,673000
5422,2016,461000
5422,2017,472000
5422,2018,488000
5422,2019,500000
5422,2020,503000
5422,2021,511000
5422,2022,533000
5422,2023,569000
4012,2016,533000
4012,2017,545000
4012,2018,563000
4012,2019,579000
4012,2020,583000
4012,2021,604000
4012,2022,627000
4012,2023,669000
5416,2016,494000
5416,2017,506000
5416,2018,524000
5416,2019,532000
5416,2020,556000
5416,2021,569000
5416,2022,590000
5416,2023,637000
1839,2016,429000
1839,2017,446000
1839,2018,458000
1839,2019,477000
1839,2020,483000
1839,2021,501000
1839,2022,513000
1839,2023,514000
4601,2016,487000
4601,2017,498000
4601,2018,510000
4601,2019,528000
4601,2020,532000
4601,2021,553000
4601,2022,581000
4601,2023,628000
5440,2016,428000
5440,2017,445000
5440,2018,453000
5440,2019,476000
5440,2020,494000
5440,2021,506000
5440,2022,518000
5440,2023,560000
1811,2016,439000
1811,2017,465000
1811,2018,483000
1811,2019,499000
1811,2020,493000
1811,2021,538000
1811,2022,514000
1811,2023,560000
4216,2016,514000
4216,2017,534000
4216,2018,550000
4216,2019,560000
4216,2020,560000
4216,2021,590000
4216,2022,604000
4216,2023,646000
1114,2016,624000
1114,2017,633000
1114,2018,647000
1114,2019,669000
1114,2020,670000
1114,2021,681000
1114,2022,723000
1114,2023,774000
4624,2016,575500
4624,2017,581500
4624,2018,597500
4624,2019,620000
4624,2020,625000
4624,2021,648000
4624,2022,675000
4624,2023,726000
1804,2016,527000
1804,2017,537000
1804,2018,550000
1804,2019,566000
1804,2020,567000
1804,2021,586000
1804,2022,604000
1804,2023,649000
1145,2016,572000
1145,2017,570000
1145,2018,577000
1145,2019,578000
1145,2020,606000
1145,2021,622000
1145,2022,677000
1145,2023,714000
4648,2016,492000
4648,2017,500000
4648,2018,503000
4648,2019,525000
4648,2020,544000
4648,2021,566000
4648,2022,590000
4648,2023,634000
1813,2016,488000
1813,2017,503000
1813,2018,515000
1813,2019,529000
1813,2020,536000
1813,2021,572000
1813,2022,565000
1813,2023,603000
4220,2016,460000
4220,2017,482000
4220,2018,504000
4220,2019,506000
4220,2020,494000
4220,2021,515000
4220,2022,545000
4220,2023,586000
4222,2016,477000
4222,2017,495000
4222,2018,488000
4222,2019,532000
4222,2020,517000
4222,2021,525000
4222,2022,559000
4222,2023,609000
5443,2016,461000
5443,2017,469000
5443,2018,465000
5443,2019,506000
5443,2020,503000
5443,2021,522000
5443,2022,539000
5443,2023,585000
3201,2016,613000
3201,2017,626000
3201,2018,642000
3201,2019,660000
3201,2020,674000
3201,2021,704000
3201,2022,724000
3201,2023,784000
1867,2016,403000
1867,2017,428000
1867,2018,444000
1867,2019,461000
1867,2020,462000
1867,2021,483000
1867,2022,500000
1867,2023,536000
4613,2016,551000
4613,2017,564000
4613,2018,584000
4613,2019,604000
4613,2020,619000
4613,2021,645000
4613,2022,663000
4613,2023,714000
5441,2016,473000
5441,2017,473000
5441,2018,497000
5441,2019,513000
5441,2020,516000
5441,2021,537000
5441,2022,565000
5441,2023,602000
3431,2016,453000
3431,2017,466000
3431,2018,472000
3431,2019,491000
3431,2020,481000
3431,2021,503000
3431,2022,512000
3431,2023,547000
3301,2016,498666.6666666667
3301,2017,512333.3333333333
3301,2018,528000
3301,2019,541666.6666666666
3301,2020,532000
3301,2021,551000
3301,2022,578000
3301,2023,619000
4016,2016,453000
4016,2017,463000
4016,2018,480000
4016,2019,498000
4016,2020,500000
4016,2021,526000
4016,2022,548000
4016,2023,583000
5420,2016,425000
5420,2017,449000
5420,2018,449000
5420,2019,466000
5420,2020,487000
5420,2021,501000
5420,2022,535000
5420,2023,559000
1827,2016,433000
1827,2017,450000
1827,2018,475000
1827,2019,480000
1827,2020,509000
1827,2021,528000
1827,2022,553000
1827,2023,595000
4619,2016,506000
4619,2017,538000
4619,2018,550000
4619,2019,559000
4619,2020,548000
4619,2021,591000
4619,2022,624000
4619,2023,663000
3416,2016,424000
3416,2017,438000
3416,2018,446000
3416,2019,465000
3416,2020,465000
3416,2021,482000
3416,2022,508000
3416,2023,547000
3240,2016,463000
3240,2017,482000
3240,2018,499000
3240,2019,510000
3240,2020,512000
3240,2021,530000
3240,2022,555000
3240,2023,590000
1101,2016,530000
1101,2017,540000
1101,2018,553000
1101,2019,580000
1101,2020,580000
1101,2021,604000
1101,2022,615000
1101,2023,660000
3420,2016,474000
3420,2017,487000
3420,2018,499000
3420,2019,514000
3420,2020,518000
3420,2021,536000
3420,2022,558000
3420,2023,604000
3220,2016,486500
3220,2017,506500
3220,2018,506500
3220,2019,522500
3220,2020,542000
3220,2021,562000
3220,2022,595000
3220,2023,637000
3425,2016,447000
3425,2017,457000
3425,2018,479000
3425,2019,488000
3425,2020,486000
3425,2021,524000
3425,2022,544000
3425,2023,596000
4611,2016,523000
4611,2017,547000
4611,2018,554000
4611,2019,574000
4611,2020,562000
4611,2021,586000
4611,2022,632000
4611,2023,668000
3450,2016,414000
3450,2017,410000
3450,2018,443000
3450,2019,456000
3450,2020,452000
3450,2021,457000
3450,2022,483000
3450,2023,527000
1853,2016,460000
1853,2017,475000
1853,2018,483000
1853,2019,524000
1853,2020,531000
1853,2021,549000
1853,2022,570000
1853,2023,600000
4219,2016,472000
4219,2017,489000
4219,2018,504000
4219,2019,517000
4219,2020,514000
4219,2021,524000
4219,2022,540000
4219,2023,597000
4206,2016,505000
4206,2017,506000
4206,2018,525000
4206,2019,547000
4206,2020,545000
4206,2021,562000
4206,2022,590000
4206,2023,624000
1841,2016,484000
1841,2017,505000
1841,2018,510000
1841,2019,525000
1841,2020,530000
1841,2021,548000
1841,2022,577000
1841,2023,617000
4633,2016,519000
4633,2017,538000
4633,2018,548000
4633,2019,560000
4633,2020,539000
4633,2021,545000
4633,2022,593000
4633,2023,631000
4615,2016,581000
4615,2017,573000
4615,2018,604000
4615,2019,633000
4615,2020,628000
4615,2021,645000
4615,2022,660000
4615,2023,719000
4646,2016,430000
4646,2017,456000
4646,2018,466000
4646,2019,486000
4646,2020,471000
4646,2021,495000
4646,2022,506000
4646,2023,562000
1578,2016,493500
1578,2017,522500
1578,2018,520500
1578,2019,534500
1578,2020,548000
1578,2021,547000
1578,2022,580000
1578,2023,626000
1859,2016,497000
1859,2017,527000
1859,2018,510000
1859,2019,537000
1859,2020,545000
1859,2021,537000
1859,2022,567000
1859,2023,595000
5049,2016,497066.9740874301
5049,2017,506014.1796210038
5049,2018,523000
5049,2019,534000
5049,2020,541000
5049,2021,588000
5049,2022,591000
5049,2023,627000
4207,2016,504000
4207,2017,512000
4207,2018,525000
4207,2019,553000
4207,2020,552000
4207,2021,568000
4207,2022,580000
4207,2023,626000
3334,2016,457000
3334,2017,491000
3334,2018,516000
3334,2019,517000
3334,2020,509000
3334,2021,517000
3334,2022,519000
3334,2023,566000
3320,2016,479000
3320,2017,490000
3320,2018,487000
3320,2019,492000
3320,2020,496000
3320,2021,509000
3320,2022,528000
3320,2023,559000
3429,2016,437000
3429,2017,445000
3429,2018,471000
3429,2019,491000
3429,2020,499000
3429,2021,514000
3429,2022,527000
3429,2023,582000
3107,2016,476000
3107,2017,489000
3107,2018,500000
3107,2019,514000
3107,2020,519000
3107,2021,541000
3107,2022,566000
3107,2023,610000
3214,2016,576000
3214,2017,583000
3214,2018,591000
3214,2019,609000
3214,2020,619000
3214,2021,650000
3214,2022,671000
3214,2023,717000
4214,2016,519000
4214,2017,527000
4214,2018,537000
4214,2019,554000
4214,2020,553000
4214,2021,577000
4214,2022,600000
4214,2023,656000
5036,2016,493391.80237513856
5036,2017,502272.854817891
5036,2018,500000
5036,2019,521000
5036,2020,537000
5036,2021,574000
5036,2022,595000
5036,2023,638000
5014,2016,486960.2518786284
5014,2017,495725.5364124436
5014,2018,505000
5014,2019,514000
5014,2020,530000
5014,2021,549000
5014,2022,573000
5014,2023,601000
4032,2016,466000
4032,2017,474000
4032,2018,483000
4032,2019,497000
4032,2020,509000
4032,2021,519000
4032,2022,530000
4032,2023,581000
3911,2016,477000
3911,2017,490000
3911,2018,506000
3911,2019,522000
3911,2020,526000
3911,2021,545000
3911,2022,574000
3911,2023,621000
5439,2016,422000
5439,2017,416000
5439,2018,416000
5439,2019,425000
5439,2020,412000
5439,2021,419000
5439,2022,440000
5439,2023,511000
3441,2016,482000
3441,2017,488000
3441,2018,508000
3441,2019,513000
3441,2020,521000
3441,2021,542000
3441,2022,563000
3441,2023,611000
1838,2016,446000
1838,2017,463000
1838,2018,475000
1838,2019,497000
1838,2020,521000
1838,2021,533000
1838,2022,557000
1838,2023,574000
1532,2016,589000
1532,2017,612000
1532,2018,628000
1532,2019,654000
1532,2020,648000
1532,2021,679000
1532,2022,713000
1532,2023,749000
1557,2016,511000
1557,2017,537000
1557,2018,554000
1557,2019,556000
1557,2020,556000
1557,2021,582000
1557,2022,588000
1557,2023,632000
3230,2016,577333.3333333334
3230,2017,590666.6666666666
3230,2018,606666.6666666666
3230,2019,624666.6666666666
3230,2020,598000
3230,2021,615000
3230,2022,643000
3230,2023,688000
4211,2016,443000
4211,2017,463000
4211,2018,479000
4211,2019,503000
4211,2020,498000
4211,2021,504000
4211,2022,536000
4211,2023,585000
1122,2016,619000
1122,2017,631000
1122,2018,636000
1122,2019,651000
1122,2020,658000
1122,2021,685000
1122,2022,719000
1122,2023,761000
3407,2016,464000
3407,2017,474000
3407,2018,490000
3407,2019,504000
3407,2020,504000
3407,2021,520000
3407,2022,546000
3407,2023,587000
4650,2016,525000
4650,2017,545000
4650,2018,556000
4650,2019,573000
4650,2020,585000
4650,2021,595000
4650,2022,616000
4650,2023,667000
3324,2016,466000
3324,2017,482000
3324,2018,504000
3324,2019,516000
3324,2020,518000
3324,2021,535000
3324,2022,550000
3324,2023,599000
3446,2016,489000
3446,2017,502000
3446,2018,516000
3446,2019,530000
3446,2020,537000
3446,2021,559000
3446,2022,580000
3446,2023,626000
1825,2016,469000
1825,2017,487000
1825,2018,496000
1825,2019,515000
1825,2020,503000
1825,2021,525000
1825,2022,534000
1825,2023,574000
5414,2016,438000
5414,2017,451000
5414,2018,458000
5414,2019,456000
5414,2020,462000
5414,2021,474000
5414,2022,482000
5414,2023,536000
4202,2016,505000
4202,2017,516000
4202,2018,531000
4202,2019,543000
4202,2020,544000
4202,2021,566000
4202,2022,592000
4202,2023,642000
5045,2016,470421.97917331645
5045,2017,478889.57479843614
5045,2018,472000
5045,2019,511000
5045,2020,512000
5045,2021,533000
5045,2022,542000
5045,2023,581000
3417,2016,416000
3417,2017,429000
3417,2018,439000
3417,2019,452000
3417,2020,461000
3417,2021,477000
3417,2022,503000
3417,2023,537000
4635,2016,519000
4635,2017,530000
4635,2018,547000
4635,2019,568000
4635,2020,562000
4635,2021,568000
4635,2022,599000
4635,2023,648000
5430,2016,503000
5430,2017,529000
5430,2018,540000
5430,2019,554000
5430,2020,561000
5430,2021,579000
5430,2022,604000
5430,2023,657000
5426,2016,458000
5426,2017,457000
5426,2018,465000
5426,2019,476000
5426,2020,488000
5426,2021,513000
5426,2022,534000
5426,2023,586000
1866,2016,473000
1866,2017,494000
1866,2018,507000
1866,2019,513000
1866,2020,520000
1866,2021,539000
1866,2022,556000
1866,2023,601000
3101,2016,453000
3101,2017,470000
3101,2018,480000
3101,2019,496000
3101,2020,498000
3101,2021,517000
3101,2022,544000
3101,2023,588000
3403,2016,468000
3403,2017,480000
3403,2018,499000
3403,2019,514000
3403,2020,521000
3403,2021,539000
3403,2022,560000
3403,2023,603000
1875,2016,430000
1875,2017,455000
1875,2018,450000
1875,2019,466000
1875,2020,475000
1875,2021,487000
1875,2022,537000
1875,2023,576000
5406,2016,490500
5406,2017,503000
5406,2018,518000
5406,2019,529000
5406,2020,555000
5406,2021,578000
5406,2022,593000
5406,2023,635000
1517,2016,507000
1517,2017,513000
1517,2018,523000
1517,2019,562000
1517,2020,551000
1517,2021,579000
1517,2022,600000
1517,2023,640000
5402,2016,495000
5402,2017,501000
5402,2018,513000
5402,2019,530000
5402,2020,534000
5402,2021,554000
5402,2022,580000
5402,2023,623000
5433,2016,405000
5433,2017,417000
5433,2018,421000
5433,2019,435000
5433,2020,451000
5433,2021,477000
5433,2022,505000
5433,2023,530000
1826,2016,440000
1826,2017,450000
1826,2018,475000
1826,2019,486000
1826,2020,491000
1826,2021,509000
1826,2022,526000
1826,2023,567000
1106,2016,457000
1106,2017,471000
1106,2018,486000
1106,2019,503000
1106,2020,508000
1106,2021,526000
1106,2022,552000
1106,2023,594000
5055,2016,465000
5055,2017,500000
5055,2018,517000
5055,2019,525666.6666666666
5055,2020,539000
5055,2021,557000
5055,2022,578000
5055,2023,623000
1832,2016,468000
1832,2017,478000
1832,2018,489000
1832,2019,507000
1832,2020,515000
1832,2021,529000
1832,2022,552000
1832,2023,598000
3326,2016,507000
3326,2017,521000
3326,2018,533000
3326,2019,549000
3326,2020,550000
3326,2021,576000
3326,2022,599000
3326,2023,644000
1515,2016,558000
1515,2017,558000
1515,2018,575000
1515,2019,598000
1515,2020,594000
1515,2021,625000
1515,2022,638000
1515,2023,693000
1818,2016,470000
1818,2017,481000
1818,2018,494000
1818,2019,516000
1818,2020,526000
1818,2021,551000
1818,2022,554000
1818,2023,595000
5056,2016,461234.04989258765
5056,2017,469536.26279065415
5056,2018,467000
5056,2019,494000
5056,2020,502000
5056,2021,521000
5056,2022,535000
5056,2023,584000
4024,2016,491000
4024,2017,508000
4024,2018,534000
4024,2019,577000
4024,2020,547000
4024,2021,559000
4024,2022,598000
4024,2023,650000
1133,2016,561000
1133,2017,571000
1133,2018,582000
1133,2019,605000
1133,2020,595000
1133,2021,628000
1133,2022,640000
1133,2023,687000
3330,2016,515000
3330,2017,523000
3330,2018,547000
3330,2019,568000
3330,2020,563000
3330,2021,592000
3330,2022,632000
3330,2023,660000
3310,2016,440000
3310,2017,451000
3310,2018,463000
3310,2019,484000
3310,2020,482000
3310,2021,501000
3310,2022,523000
3310,2023,564000
3903,2016,547000
3903,2017,562000
3903,2018,550500
3903,2019,563500
3903,2020,564000
3903,2021,585000
3903,2022,617000
3903,2023,662000
5026,2016,492473.00944706565
5026,2017,501337.52361711283
5026,2018,506000
5026,2019,523000
5026,2020,536000
5026,2021,560000
5026,2022,589000
5026,2023,619000
3901,2016,478000
3901,2017,489000
3901,2018,502000
3901,2019,512000
3901,2020,518000
3901,2021,543000
3901,2022,567000
3901,2023,611000
3242,2016,567000
3242,2017,594000
3242,2018,606000
3242,2019,626000
3242,2020,627000
3242,2021,649000
3242,2022,673000
3242,2023,724000
1579,2016,532500
1579,2017,542500
1579,2018,558500
1579,2019,568000
1579,2020,567000
1579,2021,585000
1579,2022,613000
1579,2023,662000
3110,2016,536000
3110,2017,554000
3110,2018,567000
3110,2019,573000
3110,2020,587000
3110,2021,610000
3110,2022,627000
3110,2023,674000
4637,2016,459000
4637,2017,444000
4637,2018,463000
4637,2019,478000
4637,2020,478000
4637,2021,512000
4637,2022,519000
4637,2023,566000
1119,2016,557000
1119,2017,575000
1119,2018,586000
1119,2019,596000
1119,2020,599000
1119,2021,622000
1119,2022,640000
1119,2023,698000
4226,2016,548000
4226,2017,548000
4226,2018,586000
4226,2019,605000
4226,2020,584000
4226,2021,630000
4226,2022,661000
4226,2023,711000
4638,2016,473000
4638,2017,496000
4638,2018,503000
4638,2019,528000
4638,2020,533000
4638,2021,559000
4638,2022,576000
4638,2023,609000
5046,2016,518199.2114331064
5046,2017,527526.7972389023
5046,2018,533000
5046,2019,560000
5046,2020,564000
5046,2021,568000
5046,2022,586000
5046,2023,630000
5413,2016,430000
5413,2017,459000
5413,2018,473000
5413,2019,479000
5413,2020,473000
5413,2021,482000
5413,2022,496000
5413,2023,533000
5053,2016,535656.2770664912
5053,2017,545298.090053688
5053,2018,552000
5053,2019,576000
5053,2020,583000
5053,2021,599000
5053,2022,624000
5053,2023,673000
5054,2016,488797.8377347741
5054,2017,497596.198814
5054,2018,516000
5054,2019,531000
5054,2020,532000
5054,2021,551000
5054,2022,565000
5054,2023,609000
3118,2016,491600
3118,2017,504400
3118,2018,517400
3118,2019,536400
3118,2020,525000
3118,2021,548000
3118,2022,573000
3118,2023,612000
4218,2016,489000
4218,2017,505000
4218,2018,533000
4218,2019,547000
4218,2020,537000
4218,2021,578000
4218,2022,582000
4218,2023,618000
3236,2016,512000
3236,2017,531000
3236,2018,545000
3236,2019,558000
3236,2020,562000
3236,2021,582000
3236,2022,608000
3236,2023,659000
5423,2016,459000
5423,2017,472000
5423,2018,484000
5423,2019,500000
5423,2020,516000
5423,2021,518000
5423,2022,553000
5423,2023,582000
1149,2016,532000
1149,2017,543000
1149,2018,560000
1149,2019,580000
1149,2020,580000
1149,2021,611000
1149,2022,636000
1149,2023,689000
4602,2016,530500
4602,2017,540000
4602,2018,552500
4602,2019,569500
4602,2020,583000
4602,2021,601000
4602,2022,616000
4602,2023,661000
1120,2016,577000
1120,2017,589000
1120,2018,601000
1120,2019,622000
1120,2020,623000
1120,2021,655000
1120,2022,678000
1120,2023,734000
3303,2016,528000
3303,2017,538000
3303,2018,546000
3303,2019,566000
3303,2020,567000
3303,2021,582000
3303,2022,600000
3303,2023,646000
3401,2016,443000
3401,2017,455000
3401,2018,465000
3401,2019,477000
3401,2020,476000
3401,2021,501000
3401,2022,523000
3401,2023,565000
4014,2016,440000
4014,2017,456000
4014,2018,471000
4014,2019,487000
4014,2020,494000
4014,2021,518000
4014,2022,540000
4014,2023,580000
4204,2016,507666.6666666667
4204,2017,514333.3333333333
4204,2018,525333.3333333334
4204,2019,542666.6666666666
4204,2020,531000
4204,2021,554000
4204,2022,576000
4204,2023,618000
1505,2016,467000
1505,2017,475000
1505,2018,495000
1505,2019,508000
1505,2020,511000
1505,2021,528000
1505,2022,552000
1505,2023,595000
3318,2016,490000
3318,2017,486000
3318,2018,487000
3318,2019,515000
3318,2020,521000
3318,2021,532000
3318,2022,565000
3318,2023,597000
4622,2016,530000
4622,2017,540000
4622,2018,553000
4622,2019,574000
4622,2020,582000
4622,2021,600000
4622,2022,633000
4622,2023,681000
4227,2016,491000
4227,2017,506000
4227,2018,509000
4227,2019,528000
4227,2020,540000
4227,2021,553000
4227,2022,579000
4227,2023,626000
4617,2016,512000
4617,2017,529000
4617,2018,540000
4617,2019,556000
4617,2020,563000
4617,2021,605000
4617,2022,615000
4617,2023,665000
4028,2016,476000
4028,2017,490000
4028,2018,514000
4028,2019,523000
4028,2020,525000
4028,2021,539000
4028,2022,556000
4028,2023,614000
1144,2016,617000
1144,2017,613000
1144,2018,634000
1144,2019,649000
1144,2020,644000
1144,2021,697000
1144,2022,711000
1144,2023,724000
5411,2016,463000
5411,2017,484000
5411,2018,505000
5411,2019,524000
5411,2020,533000
5411,2021,562000
5411,2022,574000
5411,2023,629000
5429,2016,458000
5429,2017,487000
5429,2018,476000
5429,2019,467000
5429,2020,475000
5429,2021,514000
5429,2022,521000
5429,2023,529000
5437,2016,519000
5437,2017,517000
5437,2018,533000
5437,2019,562000
5437,2020,555000
5437,2021,576000
5437,2022,598000
5437,2023,638000
3909,2016,479609.9084540453
3909,2017,488242.88680621807
3909,2018,502000
3909,2019,515000
3909,2020,522000
3909,2021,543000
3909,2022,569000
3909,2023,613000
5438,2016,422000
5438,2017,424000
5438,2018,454000
5438,2019,469000
5438,2020,467000
5438,2021,492000
5438,2022,521000
5438,2023,541000
1822,2016,480000
1822,2017,498000
1822,2018,500000
1822,2019,514000
1822,2020,547000
1822,2021,568000
1822,2022,592000
1822,2023,626000
5052,2016,461234.04989258765
5052,2017,469536.26279065415
5052,2018,478000
5052,2019,494000
5052,2020,502000
5052,2021,541000
5052,2022,554000
5052,2023,597000
3432,2016,463000
3432,2017,481000
3432,2018,490000
3432,2019,520000
3432,2020,524000
3432,2021,536000
3432,2022,574000
3432,2023,632000
5037,2016,516361.6255769606
5037,2017,525656.1348373459
5037,2018,544000
5037,2019,556000
5037,2020,562000
5037,2021,578000
5037,2022,603000
5037,2023,641000
3312,2016,441000
3312,2017,476000
3312,2018,487000
3312,2019,502000
3312,2020,508000
3312,2021,531000
3312,2022,523000
3312,2023,574000
5042,2016,494310.5953032114
5042,2017,503208.1860186692
5042,2018,543000
5042,2019,533000
5042,2020,538000
5042,2021,555000
5042,2022,592000
5042,2023,622000
3405,2016,490000
3405,2017,499000
3405,2018,514000
3405,2019,533000
3405,2020,536000
3405,2021,554000
3405,2022,577000
3405,2023,623000
4215,2016,546000
4215,2017,558000
4215,2018,572000
4215,2019,593000
4215,2020,598000
4215,2021,614000
4215,2022,628000
4215,2023,676000
3205,2016,545000
3205,2017,555000
3205,2018,570000
3205,2019,583000
3205,2020,587000
3205,2021,599000
3205,2022,624000
3205,2023,666000
4205,2016,490333.3333333333
4205,2017,500000
4205,2018,518666.6666666667
4205,2019,535666.6666666666
4205,2020,527000
4205,2021,554000
4205,2022,573000
4205,2023,619000
5415,2016,489000
5415,2017,512000
5415,2018,521000
5415,2019,554000
5415,2020,547000
5415,2021,544000
5415,2022,547000
5415,2023,575000
3434,2016,500000
3434,2017,499000
3434,2018,511000
3434,2019,512000
3434,2020,509000
3434,2021,531000
3434,2022,563000
3434,2023,599000
5432,2016,409000
5432,2017,403000
5432,2018,433000
5432,2019,436000
5432,2020,454000
5432,2021,474000
5432,2022,474000
5432,2023,517000
1112,2016,511000
1112,2017,533000
1112,2018,548000
1112,2019,562000
1112,2020,572000
1112,2021,594000
1112,2022,630000
1112,2023,656000
3234,2016,526000
3234,2017,535000
3234,2018,548000
3234,2019,555000
3234,2020,553000
3234,2021,575000
3234,2022,600000
3234,2023,640000
1834,2016,475000
1834,2017,488000
1834,2018,497000
1834,2019,520000
1834,2020,523000
1834,2021,542000
1834,2022,552000
1834,2023,591000
4644,2016,511000
4644,2017,519000
4644,2018,538000
4644,2019,564000
4644,2020,561000
4644,2021,586000
4644,2022,610000
4644,2023,660000
4225,2016,515500
4225,2017,537500
4225,2018,540000
4225,2019,550000
4225,2020,545000
4225,2021,566000
4225,2022,589000
4225,2023,628000
5424,2016,476000
5424,2017,490000
5424,2018,505000
5424,2019,512000
5424,2020,525000
5424,2021,540000
5424,2022,558000
5424,2023,596000
4642,2016,521000
4642,2017,524000
4642,2018,544000
4642,2019,552000
4642,2020,570000
4642,2021,576000
4642,2022,621000
4642,2023,661000
1851,2016,449000
1851,2017,459000
1851,2018,467000
1851,2019,487000
1851,2020,505000
1851,2021,523000
1851,2022,535000
1851,2023,557000
3222,2016,556000
3222,2017,565000
3222,2018,582000
3222,2019,598000
3222,2020,602000
3222,2021,626000
3222,2022,652000
3222,2023,701000
3412,2016,490000
3412,2017,504000
3412,2018,518000
3412,2019,529000
3412,2020,539000
3412,2021,562000
3412,2022,582000
3412,2023,626000
5031,2016,594459.0244631558
5031,2017,605159.2869034925
5031,2018,629000
5031,2019,646000
5031,2020,647000
5031,2021,668000
5031,2022,699000
5031,2023,746000
3122,2016,459000
3122,2017,477000
3122,2018,496000
3122,2019,516000
3122,2020,513000
3122,2021,525000
3122,2022,543000
3122,2023,577000
4634,2016,555000
4634,2017,561000
4634,2018,591000
4634,2019,608000
4634,2020,601000
4634,2021,629000
4634,2022,659000
4634,2023,710000
5028,2016,538412.6558507099
5028,2017,548104.0836560226
5028,2018,568000
5028,2019,588000
5028,2020,586000
5028,2021,613000
5028,2022,640000
5028,2023,694000
1837,2016,505000
1837,2017,520000
1837,2018,527000
1837,2019,545000
1837,2020,553000
1837,2021,574000
1837,2022,591000
1837,2023,627000
5034,2016,455721.29232415033
5034,2017,463924.275585985
5034,2018,464000
5034,2019,478000
5034,2020,496000
5034,2021,503000
5034,2022,529000
5034,2023,548000
4020,2016,482000
4020,2017,489000
4020,2018,500000
4020,2019,517000
4020,2020,512000
4020,2021,533000
4020,2022,556000
4020,2023,588000
5027,2016,480528.70138211816
5027,2017,489178.21800699626
5027,2018,513000
5027,2019,534000
5027,2020,523000
5027,2021,554000
5027,2022,581000
5027,2023,622000
4629,2016,545000
4629,2017,565000
4629,2018,617000
4629,2019,579000
4629,2020,608000
4629,2021,615000
4629,2022,594000
4629,2023,602000
3316,2016,462000
3316,2017,489000
3316,2018,507000
3316,2019,522000
3316,2020,518000
3316,2021,539000
3316,2022,559000
3316,2023,595000
1506,2016,506666.6666666667
1506,2017,514666.6666666667
1506,2018,526333.3333333334
1506,2019,549333.3333333334
1506,2020,548000
1506,2021,574000
1506,2022,597000
1506,2023,640000
1874,2016,414000
1874,2017,440000
1874,2018,448000
1874,2019,472000
1874,2020,455000
1874,2021,452000
1874,2022,465000
1874,2023,501000
3103,2016,487500
3103,2017,500500
3103,2018,515000
3103,2019,527000
3103,2020,516000
3103,2021,537000
3103,2022,561000
3103,2023,606000
5418,2016,507000
5418,2017,525000
5418,2018,527000
5418,2019,542000
5418,2020,541000
5418,2021,556000
5418,2022,579000
5418,2023,624000
5434,2016,407000
5434,2017,437000
5434,2018,468000
5434,2019,490000
5434,2020,493000
5434,2021,511000
5434,2022,532000
5434,2023,575000
5007,2016,492473.00944706565
5007,2017,501337.52361711283
5007,2018,488000
5007,2019,501000
5007,2020,536000
5007,2021,558000
5007,2022,581000
5007,2023,620000
5044,2016,460315.25696451473
5044,2017,468600.93158987595
5044,2018,476000
5044,2019,487000
5044,2020,501000
5044,2021,497000
5044,2022,525000
5044,2023,550000
3238,2016,538000
3238,2017,560000
3238,2018,566000
3238,2019,579000
3238,2020,578000
3238,2021,606000
3238,2022,639000
3238,2023,684000
1806,2016,463333.3333333333
1806,2017,475000
1806,2018,483666.6666666667
1806,2019,504000
1806,2020,535000
1806,2021,548000
1806,2022,573000
1806,2023,620000
3228,2016,614000
3228,2017,625000
3228,2018,649000
3228,2019,666000
3228,2020,669000
3228,2021,687000
3228,2022,724000
3228,2023,775000
3322,2016,462000
3322,2017,483000
3322,2018,484000
3322,2019,509000
3322,2020,512000
3322,2021,537000
3322,2022,557000
3322,2023,597000
1828,2016,424000
1828,2017,456000
1828,2018,460000
1828,2019,486000
1828,2020,494000
1828,2021,525000
1828,2022,536000
1828,2023,564000
3212,2016,583000
3212,2017,593000
3212,2018,615000
3212,2019,636000
3212,2020,638000
3212,2021,670000
3212,2022,691000
3212,2023,740000
4030,2016,475000
4030,2017,492000
4030,2018,513000
4030,2019,523000
4030,2020,538000
4030,2021,556000
4030,2022,579000
4030,2023,611000
3232,2016,621000
3232,2017,636000
3232,2018,652000
3232,2019,667000
3232,2020,659000
3232,2021,681000
3232,2022,689000
3232,2023,736000
4018,2016,459000
4018,2017,475000
4018,2018,483000
4018,2019,503000
4018,2020,510000
4018,2021,533000
4018,2022,548000
4018,2023,601000
3451,2016,440000
3451,2017,453000
3451,2018,469000
3451,2019,484000
3451,2020,490000
3451,2021,501000
3451,2022,523000
3451,2023,568000
3436,2016,453000
3436,2017,462000
3436,2018,479000
3436,2019,493000
3436,2020,492000
3436,2021,507000
3436,2022,538000
3436,2023,582000
3414,2016,455000
3414,2017,470000
3414,2018,485000
3414,2019,501000
3414,2020,495000
3414,2021,512000
3414,2022,542000
3414,2023,581000
5435,2016,449000
5435,2017,478000
5435,2018,487000
5435,2019,506000
5435,2020,501000
5435,2021,518000
5435,2022,550000
5435,2023,577000
3207,2016,614500
3207,2017,628500
3207,2018,645500
3207,2019,663500
3207,2020,662000
3207,2021,689000
3207,2022,714000
3207,2023,766000
3448,2016,441000
3448,2017,456000
3448,2018,480000
3448,2019,481000
3448,2020,486000
3448,2021,500000
3448,2022,522000
3448,2023,557000
5428,2016,481000
5428,2017,500000
5428,2018,511000
5428,2019,528000
5428,2020,539000
5428,2021,561000
5428,2022,580000
5428,2023,635000
3338,2016,545000
3338,2017,561000
3338,2018,570000
3338,2019,587000
3338,2020,591000
3338,2021,606000
3338,2022,632000
3338,2023,676000
4005,2016,521874.38314539794
4005,2017,531268.1220420151
4005,2018,542000
4005,2019,560000
4005,2020,568000
4005,2021,588000
4005,2022,616000
4005,2023,664000
5060,2016,498904.5599435759
5060,2017,507884.8420225602
5060,2018,524500
5060,2019,542000
5060,2020,543000
5060,2021,566000
5060,2022,596000
5060,2023,635000
5021,2016,486960.2518786284
5021,2017,495725.5364124436
5021,2018,514000
5021,2019,530000
5021,2020,530000
5021,2021,546000
5021,2022,568000
5021,2023,616000
5059,2016,490635.4235909199
5059,2017,499466.8612155564
5059,2018,506666.6666666667
5059,2019,519333.3333333333
5059,2020,534000
5059,2021,557000
5059,2022,583000
5059,2023,626000
3430,2016,467000
3430,2017,474000
3430,2018,485000
3430,2019,521000
3430,2020,524000
3430,2021,536000
3430,2022,542000
3430,2023,605000
5020,2016,451127.3276837859
5020,2017,459247.619582094
5020,2018,488000
5020,2019,486000
5020,2020,491000
5020,2021,502000
5020,2022,544000
5020,2023,580000
0301,2016,446000
0301,2017,460000
0301,2018,475000
0301,2019,493000
0301,2020,501000
0301,2021,525000
0301,2022,548000
0301,2023,592000
4630,2016,531000
4630,2017,544000
4630,2018,561000
4630,2019,576000
4630,2020,579000
4630,2021,597000
4630,2022,623000
4630,2023,665000
5047,2016,557707.3073402405
5047,2017,567746.0388723647
5047,2018,594000
5047,2019,604000
5047,2020,607000
5047,2021,627000
5047,2022,666000
5047,2023,695000
5436,2016,484000
5436,2017,498000
5436,2018,520000
5436,2019,526000
5436,2020,524000
5436,2021,542000
5436,2022,574000
5436,2023,622000
4001,2016,469000
4001,2017,483000
4001,2018,495000
4001,2019,513000
4001,2020,517000
4001,2021,538000
4001,2022,563000
4001,2023,603000
5043,2016,496148.1811593572
5043,2017,505078.8484202256
5043,2018,507000
5043,2019,545000
5043,2020,540000
5043,2021,533000
5043,2022,542000
5043,2023,638000
3120,2016,486000
3120,2017,495000
3120,2018,508000
3120,2019,524000
3120,2020,531000
3120,2021,549000
3120,2022,584000
3120,2023,625000
1833,2016,500000
1833,2017,516000
1833,2018,531000
1833,2019,548000
1833,2020,551000
1833,2021,565000
1833,2022,590000
1833,2023,647000
1127,2016,614000
1127,2017,619000
1127,2018,632000
1127,2019,645000
1127,2020,646000
1127,2021,679000
1127,2022,704000
1127,2023,757000
1539,2016,482000
1539,2017,499000
1539,2018,504000
1539,2019,521000
1539,2020,519000
1539,2021,548000
1539,2022,573000
1539,2023,616000
3424,2016,401000
3424,2017,405000
3424,2018,420000
3424,2019,434000
3424,2020,445000
3424,2021,464000
3424,2022,478000
3424,2023,507000
5022,2016,469503.1862452436
5022,2017,477954.24359765794
5022,2018,496000
5022,2019,511000
5022,2020,511000
5022,2021,536000
5022,2022,546000
5022,2023,581000
5061,2016,514524.03972081485
5061,2017,523785.4724357895
5061,2018,539499.0366088632
5061,2019,567000
5061,2020,560000
5061,2021,577000
5061,2022,592000
5061,2023,648000
3439,2016,447000
3439,2017,465000
3439,2018,487000
3439,2019,494000
3439,2020,489000
3439,2021,511000
3439,2022,541000
3439,2023,581000
3305,2016,461000
3305,2017,472000
3305,2018,488000
3305,2019,504000
3305,2020,509000
3305,2021,529000
3305,2022,547000
3305,2023,587000
3411,2016,486000
3411,2017,498000
3411,2018,510000
3411,2019,528000
3411,2020,525000
3411,2021,550000
3411,2022,577000
3411,2023,621000
4201,2016,454000
4201,2017,463000
4201,2018,474000
4201,2019,485000
4201,2020,491000
4201,2021,519000
4201,2022,541000
4201,2023,580000
3336,2016,493000
3336,2017,512000
3336,2018,523000
3336,2019,540000
3336,2020,538000
3336,2021,566000
3336,2022,589000
3336,2023,626000
3112,2016,535000
3112,2017,543000
3112,2018,571000
3112,2019,582000
3112,2020,593000
3112,2021,622000
3112,2022,585000
3112,2023,679000
3224,2016,583000
3224,2017,595000
3224,2018,596000
3224,2019,611000
3224,2020,614000
3224,2021,631000
3224,2022,660000
3224,2023,704000
1836,2016,462000
1836,2017,474000
1836,2018,485000
1836,2019,521000
1836,2020,565000
1836,2021,571000
1836,2022,575000
1836,2023,624000
5025,2016,467665.6003890978
5025,2017,476083.58119610156
5025,2018,485000
5025,2019,498000
5025,2020,509000
5025,2021,539000
5025,2022,557000
5025,2023,598000
1856,2016,459000
1856,2017,471000
1856,2018,462000
1856,2019,498000
1856,2020,493000
1856,2021,508000
1856,2022,496000
1856,2023,565000
5417,2016,442000
5417,2017,446000
5417,2018,464000
5417,2019,478000
5417,2020,487000
5417,2021,522000
5417,2022,549000
5417,2023,577000
1840,2016,481000
1840,2017,506000
1840,2018,514000
1840,2019,537000
1840,2020,540000
1840,2021,561000
1840,2022,578000
1840,2023,617000
4623,2016,534000
4623,2017,547000
4623,2018,562000
4623,2019,580000
4623,2020,584000
4623,2021,612000
4623,2022,634000
4623,2023,683000
1514,2016,498000
1514,2017,511000
1514,2018,517000
1514,2019,536000
1514,2020,532000
1514,2021,543000
1514,2022,561000
1514,2023,613000
3907,2016,477772.32259789953
3907,2017,491000
3907,2018,504000
3907,2019,520000
3907,2020,520000
3907,2021,541000
3907,2022,568000
3907,2023,610000
1108,2016,568000
1108,2017,573500
1108,2018,589000
1108,2019,613500
1108,2020,610000
1108,2021,636000
1108,2022,660000
1108,2023,713000
3105,2016,467000
3105,2017,481000
3105,2018,493000
3105,2019,507000
3105,2020,512000
3105,2021,533000
3105,2022,557000
3105,2023,600000
1135,2016,485000
1135,2017,504000
1135,2018,521000
1135,2019,536000
1135,2020,548000
1135,2021,565000
1135,2022,594000
1135,2023,637000
3437,2016,448000
3437,2017,464000
3437,2018,470000
3437,2019,483000
3437,2020,488000
3437,2021,512000
3437,2022,528000
3437,2023,570000
5032,2016,505336.11044008605
5032,2017,514432.16042800754
5032,2018,529000
5032,2019,549000
5032,2020,550000
5032,2021,571000
5032,2022,600000
5032,2023,646000
4022,2016,460000
4022,2017,468000
4022,2018,482000
4022,2019,493000
4022,2020,499000
4022,2021,514000
4022,2022,531000
4022,2023,572000
5421,2016,452000
5421,2017,466500
5421,2018,479000
5421,2019,492000
5421,2020,531000
5421,2021,547000
5421,2022,565000
5421,2023,602000
3332,2016,508000
3332,2017,497000
3332,2018,508000
3332,2019,507000
3332,2020,511000
3332,2021,516000
3332,2022,529000
3332,2023,564000
4010,2016,567000
4010,2017,582000
4010,2018,591000
4010,2019,600000
4010,2020,608000
4010,2021,644000
4010,2022,676000
4010,2023,716000
4228,2016,559000
4228,2017,561000
4228,2018,601000
4228,2019,595000
4228,2020,607000
4228,2021,626000
4228,2022,655000
4228,2023,672000
5029,2016,608240.918384249
5029,2017,619189.2549151655
5029,2018,626000
5029,2019,647000
5029,2020,662000
5029,2021,675000
5029,2022,708000
5029,2023,758000
4003,2016,444000
4003,2017,458000
4003,2018,481000
4003,2019,490000
4003,2020,504000
4003,2021,520000
4003,2022,546000
4003,2023,589000
3116,2016,518000
3116,2017,533000
3116,2018,550000
3116,2019,558000
3116,2020,559000
3116,2021,576000
3116,2022,598000
3116,2023,633000
5427,2016,487000
5427,2017,495000
5427,2018,511000
5427,2019,526000
5427,2020,517000
5427,2021,532000
5427,2022,554000
5427,2023,581000
3433,2016,447000
3433,2017,460000
3433,2018,489000
3433,2019,497000
3433,2020,512000
3433,2021,532000
3433,2022,541000
3433,2023,587000
1573,2016,457000
1573,2017,476000
1573,2018,484000
1573,2019,502000
1573,2020,516000
1573,2021,521000
1573,2022,548000
1573,2023,594000
5041,2016,480528.70138211816
5041,2017,489178.21800699626
5041,2018,508000
5041,2019,524000
5041,2020,523000
5041,2021,549000
5041,2022,576000
5041,2023,611000
4640,2016,529666.6666666666
4640,2017,538333.3333333334
4640,2018,558666.6666666666
4640,2019,586333.3333333334
4640,2020,587000
4640,2021,608000
4640,2022,642000
4640,2023,689000
1111,2016,510000
1111,2017,517000
1111,2018,525000
1111,2019,547000
1111,2020,548000
1111,2021,584000
1111,2022,614000
1111,2023,668000
1124,2016,628000
1124,2017,630000
1124,2018,646000
1124,2019,665000
1124,2020,672000
1124,2021,692000
1124,2022,725000
1124,2023,780000
4636,2016,516000
4636,2017,517000
4636,2018,531000
4636,2019,532000
4636,2020,578000
4636,2021,606000
4636,2022,632000
4636,2023,666000
1870,2016,491000
1870,2017,495000
1870,2018,504000
1870,2019,526000
1870,2020,534000
1870,2021,551000
1870,2022,570000
1870,2023,612000
4649,2016,520000
4649,2017,542500
4649,2018,561000
4649,2019,571500
4649,2020,572000
4649,2021,604000
4649,2022,617000
4649,2023,669000
3413,2016,489000
3413,2017,500000
3413,2018,515000
3413,2019,536000
3413,2020,541000
3413,2021,563000
3413,2022,585000
3413,2023,626000
1103,2016,575000
1103,2017,583000
1103,2018,604000
1103,2019,624333.3333333334
1103,2020,585000
1103,2021,609000
1103,2022,636000
1103,2023,685000
1848,2016,446000
1848,2017,464000
1848,2018,490000
1848,2019,497000
1848,2020,513000
1848,2021,523000
1848,2022,553000
1848,2023,602000
5006,2016,476853.5296698266
5006,2017,485436.8932038835
5006,2018,485000
5006,2019,497000
5006,2020,519000
5006,2021,539000
5006,2022,560000
5006,2023,603000
5035,2016,518199.2114331064
5035,2017,527526.7972389023
5035,2018,549000
5035,2019,555000
5035,2020,564000
5035,2021,582000
5035,2022,615000
5035,2023,656000
3423,2016,397000
3423,2017,403000
3423,2018,418000
3423,2019,431000
3423,2020,430000
3423,2021,438000
3423,2022,462000
3423,2023,504000
4614,2016,544000
4614,2017,555000
4614,2018,568000
4614,2019,584000
4614,2020,578000
4614,2021,606000
4614,2022,637000
4614,2023,684000
5425,2016,470000
5425,2017,499000
5425,2018,513000
5425,2019,548000
5425,2020,520000
5425,2021,532000
5425,2022,550000
5425,2023,589000
1130,2016,544000
1130,2017,555000
1130,2018,580000
1130,2019,598000
1130,2020,610000
1130,2021,638000
1130,2022,659000
1130,2023,704000
1525,2016,511000
1525,2017,533000
1525,2018,545000
1525,2019,551000
1525,2020,554000
1525,2021,591000
1525,2022,612000
1525,2023,648000
4651,2016,495000
4651,2017,516000
4651,2018,530000
4651,2019,553000
4651,2020,539000
4651,2021,566000
4651,2022,586000
4651,2023,643000
1531,2016,562000
1531,2017,577000
1531,2018,582000
1531,2019,602000
1531,2020,605000
1531,2021,637000
1531,2022,671000
1531,2023,720000
1134,2016,532000
1134,2017,547000
1134,2018,569000
1134,2019,590000
1134,2020,585000
1134,2021,622000
1134,2022,647000
1134,2023,701000
1563,2016,483000
1563,2017,505000
1563,2018,519000
1563,2019,535000
1563,2020,546000
1563,2021,564000
1563,2022,587000
1563,2023,621000
4647,2016,544000
4647,2017,564000
4647,2018,584750
4647,2019,606250
4647,2020,600000
4647,2021,623000
4647,2022,646000
4647,2023,687000
1566,2016,506000
1566,2017,516000
1566,2018,521000
1566,2019,530000
1566,2020,529000
1566,2021,544000
1566,2022,567000
1566,2023,609000
4612,2016,566000
4612,2017,569000
4612,2018,585000
4612,2019,592000
4612,2020,605000
4612,2021,625000
4612,2022,655000
4612,2023,698000
1528,2016,533000
1528,2017,539000
1528,2018,554000
1528,2019,563000
1528,2020,585000
1528,2021,598000
1528,2022,613000
1528,2023,652000
1812,2016,460000
1812,2017,464000
1812,2018,478000
1812,2019,504000
1812,2020,512000
1812,2021,539000
1812,2022,550000
1812,2023,576000
3447,2016,443000
3447,2017,453000
3447,2018,469000
3447,2019,491000
3447,2020,484000
3447,2021,508000
3447,2022,525000
3447,2023,565000
3449,2016,434000
3449,2017,436000
3449,2018,452000
3449,2019,464000
3449,2020,470000
3449,2021,476000
3449,2022,517000
3449,2023,566000
3438,2016,464000
3438,2017,474000
3438,2018,484000
3438,2019,502000
3438,2020,506000
3438,2021,516000
3438,2022,539000
3438,2023,572000
3415,2016,492000
3415,2017,507000
3415,2018,524000
3415,2019,541000
3415,2020,546000
3415,2021,572000
3415,2022,590000
3415,2023,639000
5444,2016,504000
5444,2017,503000
5444,2018,523000
5444,2019,539000
5444,2020,539000
5444,2021,559000
5444,2022,580000
5444,2023,623000
1845,2016,493000
1845,2017,494000
1845,2018,504000
1845,2019,520000
1845,2020,527000
1845,2021,539000
1845,2022,560000
1845,2023,603000
5419,2016,507000
5419,2017,519000
5419,2018,524000
5419,2019,550000
5419,2020,556000
5419,2021,572000
5419,2022,580000
5419,2023,621000
1121,2016,578000
1121,2017,583000
1121,2018,596000
1121,2019,610000
1121,2020,612000
1121,2021,635000
1121,2022,660000
1121,2023,723000
1560,2016,487000
1560,2017,487000
1560,2018,498000
1560,2019,529000
1560,2020,530000
1560,2021,562000
1560,2022,590000
1560,2023,625000
4026,2016,461000
4026,2017,485000
4026,2018,501000
4026,2019,521000
4026,2020,526000
4026,2021,536000
4026,2022,569000
4026,2023,605000
5412,2016,493000
5412,2017,503000
5412,2018,514000
5412,2019,523000
5412,2020,532000
5412,2021,543000
5412,2022,571000
5412,2023,606000
4034,2016,481000
4034,2017,483000
4034,2018,504000
4034,2019,522000
4034,2020,524000
4034,2021,542000
4034,2022,561000
4034,2023,599000
3426,2016,466000
3426,2017,480000
3426,2018,502000
3426,2019,515000
3426,2020,516000
3426,2021,513000
3426,2022,554000
3426,2023,600000
5401,2016,509000
5401,2017,520000
5401,2018,529000
5401,2019,547000
5401,2020,544000
5401,2021,563000
5401,2022,585000
5401,2023,618000
5001,2016,490635.4235909199
5001,2017,499466.8612155564
5001,2018,556000
5001,2019,580000
5001,2020,534000
5001,2021,553000
5001,2022,577000
5001,2023,622000
3421,2016,427000
3421,2017,442000
3421,2018,459000
3421,2019,471000
3421,2020,477000
3421,2021,484000
3421,2022,512000
3421,2023,546000
1835,2016,450000
1835,2017,446000
1835,2018,477000
1835,2019,511000
1835,2020,466000
1835,2021,491000
1835,2022,483000
1835,2023,530000
4213,2016,471000
4213,2017,473000
4213,2018,498000
4213,2019,506000
4213,2020,510000
4213,2021,540000
4213,2022,549000
4213,2023,591000
5033,2016,488797.8377347741
5033,2017,497596.198814
5033,2018,520000
5033,2019,529000
5033,2020,532000
5033,2021,547000
5033,2022,590000
5033,2023,607000
3427,2016,480000
3427,2017,502000
3427,2018,515000
3427,2019,525000
3427,2020,537000
3427,2021,557000
3427,2022,568000
3427,2023,613000
4616,2016,497000
4616,2017,510000
4616,2018,527000
4616,2019,541000
4616,2020,537000
4616,2021,568000
4616,2022,585000
4616,2023,622000
1146,2016,598000
1146,2017,606000
1146,2018,618000
1146,2019,640000
1146,2020,639000
1146,2021,661000
1146,2022,688000
1146,2023,737000
3905,2016,495500
3905,2017,511500
3905,2018,529000
3905,2019,543500
3905,2020,530000
3905,2021,551000
3905,2022,575000
3905,2023,618000
3209,2016,543000
3209,2017,560000
3209,2018,573000
3209,2019,589000
3209,2020,594000
3209,2021,607000
3209,2022,644000
3209,2023,687000
4618,2016,501000
4618,2017,522666.6666666667
4618,2018,536333.3333333334
4618,2019,542000
4618,2020,541000
4618,2021,560000
4618,2022,589000
4618,2023,645000
1516,2016,527000
1516,2017,542000
1516,2018,561000
1516,2019,591000
1516,2020,595000
1516,2021,611000
1516,2022,628000
1516,2023,678000
4620,2016,477000
4620,2017,502000
4620,2018,528000
4620,2019,543000
4620,2020,544000
4620,2021,568000
4620,2022,598000
4620,2023,653000
5442,2016,427000
5442,2017,452000
5442,2018,447000
5442,2019,445000
5442,2020,464000
5442,2021,468000
5442,2022,514000
5442,2023,557000
1151,2016,552000
1151,2017,576000
1151,2018,608000
1151,2019,577000
1151,2020,607000
1151,2021,643000
1151,2022,592000
1151,2023,712000
5405,2016,484000
5405,2017,507000
5405,2018,515000
5405,2019,534000
5405,2020,545000
5405,2021,563000
5405,2022,583000
5405,2023,622000
4628,2016,486000
4628,2017,499000
4628,2018,516000
4628,2019,531000
4628,2020,543000
4628,2021,556000
4628,2022,592000
4628,2023,631000
4221,2016,489000
4221,2017,494000
4221,2018,515000
4221,2019,553000
4221,2020,551000
4221,2021,571000
4221,2022,596000
4221,2023,652000
3454,2016,453000
3454,2017,477000
3454,2018,486000
3454,2019,496000
3454,2020,504000
3454,2021,533000
3454,2022,560000
3454,2023,606000
1511,2016,509000
1511,2017,528000
1511,2018,537000
1511,2019,560000
1511,2020,558000
1511,2021,586000
1511,2022,606000
1511,2023,650000
5404,2016,402000
5404,2017,407000
5404,2018,417000
5404,2019,434000
5404,2020,436000
5404,2021,459000
5404,2022,483000
5404,2023,492000
1824,2016,473000
1824,2017,488000
1824,2018,501000
1824,2019,516000
1824,2020,519000
1824,2021,535000
1824,2022,559000
1824,2023,610000
1815,2016,451000
1815,2017,472000
1815,2018,477000
1815,2019,498000
1815,2020,496000
1815,2021,563000
1815,2022,536000
1815,2023,583000
4212,2016,467000
4212,2017,466000
4212,2018,493000
4212,2019,532000
4212,2020,529000
4212,2021,552000
4212,2022,579000
4212,2023,619000
4223,2016,496000
4223,2017,503000
4223,2018,512000
4223,2019,526000
4223,2020,525000
4223,2021,549000
4223,2022,570000
4223,2023,617000
5038,2016,478691.1155259724
5038,2017,487307.5556054399
5038,2018,508000
5038,2019,524000
5038,2020,521000
5038,2021,541000
5038,2022,565000
5038,2023,607000
3216,2016,587000
3216,2017,604000
3216,2018,615000
3216,2019,626000
3216,2020,630000
3216,2021,661000
3216,2022,684000
3216,2023,728000
1535,2016,480000
1535,2017,500000
1535,2018,515000
1535,2019,541000
1535,2020,549000
1535,2021,564000
1535,2022,578000
1535,2023,625000
3452,2016,443000
3452,2017,464000
3452,2018,485000
3452,2019,504000
3452,2020,502000
3452,2021,520000
3452,2022,556000
3452,2023,592000
3443,2016,477000
3443,2017,494000
3443,2018,505000
3443,2019,514000
3443,2020,509000
3443,2021,529000
3443,2022,554000
3443,2023,596000
1860,2016,478000
1860,2017,491000
1860,2018,503000
1860,2019,521000
1860,2020,529000
1860,2021,542000
1860,2022,567000
1860,2023,611000
1816,2016,449000
1816,2017,461000
1816,2018,444000
1816,2019,473000
1816,2020,480000
1816,2021,508000
1816,2022,521000
1816,2023,575000
4639,2016,497000
4639,2017,513000
4639,2018,530000
4639,2019,557000
4639,2020,560000
4639,2021,582000
4639,2022,609000
4639,2023,650000
1160,2016,524000
1160,2017,530000
1160,2018,550000
1160,2019,578000
1160,2020,582000
1160,2021,602000
1160,2022,630000
1160,2023,672000
4036,2016,484000
4036,2017,492000
4036,2018,507000
4036,2019,521000
4036,2020,527000
4036,2021,554000
4036,2022,573000
4036,2023,607000
1577,2016,529500
1577,2017,539500
1577,2018,555000
1577,2019,557000
1577,2020,540000
1577,2021,566000
1577,2022,591000
1577,2023,632000
4621,2016,497000
4621,2017,516000
4621,2018,532000
4621,2019,547500
4621,2020,561000
4621,2021,575000
4621,2022,610000
4621,2023,662000
1865,2016,467000
1865,2017,480000
1865,2018,492000
1865,2019,505000
1865,2020,508000
1865,2021,526000
1865,2022,541000
1865,2023,575000
3435,2016,458000
3435,2017,476000
3435,2018,511000
3435,2019,501000
3435,2020,507000
3435,2021,527000
3435,2022,563000
3435,2023,596000
3419,2016,440000
3419,2017,449000
3419,2018,454000
3419,2019,469000
3419,2020,465000
3419,2021,487000
3419,2022,502000
3419,2023,534000
3114,2016,581000
3114,2017,593000
3114,2018,603000
3114,2019,616000
3114,2020,623000
3114,2021,650000
3114,2022,672000
3114,2023,704000
1857,2016,417000
1857,2017,424000
1857,2018,427000
1857,2019,442000
1857,2020,437000
1857,2021,455000
1857,2022,449000
1857,2023,478000
5058,2016,491554.2165189928
5058,2017,500402.19241633464
5058,2018,514500
5058,2019,523000
5058,2020,535000
5058,2021,550000
5058,2022,576000
5058,2023,615000
3328,2016,569000
3328,2017,585000
3328,2018,599000
3328,2019,621000
3328,2020,626000
3328,2021,643000
3328,2022,668000
3328,2023,720000
1507,2016,534800
1507,2017,550200
1507,2018,560800
1507,2019,574800
1507,2020,551000
1507,2021,579000
1507,2022,604000
1507,2023,649000
4217,2016,457000
4217,2017,473000
4217,2018,492000
4217,2019,516000
4217,2020,512000
4217,2021,509000
4217,2022,523000
4217,2023,568000
3422,2016,439000
3422,2017,437000
3422,2018,451000
3422,2019,465000
3422,2020,473000
3422,2021,484000
3422,2022,510000
3422,2023,550000
4643,2016,507000
4643,2017,523000
4643,2018,544000
4643,2019,558000
4643,2020,555000
4643,2021,577000
4643,2022,598000
4643,2023,645000
3218,2016,553000
3218,2017,552000
3218,2018,568000
3218,2019,577000
3218,2020,587000
3218,2021,604000
3218,2022,630000
3218,2023,677000
4224,2016,478000
4224,2017,511000
4224,2018,534000
4224,2019,575000
4224,2020,599000
4224,2021,580000
4224,2022,629000
4224,2023,671000
3418,2016,432000
3418,2017,438000
3418,2018,452000
3418,2019,458000
3418,2020,469000
3418,2021,488000
3418,2022,512000
3418,2023,544000
1868,2016,461000
1868,2017,466000
1868,2018,481000
1868,2019,506000
1868,2020,507000
1868,2021,520000
1868,2022,527000
1868,2023,565000
5057,2016,480528.70138211816
5057,2017,489178.21800699626
5057,2018,502500
5057,2019,519000
5057,2020,523000
5057,2021,544000
5057,2022,564000
5057,2023,615000
1520,2016,515000
1520,2017,524000
1520,2018,543000
1520,2019,563000
1520,2020,565000
1520,2021,584000
1520,2022,609000
1520,2023,653000
3442,2016,479000
3442,2017,495000
3442,2018,514000
3442,2019,525000
3442,2020,529000
3442,2021,543000
3442,2022,570000
3442,2023,613000
3314,2016,471000
3314,2017,494000
3314,2018,513000
3314,2019,526000
3314,2020,523000
3314,2021,546000
3314,2022,562000
3314,2023,626000
3440,2016,478000
3440,2017,490000
3440,2018,509000
3440,2019,518000
3440,2020,511000
3440,2021,532000
3440,2022,563000
3440,2023,606000
4626,2016,579666.6666666666
4626,2017,587000
4626,2018,599000
4626,2019,613333.3333333334
4626,2020,630000
4626,2021,658000
4626,2022,684000
4626,2023,726000
3453,2016,476000
3453,2017,481000
3453,2018,493000
3453,2019,507000
3453,2020,512000
3453,2021,533000
3453,2022,559000
3453,2023,588000
