municipality_code,year,median_age
0301,2016,35.0900386224654
0301,2017,35.175349794238684
0301,2018,35.24743806987816
0301,2019,35.35552384834896
0301,2020,35.402550661137624
0301,2021,35.560770440251574
0301,2022,35.6963011280792
0301,2023,35.812651791135394
1101,2016,38.86702127659574
1101,2017,39.16935483870968
1101,2018,39.582352941176474
1101,2019,39.94708994708995
1101,2020,40.36243386243386
1101,2021,40.69034090909091
1101,2022,40.85326086956522
1101,2023,41.097883597883595
1103,2016,36.41156149239981
1103,2017,36.75209302325582
1103,2018,37.172348484848484
1103,2019,37.450779727095515
1103,2020,37.670365233472026
1103,2021,38.026525821596245
1103,2022,38.34663763909047
1103,2023,38.59380819366853
1106,2016,38.4541015625
1106,2017,38.791288566243196
1106,2018,39.326247689463955
1106,2019,39.80034722222222
1106,2020,40.304920913884004
1106,2021,40.768714011516316
1106,2022,41.21022727272727
1106,2023,41.354126679462574
1108,2016,34.9991652754591
1108,2017,35.30272952853598
1108,2018,35.64828137490008
1108,2019,36.042494042891185
1108,2020,36.37194189602447
1108,2021,36.804545454545455
1108,2022,37.23654708520179
1108,2023,37.58015815959741
1111,2016,40.51315789473684
1111,2017,40.666666666666664
1111,2018,40.46969696969697
1111,2019,41.015625
1111,2020,42.11764705882353
1111,2021,42.464285714285715
1111,2022,42.84722222222222
1111,2023,42.638888888888886
1112,2016,38.564516129032256
1112,2017,38.723684210526315
1112,2018,39.5
1112,2019,39.7972972972973
1112,2020,40.24390243902439
1112,2021,41.07142857142857
1112,2022,41.357142857142854
1112,2023,41.529411764705884
1114,2016,36.08974358974359
1114,2017,36.53846153846154
1114,2018,36.73529411764706
1114,2019,37.19117647058823
1114,2020,37.74242424242424
1114,2021,38.01470588235294
1114,2022,38.875
1114,2023,39.08888888888889
1119,2016,34.19525547445255
1119,2017,34.49097472924188
1119,2018,34.92673992673993
1119,2019,35.407407407407405
1119,2020,35.70074349442379
1119,2021,36.29962546816479
1119,2022,36.70967741935484
1119,2023,36.97457627118644
1120,2016,34.711409395973156
1120,2017,35.18181818181818
1120,2018,35.59137931034483
1120,2019,35.93436293436294
1120,2020,36.18939393939394
1120,2021,36.34586466165413
1120,2022,36.34169884169884
1120,2023,36.29537953795379
1121,2016,34.865671641791046
1121,2017,35.19927536231884
1121,2018,35.64962121212121
1121,2019,36.11302681992337
1121,2020,36.5985401459854
1121,2021,36.92537313432836
1121,2022,37.237827715355806
1121,2023,37.41459074733096
1122,2016,32.98148148148148
1122,2017,33.61052631578947
1122,2018,34.25
1122,2019,34.80833333333333
1122,2020,35.31491712707182
1122,2021,35.82539682539682
1122,2022,36.248717948717946
1122,2023,36.71739130434783
1124,2016,35.09254498714653
1124,2017,35.75615763546798
1124,2018,36.09101941747573
1124,2019,36.404411764705884
1124,2020,36.60697115384615
1124,2021,36.86233480176212
1124,2022,37.291666666666664
1124,2023,37.53356481481482
1127,2016,36.410714285714285
1127,2017,36.65963855421687
1127,2018,36.889763779527556
1127,2019,37.04135338345865
1127,2020,37.44932432432432
1127,2021,37.982394366197184
1127,2022,38.070422535211264
1127,2023,38.26331360946745
1130,2016,36.13513513513514
1130,2017,36.21818181818182
1130,2018,36.55555555555556
1130,2019,36.983333333333334
1130,2020,37.455026455026456
1130,2021,37.851851851851855
1130,2022,37.961290322580645
1130,2023,38.025
1133,2016,40.458333333333336
1133,2017,40.578947368421055
1133,2018,40.234375
1133,2019,41.125
1133,2020,41.878787878787875
1133,2021,42.18181818181818
1133,2022,42.78260869565217
1133,2023,43.3
1134,2016,41.29807692307692
1134,2017,41.75
1134,2018,42.083333333333336
1134,2019,42.644444444444446
1134,2020,43
1134,2021,43.30681818181818
1134,2022,43.79545454545455
1134,2023,44.05434782608695
1135,2016,42.666666666666664
1135,2017,42.05084745762712
1135,2018,42.956896551724135
1135,2019,43.64035087719298
1135,2020,43.877049180327866
1135,2021,44.041666666666664
1135,2022,44.45522388059702
1135,2023,43.84426229508197
1144,2016,44.285714285714285
1144,2017,42.90909090909091
1144,2018,43.81818181818182
1144,2019,46.25
1144,2020,46.8125
1144,2021,47.4375
1144,2022,48.083333333333336
1144,2023,48.22727272727273
1145,2016,42.17857142857143
1145,2017,42.57692307692308
1145,2018,43.142857142857146
1145,2019,44.15384615384615
1145,2020,44.36363636363637
1145,2021,45.13636363636363
1145,2022,46.15
1145,2023,46.333333333333336
1146,2016,36.058282208588956
1146,2017,36.34313725490196
1146,2018,36.93884892086331
1146,2019,37.397260273972606
1146,2020,37.79530201342282
1146,2021,38.22516556291391
1146,2022,38.57565789473684
1146,2023,38.71678321678322
1149,2016,38.16394927536232
1149,2017,38.48284734133791
1149,2018,38.789879931389365
1149,2019,39.19117647058823
1149,2020,39.53781512605042
1149,2021,39.90313653136531
1149,2022,40.089814814814815
1149,2023,40.26827094474153
1151,2016,43
1151,2017,40.5
1151,2018,40.5
1151,2019,43.5
1151,2020,44
1151,2021,46
1151,2022,48
1151,2023,45.5
1160,2016,38.51
1160,2017,38.86086956521739
1160,2018,39.30416666666667
1160,2019,39.63333333333333
1160,2020,40.00952380952381
1160,2021,40.41011235955056
1160,2022,40.82936507936508
1160,2023,41.099236641221374
1505,2016,41.13897280966767
1505,2017,41.53046594982079
1505,2018,42.02482269503546
1505,2019,42.362369337979096
1505,2020,42.72837370242215
1505,2021,43.149484536082475
1505,2022,43.514134275618375
1505,2023,43.51470588235294
1506,2016,40.770392749244714
1506,2017,41.03323262839879
1506,2018,41.265277777777776
1506,2019,41.43213296398892
1506,2020,41.746684350132625
1506,2021,42.27733333333333
1506,2022,42.404639175257735
1506,2023,42.32219570405728
1507,2016,38.36138613861386
1507,2017,38.486666666666665
1507,2018,38.722147651006715
1507,2019,38.91264667535854
1507,2020,39.43604004449388
1507,2021,39.65057471264368
1507,2022,39.834983498349835
1507,2023,40.12568306010929
1511,2016,48.52173913043478
1511,2017,49.05813953488372
1511,2018,49.52040816326531
1511,2019,49.98913043478261
1511,2020,50.47872340425532
1511,2021,51.11224489795919
1511,2022,51.88297872340426
1511,2023,52.351063829787236
1514,2016,45.233333333333334
1514,2017,45.48780487804878
1514,2018,46.2
1514,2019,46.477777777777774
1514,2020,46.94047619047619
1514,2021,47.59756097560975
1514,2022,48.2
1514,2023,48.333333333333336
1515,2016,41.248062015503876
1515,2017,41.68348623853211
1515,2018,41.99561403508772
1515,2019,42.5921052631579
1515,2020,43.025862068965516
1515,2021,43.46534653465346
1515,2022,43.85537190082645
1515,2023,43.94
1516,2016,38.059322033898304
1516,2017,38.54090909090909
1516,2018,38.890243902439025
1516,2019,39.523622047244096
1516,2020,40.19767441860465
1516,2021,40.80769230769231
1516,2022,41.25847457627118
1516,2023,40.92272727272727
1517,2016,38.64666666666667
1517,2017,38.99333333333333
1517,2018,39.63636363636363
1517,2019,39.75
1517,2020,39.88805970149254
1517,2021,40.52857142857143
1517,2022,40.63793103448276
1517,2023,40.895161290322584
1520,2016,40.755639097744364
1520,2017,40.762962962962966
1520,2018,40.846774193548384
1520,2019,40.95263157894737
1520,2020,40.75769230769231
1520,2021,41.144
1520,2022,41.47810218978102
1520,2023,41.71768707482993
1525,2016,42.56896551724138
1525,2017,42.77884615384615
1525,2018,43.53
1525,2019,43.833333333333336
1525,2020,44.14150943396226
1525,2021,44.806451612903224
1525,2022,45.23015873015873
1525,2023,45.234375
1528,2016,41.325471698113205
1528,2017,41.48529411764706
1528,2018,41.74742268041237
1528,2019,42.324742268041234
1528,2020,42.894444444444446
1528,2021,43.355555555555554
1528,2022,43.78409090909091
1528,2023,44.02325581395349
1531,2016,36.865671641791046
1531,2017,37.173758865248224
1531,2018,37.18846153846154
1531,2019,37.39510489510489
1531,2020,38.02758620689655
1531,2021,38.45744680851064
1531,2022,38.53082191780822
1531,2023,38.765151515151516
1532,2016,36.6198347107438
1532,2017,36.851063829787236
1532,2018,36.84848484848485
1532,2019,37.067961165048544
1532,2020,37.48461538461538
1532,2021,38.02307692307692
1532,2022,38.3639705882353
1532,2023,38.621848739495796
1535,2016,43.14204545454545
1535,2017,43.59146341463415
1535,2018,44.089285714285715
1535,2019,44.33734939759036
1535,2020,44.79012345679013
1535,2021,45.48275862068966
1535,2022,45.734177215189874
1535,2023,45.55487804878049
1539,2016,44.03225806451613
1539,2017,44.34466019417476
1539,2018,44.463855421686745
1539,2019,44.575892857142854
1539,2020,44.82022471910113
1539,2021,45.12048192771084
1539,2022,45.0679012345679
1539,2023,45
1547,2016,38.78947368421053
1547,2017,39.03947368421053
1547,2018,39.611111111111114
1547,2019,39.93859649122807
1547,2020,40.51754385964912
1547,2021,40.8448275862069
1547,2022,41.142857142857146
1547,2023,40.54347826086956
1554,2016,42.516129032258064
1554,2017,43.075268817204304
1554,2018,43.31875
1554,2019,43.56481481481482
1554,2020,44.1578947368421
1554,2021,44.87951807228916
1554,2022,45.04819277108434
1554,2023,45.015625
1557,2016,43.34848484848485
1557,2017,43.28378378378378
1557,2018,43.345238095238095
1557,2019,43.40384615384615
1557,2020,43.979166666666664
1557,2021,43.5945945945946
1557,2022,43.75
1557,2023,43.74242424242424
1560,2016,45.4078947368421
1560,2017,45.73076923076923
1560,2018,46.31707317073171
1560,2019,46.86290322580645
1560,2020,47.391666666666666
1560,2021,48.404761904761905
1560,2022,48.77142857142857
1560,2023,48.45744680851064
1563,2016,44.44897959183673
1563,2017,44.73267326732673
1563,2018,45.12626262626262
1563,2019,45.4078947368421
1563,2020,46.03947368421053
1563,2021,46.47435897435897
1563,2022,46.725806451612904
1563,2023,46.142857142857146
1566,2016,44.73762376237624
1566,2017,45.03921568627451
1566,2018,45.125
1566,2019,45.701149425287355
1566,2020,46.03448275862069
1566,2021,46.88
1566,2022,46.86363636363637
1566,2023,46.907407407407405
1573,2016,47.171875
1573,2017,46.78260869565217
1573,2018,46.80769230769231
1573,2019,47.08
1573,2020,47.39393939393939
1573,2021,47.92857142857143
1573,2022,48.233333333333334
1573,2023,47.92857142857143
1576,2016,42.85057471264368
1576,2017,42.870370370370374
1576,2018,42.94193548387097
1576,2019,43.21153846153846
1576,2020,47.47959183673469
1576,2021,48
1576,2022,49.166666666666664
1576,2023,49.37234042553192
1577,2016,39.02358490566038
1577,2017,39.08571428571429
1577,2018,39.138888888888886
1577,2019,39.396
1577,2020,39.40686274509804
1577,2021,38.193396226415096
1577,2022,38.3936170212766
1577,2023,38.6865671641791
1578,2016,45.06896551724138
1578,2017,45.44117647058823
1578,2018,45.95348837209303
1578,2019,46.88095238095238
1578,2020,47.43023255813954
1578,2021,48.421052631578945
1578,2022,49.243589743589745
1578,2023,49.529411764705884
1579,2016,39.660606060606064
1579,2017,39.848214285714285
1579,2018,40.0030303030303
1579,2019,40.43
1579,2020,40.70134228187919
1579,2021,41.035483870967745
1579,2022,41.46944444444444
1579,2023,41.706043956043956
1804,2016,38.268488745980704
1804,2017,38.27596899224806
1804,2018,38.32673267326733
1804,2019,38.49109792284867
1804,2020,38.77015558698727
1804,2021,39.10679611650485
1804,2022,39.24410029498525
1804,2023,39.46847507331378
1806,2016,43.4377990430622
1806,2017,43.4377990430622
1806,2018,43.4377990430622
1806,2019,43.4377990430622
1806,2020,43.4377990430622
1806,2021,43.859375
1806,2022,44.21145374449339
1806,2023,44.39958158995816
1811,2016,49.92857142857143
1811,2017,49.65625
1811,2018,49.21052631578947
1811,2019,49.72222222222222
1811,2020,50.578947368421055
1811,2021,51.44736842105263
1811,2022,51.6
1811,2023,52.642857142857146
1812,2016,44.27142857142857
1812,2017,44.75
1812,2018,45.5
1812,2019,45.57142857142857
1812,2020,46.385714285714286
1812,2021,46.785714285714285
1812,2022,46.916666666666664
1812,2023,47.193548387096776
1813,2016,41.351851851851855
1813,2017,41.4875
1813,2018,41.53932584269663
1813,2019,41.97560975609756
1813,2020,42.403614457831324
1813,2021,43.339506172839506
1813,2022,43.76875
1813,2023,43.74742268041237
1815,2016,47.40909090909091
1815,2017,48.04545454545455
1815,2018,48.5
1815,2019,48.55
1815,2020,49.5
1815,2021,49.9375
1815,2022,50.59375
1815,2023,50.75925925925926
1816,2016,47.0625
1816,2017,45.2
1816,2018,46.333333333333336
1816,2019,46.375
1816,2020,50.6
1816,2021,50.166666666666664
1816,2022,51
1816,2023,51.2
1818,2016,45.023809523809526
1818,2017,44.19047619047619
1818,2018,44.166666666666664
1818,2019,44.23529411764706
1818,2020,44.675
1818,2021,44.575
1818,2022,44.44117647058823
1818,2023,44.63333333333333
1820,2016,42.31875
1820,2017,42.57
1820,2018,42.689655172413794
1820,2019,43.43292682926829
1820,2020,43.49285714285714
1820,2021,44.183098591549296
1820,2022,44.40625
1820,2023,44.61971830985915
1822,2016,41.42307692307692
1822,2017,40.55
1822,2018,40.517857142857146
1822,2019,40.5
1822,2020,41.51851851851852
1822,2021,42.285714285714285
1822,2022,42.79545454545455
1822,2023,43.21739130434783
1824,2016,43.42892156862745
1824,2017,43.57666666666667
1824,2018,43.74390243902439
1824,2019,44.0210843373494
1824,2020,44.43448275862069
1824,2021,44.484848484848484
1824,2022,44.590322580645164
1824,2023,44.47260273972603
1825,2016,46.63157894736842
1825,2017,46.79545454545455
1825,2018,47.28260869565217
1825,2019,47.03333333333333
1825,2020,46.77777777777778
1825,2021,47.47222222222222
1825,2022,47.31818181818182
1825,2023,49.15
1826,2016,46.083333333333336
1826,2017,47.05882352941177
1826,2018,46.93478260869565
1826,2019,48.275
1826,2020,49.078947368421055
1826,2021,50.23684210526316
1826,2022,50.47222222222222
1826,2023,50.529411764705884
1827,2016,46.375
1827,2017,46.42857142857143
1827,2018,46.68518518518518
1827,2019,47.72222222222222
1827,2020,48.425925925925924
1827,2021,49.55357142857143
1827,2022,50.125
1827,2023,50.47727272727273
1828,2016,40.733333333333334
1828,2017,40.976190476190474
1828,2018,42.232142857142854
1828,2019,42.9
1828,2020,43.625
1828,2021,45.46551724137931
1828,2022,45.95454545454545
1828,2023,45.78846153846154
1832,2016,44.714285714285715
1832,2017,44.76190476190476
1832,2018,44.872093023255815
1832,2019,45.05681818181818
1832,2020,45.791666666666664
1832,2021,45.92727272727273
1832,2022,46.578947368421055
1832,2023,45.8921568627451
1833,2016,42.066964285714285
1833,2017,42.237864077669904
1833,2018,42.258278145695364
1833,2019,42.316071428571426
1833,2020,42.6140350877193
1833,2021,42.902061855670105
1833,2022,43.04391891891892
1833,2023,43.140221402214024
1834,2016,45.369565217391305
1834,2017,45.15
1834,2018,45.458333333333336
1834,2019,45.90909090909091
1834,2020,46.36363636363637
1834,2021,46.5
1834,2022,47.11363636363637
1834,2023,47.81818181818182
1835,2016,41
1835,2017,41.375
1835,2018,41
1835,2019,41.666666666666664
1835,2020,43.75
1835,2021,43.333333333333336
1835,2022,42.5
1835,2023,43.25
1836,2016,43.8421052631579
1836,2017,44.125
1836,2018,44.90625
1836,2019,45.3125
1836,2020,45.96153846153846
1836,2021,46.75
1836,2022,47.31818181818182
1836,2023,48.11538461538461
1837,2016,43.17613636363637
1837,2017,43.52272727272727
1837,2018,43.9125
1837,2019,44.2710843373494
1837,2020,44.486486486486484
1837,2021,44.8359375
1837,2022,45.261538461538464
1837,2023,44.79365079365079
1838,2016,45.78846153846154
1838,2017,46.166666666666664
1838,2018,46.285714285714285
1838,2019,47.32
1838,2020,48.541666666666664
1838,2021,50.68181818181818
1838,2022,51.17391304347826
1838,2023,50.96666666666667
1839,2016,51.78260869565217
1839,2017,51.86842105263158
1839,2018,52.975
1839,2019,53.05555555555556
1839,2020,53.233333333333334
1839,2021,54.166666666666664
1839,2022,54.07142857142857
1839,2023,54.205882352941174
1840,2016,45.53623188405797
1840,2017,45.69230769230769
1840,2018,46.009803921568626
1840,2019,46.35964912280702
1840,2020,46.58474576271186
1840,2021,46.96363636363636
1840,2022,47.35454545454545
1840,2023,47.12
1841,2016,44.04255319148936
1841,2017,44.034351145038165
1841,2018,44.31021897810219
1841,2019,44.41525423728814
1841,2020,44.6858407079646
1841,2021,45.35398230088496
1841,2022,45.71848739495798
1841,2023,46.11206896551724
1845,2016,47.07142857142857
1845,2017,47.166666666666664
1845,2018,46.86
1845,2019,47.410714285714285
1845,2020,48.464285714285715
1845,2021,48.96666666666667
1845,2022,49.564516129032256
1845,2023,50.20967741935484
1848,2016,47.661764705882355
1848,2017,47.955882352941174
1848,2018,48.26470588235294
1848,2019,47.65625
1848,2020,47.69767441860465
1848,2021,48.04651162790697
1848,2022,48.0945945945946
1848,2023,47.421875
1851,2016,49
1851,2017,49.5625
1851,2018,50.59375
1851,2019,51.05
1851,2020,51.90625
1851,2021,52.89393939393939
1851,2022,53.96969696969697
1851,2023,53.97826086956522
1853,2016,47.04761904761905
1853,2017,47.857142857142854
1853,2018,48.520833333333336
1853,2019,49.145833333333336
1853,2020,50.541666666666664
1853,2021,51.19230769230769
1853,2022,50.55555555555556
1853,2023,51.27777777777778
1856,2016,45.125
1856,2017,46.875
1856,2018,48.1875
1856,2019,48
1856,2020,48.6
1856,2021,49.2
1856,2022,50.25
1856,2023,50.5
1857,2016,42.59090909090909
1857,2017,43.8
1857,2018,44.2
1857,2019,45.6
1857,2020,45.857142857142854
1857,2021,46.75
1857,2022,48.666666666666664
1857,2023,47.583333333333336
1859,2016,46.44444444444444
1859,2017,46.84090909090909
1859,2018,47.976190476190474
1859,2019,48.76190476190476
1859,2020,49.36363636363637
1859,2021,50.69565217391305
1859,2022,51.08695652173913
1859,2023,50.75
1860,2016,40.90833333333333
1860,2017,40.73529411764706
1860,2018,40.46818181818182
1860,2019,40.705882352941174
1860,2020,40.972
1860,2021,40.92068965517242
1860,2022,41.09219858156028
1860,2023,41.503246753246756
1865,2016,41.96124031007752
1865,2017,41.91129032258065
1865,2018,41.58130081300813
1865,2019,41.82824427480916
1865,2020,42.16793893129771
1865,2021,42.424
1865,2022,42.69117647058823
1865,2023,42.986111111111114
1866,2016,44.073170731707314
1866,2017,44.45909090909091
1866,2018,44.39080459770115
1866,2019,44.48529411764706
1866,2020,44.8013698630137
1866,2021,44.565934065934066
1866,2022,44.68681318681319
1866,2023,44.80434782608695
1867,2016,50.42553191489362
1867,2017,50.80555555555556
1867,2018,50.871428571428574
1867,2019,51.11764705882353
1867,2020,51.712765957446805
1867,2021,52.333333333333336
1867,2022,52.73255813953488
1867,2023,53.30952380952381
1868,2016,43.37068965517241
1868,2017,43.55384615384615
1868,2018,44.03968253968254
1868,2019,44.798507462686565
1868,2020,45.417910447761194
1868,2021,45.5625
1868,2022,45.528301886792455
1868,2023,45.70652173913044
1870,2016,39.89655172413793
1870,2017,39.774193548387096
1870,2018,40.224409448818896
1870,2019,40.239669421487605
1870,2020,40.378151260504204
1870,2021,40.889830508474574
1870,2022,41.101694915254235
1870,2023,41.56818181818182
1871,2016,45.776119402985074
1871,2017,46.43478260869565
1871,2018,46.726027397260275
1871,2019,47.463235294117645
1871,2020,48.485074626865675
1871,2021,49.11764705882353
1871,2022,49
1871,2023,48.801886792452834
1874,2016,45.8125
1874,2017,46.44117647058823
1874,2018,46.93333333333333
1874,2019,47.3
1874,2020,47.67857142857143
1874,2021,48.65625
1874,2022,49.625
1874,2023,49.625
1875,2016,47.90909090909091
1875,2017,47.90909090909091
1875,2018,47.90909090909091
1875,2019,47.90909090909091
1875,2020,47.90909090909091
1875,2021,48.86363636363637
1875,2022,48.71875
1875,2023,49.32258064516129
3101,2016,41.837150127226465
3101,2017,42.055
3101,2018,42.315989847715734
3101,2019,42.72332506203474
3101,2020,42.99142156862745
3101,2021,43.3992628992629
3101,2022,43.70528967254408
3101,2023,43.96700507614213
3103,2016,42.4745269286754
3103,2017,42.70521861777151
3103,2018,43.01628895184136
3103,2019,43.51443001443001
3103,2020,43.88351822503962
3103,2021,44.044444444444444
3103,2022,44.11437403400309
3103,2023,44.08995502248876
3105,2016,41.27154046997389
3105,2017,41.405533063427804
3105,2018,41.485155195681514
3105,2019,41.64366998577525
3105,2020,41.66712898751734
3105,2021,41.73737373737374
3105,2022,41.76332899869961
3105,2023,41.75668449197861
3107,2016,41.80779569892473
3107,2017,41.925762045231075
3107,2018,42.14070107108082
3107,2019,42.360917248255234
3107,2020,42.57149950347567
3107,2021,42.825943396226414
3107,2022,43.01885014137606
3107,2023,43.205128205128204
3110,2016,48.64492753623188
3110,2017,49.9375
3110,2018,50.916666666666664
3110,2019,51.47794117647059
3110,2020,51.78125
3110,2021,53.04
3110,2022,53.443661971830984
3110,2023,54.026315789473685
3112,2016,43.06967213114754
3112,2017,43.524752475247524
3112,2018,43.845238095238095
3112,2019,43.97196261682243
3112,2020,44.48245614035088
3112,2021,44.75213675213675
3112,2022,44.91279069767442
3112,2023,43.013888888888886
3114,2016,37.94285714285714
3114,2017,38.00694444444444
3114,2018,38.30288461538461
3114,2019,38.535714285714285
3114,2020,38.588235294117645
3114,2021,38.72282608695652
3114,2022,38.914414414414416
3114,2023,39.34649122807018
3116,2016,39.97959183673469
3116,2017,39.83653846153846
3116,2018,40.04807692307692
3116,2019,40.5
3116,2020,41.33
3116,2021,41.75
3116,2022,41.94117647058823
3116,2023,42.264150943396224
3118,2016,41.50392464678179
3118,2017,41.84257748776509
3118,2018,42.18820678513732
3118,2019,42.392405063291136
3118,2020,42.528985507246375
3118,2021,42.749560632688926
3118,2022,42.79734219269103
3118,2023,42.779342723004696
3120,2016,42.214285714285715
3120,2017,42.190677966101696
3120,2018,42.679245283018865
3120,2019,43.090090090090094
3120,2020,43.319047619047616
3120,2021,43.74193548387097
3120,2022,43.91428571428571
3120,2023,44.2688679245283
3122,2016,46.55769230769231
3122,2017,47.09649122807018
3122,2018,47.75961538461539
3122,2019,48.254901960784316
3122,2020,48.548780487804876
3122,2021,48.71296296296296
3122,2022,49.125
3122,2023,49.275510204081634
3124,2016,46.94117647058823
3124,2017,47.85
3124,2018,48.425
3124,2019,48.976190476190474
3124,2020,49.425
3124,2021,49.78125
3124,2022,50.166666666666664
3124,2023,50.416666666666664
3201,2016,40.048611111111114
3201,2017,40.17417918753478
3201,2018,40.26682549136391
3201,2019,40.439320388349515
3201,2020,40.7281802624073
3201,2021,41.062781531531535
3201,2022,41.29611908559277
3201,2023,41.48693834900732
3203,2016,40.347876447876445
3203,2017,40.51242236024845
3203,2018,40.86548808608762
3203,2019,41.101739788199694
3203,2020,41.380970149253734
3203,2021,41.7746020260492
3203,2022,41.989345509893454
3203,2023,41.999272727272725
3205,2016,39.16512605042017
3205,2017,39.235758106923754
3205,2018,39.292130025662956
3205,2019,39.28983739837398
3205,2020,39.47137096774193
3205,2021,39.75039556962025
3205,2022,39.81870669745958
3205,2023,39.701959306706854
3207,2016,40.33232810615199
3207,2017,40.47943595769683
3207,2018,40.775510204081634
3207,2019,41.01580278128951
3207,2020,41.03050847457627
3207,2021,41.08424908424909
3207,2022,41.01946472019465
3207,2023,40.90153301886792
3209,2016,37.36749482401656
3209,2017,37.495219885277244
3209,2018,37.491395793499045
3209,2019,37.40190476190476
3209,2020,37.293322734499206
3209,2021,37.48261589403973
3209,2022,37.51035031847134
3209,2023,37.62839879154078
3212,2016,41.24664429530201
3212,2017,41.32007575757576
3212,2018,41.46629213483146
3212,2019,41.55762081784387
3212,2020,41.85220125786164
3212,2021,42.20757575757576
3212,2022,42.63449367088607
3212,2023,42.855172413793106
3214,2016,44.159274193548384
3214,2017,44.8125
3214,2018,45.46401515151515
3214,2019,45.96875
3214,2020,46.47570850202429
3214,2021,46.82635983263598
3214,2022,47.22821576763486
3214,2023,47.5771144278607
3216,2016,40.074380165289256
3216,2017,40.15693430656934
3216,2018,40.34701492537314
3216,2019,40.558232931726906
3216,2020,40.81990521327014
3216,2021,41.10138248847926
3216,2022,41.29182156133829
3216,2023,41.422661870503596
3218,2016,36.77622377622377
3218,2017,36.942122186495176
3218,2018,36.13178294573643
3218,2019,36.28326996197718
3218,2020,36.308098591549296
3218,2021,36.825490196078434
3218,2022,36.83841463414634
3218,2023,37.14529914529915
3220,2016,39.17283950617284
3220,2017,39.614197530864196
3220,2018,39.938235294117646
3220,2019,40.16184971098266
3220,2020,40.60588235294118
3220,2021,41.085798816568044
3220,2022,41.0030487804878
3220,2023,41.43396226415094
3222,2016,39.954070981210855
3222,2017,39.75096525096525
3222,2018,39.66131907308378
3222,2019,39.332142857142856
3222,2020,39.18301886792453
3222,2021,39.10016977928693
3222,2022,38.63533834586466
3222,2023,38.366760168302946
3224,2016,37.9875
3224,2017,38.02325581395349
3224,2018,38.05905511811024
3224,2019,38.016363636363636
3224,2020,38.19063545150502
3224,2021,38.551515151515154
3224,2022,38.55593220338983
3224,2023,38.587859424920126
3226,2016,42.31800766283525
3226,2017,42.49007936507937
3226,2018,42.56944444444444
3226,2019,42.82954545454545
3226,2020,43.1551724137931
3226,2021,43.518
3226,2022,43.96103896103896
3226,2023,44.04025423728814
3228,2016,40.96439628482972
3228,2017,41.02599388379205
3228,2018,41.067474048442904
3228,2019,41.217320261437905
3228,2020,41.21172638436482
3228,2021,41.36212624584718
3228,2022,41.3013698630137
3228,2023,41.23968253968254
3230,2016,40.605555555555554
3230,2017,40.729166666666664
3230,2018,40.81318681318681
3230,2019,41.06111111111111
3230,2020,41.27272727272727
3230,2021,41.87765957446808
3230,2022,42.359375
3230,2023,42.444954128440365
3232,2016,39.875766871165645
3232,2017,39.921270718232044
3232,2018,40.04641909814324
3232,2019,40.06064690026954
3232,2020,40.34754521963824
3232,2021,40.621848739495796
3232,2022,40.67984693877551
3232,2023,40.8054794520548
3234,2016,42.031007751937985
3234,2017,42.375
3234,2018,42.583333333333336
3234,2019,42.98062015503876
3234,2020,43.33076923076923
3234,2021,43.83050847457627
3234,2022,44
3234,2023,43.97586206896552
3236,2016,42.88317757009346
3236,2017,42.888888888888886
3236,2018,42.88356164383562
3236,2019,43.06666666666667
3236,2020,43.36363636363637
3236,2021,43.5958904109589
3236,2022,44.1
3236,2023,44.43181818181818
3238,2016,38.84593023255814
3238,2017,38.66761363636363
3238,2018,38.41747572815534
3238,2019,38.31797235023041
3238,2020,38.184895833333336
3238,2021,38.286637931034484
3238,2022,38.50892857142857
3238,2023,38.46320346320346
3240,2016,39.300898203592816
3240,2017,39.10058309037901
3240,2018,39.361559139784944
3240,2019,39.57748538011696
3240,2020,39.646310432569976
3240,2021,39.761213720316626
3240,2022,39.803030303030305
3240,2023,39.87410926365796
3242,2016,43.51086956521739
3242,2017,43.56410256410256
3242,2018,44.0125
3242,2019,45.214285714285715
3242,2020,45.513513513513516
3242,2021,45.57575757575758
3242,2022,45.125
3242,2023,45.225806451612904
3301,2016,39.5839469808542
3301,2017,39.741888968997834
3301,2018,39.93615494978479
3301,2019,40.29481641468683
3301,2020,40.49010989010989
3301,2021,40.71037668798863
3301,2022,40.86011687363039
3301,2023,40.99544817927171
3303,2016,40.35117493472585
3303,2017,40.89821882951654
3303,2018,41.20347394540943
3303,2019,41.632075471698116
3303,2020,41.83115183246073
3303,2021,42.392105263157895
3303,2022,42.81730769230769
3303,2023,42.47751322751323
3305,2016,42.96748878923767
3305,2017,43.18058690744921
3305,2018,43.3421052631579
3305,2019,43.58133971291866
3305,2020,43.840852130325814
3305,2021,44.12222222222222
3305,2022,44.271907216494846
3305,2023,44.21621621621622
3310,2016,41.27232142857143
3310,2017,42.017391304347825
3310,2018,42.48728813559322
3310,2019,42.99444444444445
3310,2020,43.295698924731184
3310,2021,43.4375
3310,2022,43.703125
3310,2023,43.84033613445378
3312,2016,40.06752873563219
3312,2017,40.5
3312,2018,40.66208791208791
3312,2019,40.78537170263789
3312,2020,40.984029484029485
3312,2021,41.293398533007334
3312,2022,41.45273631840796
3312,2023,41.501315789473686
3314,2016,40.50178571428572
3314,2017,40.46694214876033
3314,2018,40.43396226415094
3314,2019,40.638671875
3314,2020,40.862369337979096
3314,2021,41.25971731448763
3314,2022,41.494623655913976
3314,2023,41.50192307692308
3316,2016,42.95977011494253
3316,2017,43.331428571428575
3316,2018,43.41489361702128
3316,2019,43.47093023255814
3316,2020,43.5414201183432
3316,2021,44.01754385964912
3316,2022,44.21345029239766
3316,2023,44.09943181818182
3318,2016,44.06578947368421
3318,2017,44.1875
3318,2018,44.06944444444444
3318,2019,44.734375
3318,2020,45.303030303030305
3318,2021,45.351851851851855
3318,2022,46.129629629629626
3318,2023,46.20967741935484
3320,2016,45.875
3320,2017,46.34375
3320,2018,46.56666666666667
3320,2019,47.06666666666667
3320,2020,47.4
3320,2021,47.65
3320,2022,47.916666666666664
3320,2023,47.80769230769231
3322,2016,46.37931034482759
3322,2017,46.98863636363637
3322,2018,47.52325581395349
3322,2019,48.13095238095238
3322,2020,48.846774193548384
3322,2021,49.583333333333336
3322,2022,49.625
3322,2023,49.81666666666667
3324,2016,43.83098591549296
3324,2017,44.10144927536232
3324,2018,44.60606060606061
3324,2019,44.91549295774648
3324,2020,45.53521126760563
3324,2021,45.78181818181818
3324,2022,45.686440677966104
3324,2023,45.483050847457626
3326,2016,38.5
3326,2017,38.951219512195124
3326,2018,39.21590909090909
3326,2019,39.40243902439025
3326,2020,40
3326,2021,40.319148936170215
3326,2022,40.779411764705884
3326,2023,40.9125
3328,2016,44.34905660377358
3328,2017,44.575
3328,2018,45.34920634920635
3328,2019,45.48360655737705
3328,2020,45.66101694915254
3328,2021,46.3
3328,2022,46.34920634920635
3328,2023,46.166666666666664
3330,2016,44.04807692307692
3330,2017,44.38392857142857
3330,2018,44.666666666666664
3330,2019,45.24264705882353
3330,2020,45.9051724137931
3330,2021,46.11666666666667
3330,2022,46.15873015873016
3330,2023,45.627450980392155
3332,2016,45.925925925925924
3332,2017,46.16981132075472
3332,2018,46.67307692307692
3332,2019,47.113207547169814
3332,2020,47.822916666666664
3332,2021,48.3936170212766
3332,2022,48.69090909090909
3332,2023,49.3
3334,2016,42.3125
3334,2017,42.926829268292686
3334,2018,43.68292682926829
3334,2019,43.82051282051282
3334,2020,44.5
3334,2021,44.06521739130435
3334,2022,44.34782608695652
3334,2023,44.675
3336,2016,47.523809523809526
3336,2017,47.55263157894737
3336,2018,47.45238095238095
3336,2019,47.416666666666664
3336,2020,48.111111111111114
3336,2021,48.333333333333336
3336,2022,49.6
3336,2023,49.84
3338,2016,45.85
3338,2017,46.292682926829265
3338,2018,46.76923076923077
3338,2019,47.68421052631579
3338,2020,48.04054054054054
3338,2021,49.13513513513514
3338,2022,49.34848484848485
3338,2023,49.146341463414636
3401,2016,45.47026022304833
3401,2017,45.808098591549296
3401,2018,46.16955017301038
3401,2019,46.6195219123506
3401,2020,46.92666666666667
3401,2021,47.27252252252252
3401,2022,47.389583333333334
3401,2023,47.52916666666667
3403,2016,43.32380952380952
3403,2017,43.091644204851754
3403,2018,43.057441253263704
3403,2019,43.25
3403,2020,43.28661616161616
3403,2021,43.704314720812185
3403,2022,43.59153005464481
3403,2023,43.574766355140184
3405,2016,41.65745856353591
3405,2017,41.68296089385475
3405,2018,41.83916083916084
3405,2019,41.99185667752443
3405,2020,41.85398230088496
3405,2021,42.028614457831324
3405,2022,42.375
3405,2023,42.366559485530544
3407,2016,41.55620608899297
3407,2017,41.67227979274612
3407,2018,41.58949880668258
3407,2019,41.73669467787115
3407,2020,42.16573033707865
3407,2021,42.629476584022036
3407,2022,42.90680473372781
3407,2023,42.864672364672366
3411,2016,42.75829875518672
3411,2017,42.888636363636365
3411,2018,43.00328947368421
3411,2019,42.950892857142854
3411,2020,43.13846153846154
3411,2021,43.44871794871795
3411,2022,43.595238095238095
3411,2023,43.67767653758542
3412,2016,43
3412,2017,43.09139784946237
3412,2018,43.57368421052632
3412,2019,43.5
3412,2020,43.608695652173914
3412,2021,43.813131313131315
3412,2022,44.070093457943926
3412,2023,43.94252873563218
3413,2016,42.58301886792453
3413,2017,42.8011583011583
3413,2018,42.73646209386282
3413,2019,42.70967741935484
3413,2020,42.83620689655172
3413,2021,43.05652173913043
3413,2022,43.47902097902098
3413,2023,43.47422680412371
3414,2016,46.58152173913044
3414,2017,47.142857142857146
3414,2018,47.70945945945946
3414,2019,48.32051282051282
3414,2020,48.9468085106383
3414,2021,49.45161290322581
3414,2022,50.11827956989247
3414,2023,50.75
3415,2016,44.64782608695652
3415,2017,45.05263157894737
3415,2018,45.4812030075188
3415,2019,45.947154471544714
3415,2020,46.06
3415,2021,46.52427184466019
3415,2022,46.625
3415,2023,47.051587301587304
3416,2016,47.72380952380952
3416,2017,48.34090909090909
3416,2018,48.921052631578945
3416,2019,49.88461538461539
3416,2020,50.30864197530864
3416,2021,50.817708333333336
3416,2022,51.26315789473684
3416,2023,51.7029702970297
3417,2016,50.201388888888886
3417,2017,50.445205479452056
3417,2018,50.9875
3417,2019,51.87341772151899
3417,2020,52.292682926829265
3417,2021,52.66129032258065
3417,2022,53.11224489795919
3417,2023,53.06578947368421
3418,2016,48.08080808080808
3418,2017,48.58050847457627
3418,2018,48.829166666666666
3418,2019,49.10084033613445
3418,2020,49.60891089108911
3418,2021,50.125
3418,2022,50.62109375
3418,2023,50.87864077669903
3419,2016,48.60526315789474
3419,2017,49.24305555555556
3419,2018,49.984375
3419,2019,50.0390625
3419,2020,50.779411764705884
3419,2021,51.5
3419,2022,52.03968253968254
3419,2023,52.25735294117647
3420,2016,41.343971631205676
3420,2017,41.56716417910448
3420,2018,41.79887218045113
3420,2019,42.09315589353612
3420,2020,42.42446043165468
3420,2021,42.68354430379747
3420,2022,42.74909747292419
3420,2023,42.91743119266055
3421,2016,47.42783505154639
3421,2017,47.642857142857146
3421,2018,47.98543689320388
3421,2019,48.128571428571426
3421,2020,48.13690476190476
3421,2021,48.733333333333334
3421,2022,48.938202247191015
3421,2023,49.340425531914896
3422,2016,42.64655172413793
3422,2017,42.08695652173913
3422,2018,42.08771929824562
3422,2019,42.614583333333336
3422,2020,43.26086956521739
3422,2021,43.71111111111111
3422,2022,44.71590909090909
3422,2023,44.92424242424242
3423,2016,48.02325581395349
3423,2017,49.12820512820513
3423,2018,49.92307692307692
3423,2019,50.7125
3423,2020,51.5375
3423,2021,52.189189189189186
3423,2022,53.05555555555556
3423,2023,53.91935483870968
3424,2016,51.675
3424,2017,51.65217391304348
3424,2018,52.166666666666664
3424,2019,52.93055555555556
3424,2020,53.51282051282051
3424,2021,54.48684210526316
3424,2022,55.25
3424,2023,55.41428571428571
3425,2016,49.78
3425,2017,50.57692307692308
3425,2018,50.2
3425,2019,50.869565217391305
3425,2020,51.77272727272727
3425,2021,52.76190476190476
3425,2022,53.75
3425,2023,52.285714285714285
3426,2016,43.5
3426,2017,43.76190476190476
3426,2018,44.916666666666664
3426,2019,45.30555555555556
3426,2020,43.833333333333336
3426,2021,43.40625
3426,2022,43.911764705882355
3426,2023,43.59375
3427,2016,42.92537313432836
3427,2017,43.16417910447761
3427,2018,43.03968253968254
3427,2019,43.28688524590164
3427,2020,43.58181818181818
3427,2021,43.66981132075472
3427,2022,43.775
3427,2023,43.61904761904762
3428,2016,42.1
3428,2017,41.62
3428,2018,42.166666666666664
3428,2019,42.42424242424242
3428,2020,42.92307692307692
3428,2021,43.1
3428,2022,43.31666666666667
3428,2023,43.06521739130435
3429,2016,48
3429,2017,48.38636363636363
3429,2018,49.54347826086956
3429,2019,49.916666666666664
3429,2020,50.583333333333336
3429,2021,51.89473684210526
3429,2022,51.294117647058826
3429,2023,51.870370370370374
3430,2016,46.125
3430,2017,46.455882352941174
3430,2018,47.285714285714285
3430,2019,47.629629629629626
3430,2020,48.05555555555556
3430,2021,48.76923076923077
3430,2022,49.145833333333336
3430,2023,49.84848484848485
3431,2016,46.82432432432432
3431,2017,46.98571428571429
3431,2018,48.027027027027025
3431,2019,48.67142857142857
3431,2020,49.220588235294116
3431,2021,50.21212121212121
3431,2022,50.333333333333336
3431,2023,50.666666666666664
3432,2016,45.28260869565217
3432,2017,45.535714285714285
3432,2018,45.629629629629626
3432,2019,46.18
3432,2020,46.94827586206897
3432,2021,47
3432,2022,47.81481481481482
3432,2023,48.035714285714285
3433,2016,47.19230769230769
3433,2017,47.53846153846154
3433,2018,47.955882352941174
3433,2019,48.23684210526316
3433,2020,48.625
3433,2021,49.425925925925924
3433,2022,49.910714285714285
3433,2023,50.30357142857143
3434,2016,45.7
3434,2017,45.81481481481482
3434,2018,46.425925925925924
3434,2019,46.84722222222222
3434,2020,48.111111111111114
3434,2021,48.64705882352941
3434,2022,49.338235294117645
3434,2023,49.38461538461539
3435,2016,45.41860465116279
3435,2017,45.71153846153846
3435,2018,45.5
3435,2019,45.94565217391305
3435,2020,46.4468085106383
3435,2021,46.77777777777778
3435,2022,46.81707317073171
3435,2023,47.46341463414634
3436,2016,46.29775280898876
3436,2017,46.542682926829265
3436,2018,46.79347826086956
3436,2019,47.193548387096776
3436,2020,47.798850574712645
3436,2021,48.370588235294115
3436,2022,48.75609756097561
3436,2023,49.252941176470586
3437,2016,45.29054054054054
3437,2017,45.78260869565217
3437,2018,46.225806451612904
3437,2019,46.827777777777776
3437,2020,47.33516483516483
3437,2021,48.44086021505376
3437,2022,49.05913978494624
3437,2023,49.19375
3438,2016,44.767857142857146
3438,2017,45.083333333333336
3438,2018,45.42307692307692
3438,2019,45.53947368421053
3438,2020,46.25609756097561
3438,2021,47.125
3438,2022,47.659574468085104
3438,2023,46.65714285714286
3439,2016,45.57377049180328
3439,2017,45.83870967741935
3439,2018,46.403225806451616
3439,2019,46.8359375
3439,2020,47.215384615384615
3439,2021,47.625
3439,2022,48.24603174603175
3439,2023,48.114754098360656
3440,2016,43.46376811594203
3440,2017,43.484375
3440,2018,43.445945945945944
3440,2019,43.90350877192982
3440,2020,44.36363636363637
3440,2021,44.628787878787875
3440,2022,44.79032258064516
3440,2023,44.81896551724138
3441,2016,44.455882352941174
3441,2017,45.1
3441,2018,45.6063829787234
3441,2019,46.21052631578947
3441,2020,46.45679012345679
3441,2021,47.08125
3441,2022,47.5
3441,2023,47.46875
3442,2016,44.44827586206897
3442,2017,44.78630705394191
3442,2018,45.30327868852459
3442,2019,45.488789237668165
3442,2020,45.78270042194093
3442,2021,46.30497925311203
3442,2022,46.56282722513089
3442,2023,46.710059171597635
3443,2016,43.64
3443,2017,44.0641592920354
3443,2018,43.96208530805687
3443,2019,44.32093023255814
3443,2020,44.5640243902439
3443,2021,44.73076923076923
3443,2022,44.96969696969697
3443,2023,45.05722891566265
3446,2016,43.71243523316062
3446,2017,43.98756218905473
3446,2018,44.46733668341709
3446,2019,45.173469387755105
3446,2020,45.604878048780485
3446,2021,46.16028708133971
3446,2022,46.6151832460733
3446,2023,47.12041884816754
3447,2016,45.97560975609756
3447,2017,46.25625
3447,2018,46.827586206896555
3447,2019,47.04320987654321
3447,2020,47.45625
3447,2021,48.24698795180723
3447,2022,49.06470588235294
3447,2023,49.02247191011236
3448,2016,45.275
3448,2017,45.476851851851855
3448,2018,45.96969696969697
3448,2019,46.44387755102041
3448,2020,46.95054945054945
3448,2021,47.70108695652174
3448,2022,47.95569620253165
3448,2023,48.174698795180724
3449,2016,46.45454545454545
3449,2017,47.02325581395349
3449,2018,47.67391304347826
3449,2019,48.76136363636363
3449,2020,48.8235294117647
3449,2021,49.333333333333336
3449,2022,49.671052631578945
3449,2023,49.970588235294116
3450,2016,47.60526315789474
3450,2017,47.38
3450,2018,47.73913043478261
3450,2019,48.61363636363637
3450,2020,48.825
3450,2021,49.891304347826086
3450,2022,50.476190476190474
3450,2023,51.225
3451,2016,44.45652173913044
3451,2017,44.91304347826087
3451,2018,45.22527472527472
3451,2019,45.82828282828283
3451,2020,46.13942307692308
3451,2021,46.5609756097561
3451,2022,46.93103448275862
3451,2023,46.972527472527474
3452,2016,46.18181818181818
3452,2017,46.94117647058823
3452,2018,47.10294117647059
3452,2019,47.17307692307692
3452,2020,47.19767441860465
3452,2021,47.63636363636363
3452,2022,47.833333333333336
3452,2023,48.109375
3453,2016,43.674418604651166
3453,2017,43.1025641025641
3453,2018,43.8375
3453,2019,44.46153846153846
3453,2020,44.84375
3453,2021,45.38636363636363
3453,2022,45.473684210526315
3453,2023,45.689189189189186
3454,2016,44.42857142857143
3454,2017,43.45454545454545
3454,2018,44.29545454545455
3454,2019,44.27777777777778
3454,2020,45.1
3454,2021,45.73529411764706
3454,2022,45.638888888888886
3454,2023,44.92307692307692
3901,2016,42.01904761904762
3901,2017,42.35635359116022
3901,2018,42.59779179810725
3901,2019,42.95061728395062
3901,2020,43.35626911314985
3901,2021,43.787234042553195
3901,2022,44.25679758308157
3901,2023,44.30639730639731
3903,2016,41.81978319783198
3903,2017,42.11185983827493
3903,2018,42.34393063583815
3903,2019,42.580495356037154
3903,2020,42.99860335195531
3903,2021,43.263966480446925
3903,2022,43.32178217821782
3903,2023,43.106583072100314
3905,2016,40.28314121037464
3905,2017,40.43905817174515
3905,2018,40.62413793103448
3905,2019,40.846354166666664
3905,2020,41.19270166453265
3905,2021,41.44878706199461
3905,2022,41.68811881188119
3905,2023,41.88566131025958
3907,2016,41.26182237600923
3907,2017,41.48882352941177
3907,2018,41.77402135231317
3907,2019,41.8577694235589
3907,2020,42.15667074663403
3907,2021,42.41517323775388
3907,2022,42.630489335006274
3907,2023,42.90530303030303
3909,2016,43.08048433048433
3909,2017,43.372257053291534
3909,2018,43.726489028213166
3909,2019,43.96737481031867
3909,2020,44.46412213740458
3909,2021,44.84315424610052
3909,2022,45.052136752136754
3909,2023,45.08118081180812
3911,2016,43.72994652406417
3911,2017,44.15873015873016
3911,2018,44.41358024691358
3911,2019,44.80503144654088
3911,2020,44.9903536977492
3911,2021,45.3203125
3911,2022,45.70980926430518
3911,2023,45.955621301775146
4001,2016,41.94400785854617
4001,2017,42.1605415860735
4001,2018,42.56852248394004
4001,2019,42.70666666666666
4001,2020,43.046840958605664
4001,2021,43.18961625282167
4001,2022,43.40501043841336
4001,2023,43.46284501061571
4003,2016,41.67444876783398
4003,2017,41.941605839416056
4003,2018,42.26011560693642
4003,2019,42.574786324786324
4003,2020,42.73848439821694
4003,2021,42.87082066869301
4003,2022,42.97131782945736
4003,2023,42.97305389221557
4005,2016,42.82058823529412
4005,2017,42.91916167664671
4005,2018,43.433734939759034
4005,2019,43.607142857142854
4005,2020,44.22832369942196
4005,2021,44.58181818181818
4005,2022,44.87083333333333
4005,2023,44.917682926829265
4010,2016,42.28378378378378
4010,2017,42.44285714285714
4010,2018,42.732142857142854
4010,2019,43.517857142857146
4010,2020,44
4010,2021,44.544117647058826
4010,2022,44.6125
4010,2023,44.891304347826086
4012,2016,43.55502392344498
4012,2017,43.77777777777778
4012,2018,43.855828220858896
4012,2019,44.5
4012,2020,44.65469613259668
4012,2021,44.92817679558011
4012,2022,45.5
4012,2023,45.70068027210884
4014,2016,45.57012195121951
4014,2017,45.9527027027027
4014,2018,46.62251655629139
4014,2019,47.1744966442953
4014,2020,47.58385093167702
4014,2021,48.12422360248447
4014,2022,48.701438848920866
4014,2023,48.80357142857143
4016,2016,44.32258064516129
4016,2017,44.74626865671642
4016,2018,45.09154929577465
4016,2019,45.411764705882355
4016,2020,45.967213114754095
4016,2021,46.104838709677416
4016,2022,46.15
4016,2023,46.46610169491525
4018,2016,45.224489795918366
4018,2017,45.296875
4018,2018,45.33168316831683
4018,2019,45.922077922077925
4018,2020,45.98295454545455
4018,2021,46.54022988505747
4018,2022,46.864197530864196
4018,2023,46.65243902439025
4020,2016,40.047008547008545
4020,2017,39.95112781954887
4020,2018,39.49596774193548
4020,2019,39.47560975609756
4020,2020,39.47142857142857
4020,2021,40.22727272727273
4020,2022,40.72692307692308
4020,2023,40.98863636363637
4022,2016,44.30487804878049
4022,2017,44.3974358974359
4022,2018,44.68604651162791
4022,2019,45.22727272727273
4022,2020,45.76923076923077
4022,2021,46.2
4022,2022,46.5921052631579
4022,2023,46.62820512820513
4024,2016,45.79545454545455
4024,2017,45.88636363636363
4024,2018,46.20454545454545
4024,2019,47
4024,2020,47.28846153846154
4024,2021,48.425925925925924
4024,2022,48.77272727272727
4024,2023,48.705882352941174
4026,2016,45.74
4026,2017,46.19417475728155
4026,2018,46.54347826086956
4026,2019,47.20454545454545
4026,2020,47.94827586206897
4026,2021,48.804597701149426
4026,2022,49.644444444444446
4026,2023,49.89887640449438
4028,2016,47.5
4028,2017,47.53333333333333
4028,2018,47.74324324324324
4028,2019,48.25
4028,2020,48.822916666666664
4028,2021,49.43478260869565
4028,2022,49.76923076923077
4028,2023,50.01282051282051
4030,2016,45.05769230769231
4030,2017,45
4030,2018,45.77272727272727
4030,2019,45.92857142857143
4030,2020,46.4
4030,2021,47.733333333333334
4030,2022,48.53333333333333
4030,2023,49.2
4032,2016,44.02272727272727
4032,2017,44.3235294117647
4032,2018,44.857142857142854
4032,2019,45.857142857142854
4032,2020,46.625
4032,2021,48.05882352941177
4032,2022,48.5
4032,2023,47.583333333333336
4034,2016,46.42857142857143
4034,2017,46.53125
4034,2018,47.088235294117645
4034,2019,47.4
4034,2020,47.93478260869565
4034,2021,48.08
4034,2022,48.6
4034,2023,48.172413793103445
4036,2016,43.40909090909091
4036,2017,43.74074074074074
4036,2018,44.18627450980392
4036,2019,44.345238095238095
4036,2020,44.88095238095238
4036,2021,44.94871794871795
4036,2022,44.98979591836735
4036,2023,44.72727272727273
4201,2016,44.598214285714285
4201,2017,45.243478260869566
4201,2018,45.857142857142854
4201,2019,46.81818181818182
4201,2020,47.38659793814433
4201,2021,48.07920792079208
4201,2022,48.7
4201,2023,48.92929292929293
4202,2016,37.61648745519713
4202,2017,37.81684981684982
4202,2018,37.89446366782007
4202,2019,38.10033444816054
4202,2020,38.389655172413796
4202,2021,38.36832740213523
4202,2022,38.74689440993789
4202,2023,38.64385964912281
4203,2016,40.99770290964778
4203,2017,41.33796296296296
4203,2018,41.823089700996675
4203,2019,42.188538205980066
4203,2020,42.57478260869565
4203,2021,43.00777202072539
4203,2022,43.23339160839161
4203,2023,43.43153153153153
4204,2016,37.24445983379501
4204,2017,37.44850852272727
4204,2018,37.26156941649899
4204,2019,37.42140350877193
4204,2020,37.65488771466315
4204,2021,37.91956373551466
4204,2022,38.17067468269873
4204,2023,38.23114119922631
4205,2016,40.11073825503356
4205,2017,40.391666666666666
4205,2018,40.792338709677416
4205,2019,41.03012048192771
4205,2020,41.25085910652921
4205,2021,41.84241245136187
4205,2022,42.05916030534351
4205,2023,42.272881355932206
4206,2016,41.175213675213676
4206,2017,41.296992481203006
4206,2018,41.63865546218487
4206,2019,42.03813559322034
4206,2020,42.38636363636363
4206,2021,42.917391304347824
4206,2022,43.43103448275862
4206,2023,43.398305084745765
4207,2016,42.44444444444444
4207,2017,42.633663366336634
4207,2018,42.68316831683168
4207,2019,42.63636363636363
4207,2020,42.98039215686274
4207,2021,43.06372549019608
4207,2022,43.303030303030305
4207,2023,42.96610169491525
4211,2016,43.927083333333336
4211,2017,44.07446808510638
4211,2018,44.80232558139535
4211,2019,45.36585365853659
4211,2020,45.8780487804878
4211,2021,46.51162790697674
4211,2022,47.44318181818182
4211,2023,47.86363636363637
4212,2016,39.8235294117647
4212,2017,40.05714285714286
4212,2018,40.88709677419355
4212,2019,41.484375
4212,2020,41.660714285714285
4212,2021,41.76923076923077
4212,2022,42.17307692307692
4212,2023,42.61363636363637
4213,2016,43.55696202531646
4213,2017,43.857894736842105
4213,2018,44.45263157894737
4213,2019,44.953947368421055
4213,2020,45.3
4213,2021,45.59146341463415
4213,2022,46.006024096385545
4213,2023,46.19767441860465
4214,2016,37.41463414634146
4214,2017,37.58783783783784
4214,2018,37.84
4214,2019,38.14
4214,2020,38.516304347826086
4214,2021,39
4214,2022,39.298850574712645
4214,2023,39.38235294117647
4215,2016,39.83461538461538
4215,2017,39.89051094890511
4215,2018,40.24125874125874
4215,2019,40.55
4215,2020,40.97202797202797
4215,2021,41.46527777777778
4215,2022,41.8046357615894
4215,2023,42.08653846153846
4216,2016,36.04666666666667
4216,2017,36.48148148148148
4216,2018,36.68072289156626
4216,2019,37.19512195121951
4216,2020,37.835443037974684
4216,2021,38.353658536585364
4216,2022,38.63013698630137
4216,2023,38.64383561643836
4217,2016,42.9375
4217,2017,41.793103448275865
4217,2018,42.1551724137931
4217,2019,42.53125
4217,2020,43
4217,2021,44.12903225806452
4217,2022,45.421875
4217,2023,46.375
4218,2016,38.25
4218,2017,36
4218,2018,36.46666666666667
4218,2019,37.1875
4218,2020,37.107142857142854
4218,2021,37.75925925925926
4218,2022,38.86
4218,2023,39.291666666666664
4219,2016,39.81481481481482
4219,2017,39.74074074074074
4219,2018,39.99038461538461
4219,2019,40.35294117647059
4219,2020,40.895833333333336
4219,2021,41.724489795918366
4219,2022,41.88297872340426
4219,2023,41.3134328358209
4220,2016,45.27272727272727
4220,2017,45.733333333333334
4220,2018,45.833333333333336
4220,2019,45.77777777777778
4220,2020,47.333333333333336
4220,2021,48.06666666666667
4220,2022,48.375
4220,2023,48.294117647058826
4221,2016,44.25
4221,2017,44
4221,2018,44.30555555555556
4221,2019,46.42857142857143
4221,2020,46.529411764705884
4221,2021,47.029411764705884
4221,2022,46.80555555555556
4221,2023,47.166666666666664
4222,2016,39.7
4222,2017,40
4222,2018,40.285714285714285
4222,2019,40.32142857142857
4222,2020,40.85
4222,2021,41.9
4222,2022,41.75
4222,2023,43.875
4223,2016,36.81151832460733
4223,2017,37.029411764705884
4223,2018,37.10849056603774
4223,2019,37.447236180904525
4223,2020,37.81132075471698
4223,2021,38.164351851851855
4223,2022,38.217703349282296
4223,2023,38.545918367346935
4224,2016,39.111111111111114
4224,2017,38.1
4224,2018,38.73076923076923
4224,2019,39.791666666666664
4224,2020,40.23076923076923
4224,2021,40.90625
4224,2022,42.5
4224,2023,43.17857142857143
4225,2016,36.61742424242424
4225,2017,36.80555555555556
4225,2018,37.15289256198347
4225,2019,37.475
4225,2020,37.82462686567164
4225,2021,38.25581395348837
4225,2022,38.92253521126761
4225,2023,39.096666666666664
4226,2016,38.5
4226,2017,38.666666666666664
4226,2018,39.07142857142857
4226,2019,39.26
4226,2020,39.45
4226,2021,39.80952380952381
4226,2022,40.4
4226,2023,40.291666666666664
4227,2016,40.28666666666667
4227,2017,40.166666666666664
4227,2018,40.03703703703704
4227,2019,40.54945054945055
4227,2020,41.17934782608695
4227,2021,41.75757575757576
4227,2022,42.07971014492754
4227,2023,42.14492753623188
4228,2016,40.473684210526315
4228,2017,40.57142857142857
4228,2018,40.54545454545455
4228,2019,40.15909090909091
4228,2020,40.80769230769231
4228,2021,41.629629629629626
4228,2022,41.73076923076923
4228,2023,41.21875
4601,2016,36.73804755944931
4601,2017,36.909682261696275
4601,2018,37.11323155216285
4601,2019,37.30213631739573
4601,2020,37.459691045136374
4601,2021,37.61428202479339
4601,2022,37.72829705505762
4601,2023,37.85915829746533
4602,2016,40.139810426540286
4602,2017,40.25233644859813
4602,2018,40.75405405405405
4602,2019,41.123655913978496
4602,2020,41.21573604060914
4602,2021,41.61691542288557
4602,2022,41.81971153846154
4602,2023,41.94651162790698
4611,2016,40.745098039215684
4611,2017,40.6375
4611,2018,40.92391304347826
4611,2019,41.44565217391305
4611,2020,42.19565217391305
4611,2021,42.83695652173913
4611,2022,42.8875
4611,2023,42.99193548387097
4612,2016,37.11585365853659
4612,2017,37.625
4612,2018,37.78
4612,2019,37.85616438356164
4612,2020,38.333333333333336
4612,2021,39.01315789473684
4612,2022,39.62735849056604
4612,2023,40.41346153846154
4613,2016,37.62686567164179
4613,2017,37.98837209302326
4613,2018,38.36206896551724
4613,2019,38.74829931972789
4613,2020,39.00337837837838
4613,2021,39.638513513513516
4613,2022,39.8905325443787
4613,2023,40.44117647058823
4614,2016,37.32339449541284
4614,2017,37.606521739130436
4614,2018,37.99590163934426
4614,2019,38.523305084745765
4614,2020,38.983253588516746
4614,2021,39.24885844748859
4614,2022,39.59338521400778
4614,2023,39.95366795366795
4615,2016,38.972972972972975
4615,2017,38.98888888888889
4615,2018,39.2
4615,2019,39.726190476190474
4615,2020,40.31521739130435
4615,2021,40.84375
4615,2022,42.072916666666664
4615,2023,42.40625
4616,2016,45.546875
4616,2017,45.078125
4616,2018,45.06818181818182
4616,2019,45.483870967741936
4616,2020,45.62
4616,2021,45.1
4616,2022,46.4125
4616,2023,46.172413793103445
4617,2016,42.341145833333336
4617,2017,42.64333333333333
4617,2018,43.11333333333334
4617,2019,43.679190751445084
4617,2020,44.06104651162791
4617,2021,44.524647887323944
4617,2022,44.732638888888886
4617,2023,44.74233128834356
4618,2016,45.035714285714285
4618,2017,44.71333333333333
4618,2018,45.432432432432435
4618,2019,45.92763157894737
4618,2020,46.25333333333333
4618,2021,46.47692307692308
4618,2022,46.88257575757576
4618,2023,46.215384615384615
4619,2016,46.47727272727273
4619,2017,47.06818181818182
4619,2018,46.15
4619,2019,47.4
4619,2020,46.642857142857146
4619,2021,47.67857142857143
4619,2022,47.357142857142854
4619,2023,47.166666666666664
4620,2016,45.875
4620,2017,45.36666666666667
4620,2018,45.921052631578945
4620,2019,46.925
4620,2020,47.88235294117647
4620,2021,48.083333333333336
4620,2022,48.65
4620,2023,48.083333333333336
4621,2016,41.988207547169814
4621,2017,42.110328638497656
4621,2018,42.17613636363637
4621,2019,42.21478873239437
4621,2020,42.15337423312884
4621,2021,42.34057971014493
4621,2022,42.440104166666664
4621,2023,42.244680851063826
4622,2016,42.74271844660194
4622,2017,43.085
4622,2018,42.79545454545455
4622,2019,43.19724770642202
4622,2020,43.55494505494506
4622,2021,43.75
4622,2022,44.2122641509434
4622,2023,44.4009009009009
4623,2016,42.44230769230769
4623,2017,42.291666666666664
4623,2018,43.1
4623,2019,43.6875
4623,2020,43.84285714285714
4623,2021,44.142857142857146
4623,2022,44.670731707317074
4623,2023,44.80434782608695
4624,2016,37.02760736196319
4624,2017,37.1765625
4624,2018,37.39307228915663
4624,2019,37.866754617414244
4624,2020,38.340369393139845
4624,2021,38.86878453038674
4624,2022,39.380494505494504
4624,2023,39.608695652173914
4625,2016,36.19672131147541
4625,2017,36.50632911392405
4625,2018,36.95569620253165
4625,2019,37.41463414634146
4625,2020,37.94871794871795
4625,2021,38.48717948717949
4625,2022,39.05555555555556
4625,2023,39.54938271604938
4626,2016,36.247975708502025
4626,2017,36.60734463276836
4626,2018,37.01012891344383
4626,2019,37.5616570327553
4626,2020,38.03370786516854
4626,2021,38.566265060240966
4626,2022,38.89943074003795
4626,2023,39.31977818853974
4627,2016,36.08817204301075
4627,2017,36.2687074829932
4627,2018,36.58539325842697
4627,2019,37.07222222222222
4627,2020,37.512387387387385
4627,2021,38.10065645514223
4627,2022,38.446120689655174
4627,2023,38.81639722863741
4628,2016,42.6063829787234
4628,2017,42.109756097560975
4628,2018,41.958333333333336
4628,2019,42.73728813559322
4628,2020,43.11607142857143
4628,2021,43.294117647058826
4628,2022,43.825581395348834
4628,2023,44.27173913043478
4629,2016,40.833333333333336
4629,2017,39.833333333333336
4629,2018,40.333333333333336
4629,2019,40.166666666666664
4629,2020,39
4629,2021,40.25
4629,2022,41.25
4629,2023,42
4630,2016,39.026041666666664
4630,2017,39.044444444444444
4630,2018,39.03048780487805
4630,2019,39.35164835164835
4630,2020,39.924528301886795
4630,2021,40.53703703703704
4630,2022,40.92718446601942
4630,2023,41.352380952380955
4631,2016,37.9725
4631,2017,38.24078624078624
4631,2018,38.64683544303797
4631,2019,39.2075
4631,2020,39.774025974025975
4631,2021,40.30156657963447
4631,2022,40.55569306930693
4631,2023,40.91563275434243
4632,2016,41.5625
4632,2017,42.06122448979592
4632,2018,42.702127659574465
4632,2019,42.947916666666664
4632,2020,43.416666666666664
4632,2021,44.17391304347826
4632,2022,44.776595744680854
4632,2023,45.26086956521739
4633,2016,45.714285714285715
4633,2017,47.07142857142857
4633,2018,48.214285714285715
4633,2019,48.5
4633,2020,49.666666666666664
4633,2021,51.083333333333336
4633,2022,53.25
4633,2023,50.611111111111114
4634,2016,46.029411764705884
4634,2017,45.31818181818182
4634,2018,45.18181818181818
4634,2019,45.61764705882353
4634,2020,46.361111111111114
4634,2021,47.25
4634,2022,48.43333333333333
4634,2023,47.4
4635,2016,43.82857142857143
4635,2017,44.10294117647059
4635,2018,44.56896551724138
4635,2019,45.03448275862069
4635,2020,45.517857142857146
4635,2021,46.607142857142854
4635,2022,47.148148148148145
4635,2023,47.04545454545455
4636,2016,50.31818181818182
4636,2017,49.375
4636,2018,48.8125
4636,2019,47.92857142857143
4636,2020,48.92307692307692
4636,2021,49.45454545454545
4636,2022,50.5
4636,2023,51.25
4637,2016,47.166666666666664
4637,2017,46.35294117647059
4637,2018,47.733333333333334
4637,2019,47.68421052631579
4637,2020,48.473684210526315
4637,2021,49.3
4637,2022,50.38095238095238
4637,2023,50.96
4638,2016,44.848684210526315
4638,2017,45.11842105263158
4638,2018,45.64
4638,2019,46.5377358490566
4638,2020,47.63725490196079
4638,2021,48.41836734693877
4638,2022,49.22115384615385
4638,2023,49.48913043478261
4639,2016,45.7125
4639,2017,45.885714285714286
4639,2018,46.44117647058823
4639,2019,46.15384615384615
4639,2020,46.527027027027025
4639,2021,47.148648648648646
4639,2022,47.96666666666667
4639,2023,47.95945945945946
4640,2016,38.459349593495936
4640,2017,38.028225806451616
4640,2018,37.67088607594937
4640,2019,37.53515625
4640,2020,37.35314685314685
4640,2021,37.23571428571429
4640,2022,37.28181818181818
4640,2023,37.651162790697676
4641,2016,43.925925925925924
4641,2017,43.870370370370374
4641,2018,44.370370370370374
4641,2019,44.23529411764706
4641,2020,43.54
4641,2021,43.61363636363637
4641,2022,43.94117647058823
4641,2023,43.5
4642,2016,45.904761904761905
4642,2017,45.77272727272727
4642,2018,46.01470588235294
4642,2019,46.1551724137931
4642,2020,46.7037037037037
4642,2021,47.01851851851852
4642,2022,47.293103448275865
4642,2023,47.17741935483871
4643,2016,45.623456790123456
4643,2017,45.70454545454545
4643,2018,46.4453125
4643,2019,46.758823529411764
4643,2020,47.31927710843374
4643,2021,47.54545454545455
4643,2022,47.442622950819676
4643,2023,47.61904761904762
4644,2016,42.05223880597015
4644,2017,42.08490566037736
4644,2018,41.94444444444444
4644,2019,42.44915254237288
4644,2020,42.96
4644,2021,43.05102040816327
4644,2022,42.98076923076923
4644,2023,42.76923076923077
4645,2016,47.472972972972975
4645,2017,47.513888888888886
4645,2018,47.48571428571429
4645,2019,47.07142857142857
4645,2020,47.40384615384615
4645,2021,47.9625
4645,2022,48.4375
4645,2023,48.265625
4646,2016,41.45
4646,2017,40.86666666666667
4646,2018,41.206896551724135
4646,2019,41.67857142857143
4646,2020,41.52
4646,2021,40.375
4646,2022,39.614285714285714
4646,2023,39.5
4647,2016,37.41114982578397
4647,2017,37.47126436781609
4647,2018,37.74612403100775
4647,2019,37.98103448275862
4647,2020,38.3277027027027
4647,2021,38.66792452830189
4647,2022,38.914965986394556
4647,2023,39.28006872852234
4648,2016,45.07142857142857
4648,2017,45.127450980392155
4648,2018,45.84920634920635
4648,2019,46.45967741935484
4648,2020,47.30833333333333
4648,2021,48.10655737704918
4648,2022,48.764150943396224
4648,2023,49.132075471698116
4649,2016,42.16355140186916
4649,2017,42.10849056603774
4649,2018,42.00961538461539
4649,2019,42.166666666666664
4649,2020,42.93362831858407
4649,2021,43.07327586206897
4649,2022,43.108695652173914
4649,2023,43.19583333333333
4650,2016,42.67605633802817
4650,2017,42.77160493827161
4650,2018,42.88333333333333
4650,2019,43.08474576271186
4650,2020,43.24657534246575
4650,2021,43.4609375
4650,2022,43.641666666666666
4650,2023,43.47457627118644
4651,2016,40.302083333333336
4651,2017,40.346666666666664
4651,2018,40.66883116883117
4651,2019,40.949074074074076
4651,2020,41.50909090909091
4651,2021,42.11504424778761
4651,2022,42.23033707865169
4651,2023,42.2375
5001,2016,35.78607322325915
5001,2017,35.78271692745377
5001,2018,35.79026152787336
5001,2019,35.91581632653061
5001,2020,36.03084526244035
5001,2021,36.14031218187988
5001,2022,36.14415880247315
5001,2023,36.3485342019544
5006,2016,43.0887573964497
5006,2017,43.01320754716981
5006,2018,43.07465277777778
5006,2019,43.19098712446352
5006,2020,43.54460966542751
5006,2021,44.18045112781955
5006,2022,44.5863309352518
5006,2023,44.690661478599225
5007,2016,41.216763005780344
5007,2017,41.413333333333334
5007,2018,41.73795180722892
5007,2019,41.88484848484848
5007,2020,42.25595238095238
5007,2021,42.712418300653596
5007,2022,43.1
5007,2023,43.46467391304348
5014,2016,39.425
5014,2017,38.79333333333334
5014,2018,39.078947368421055
5014,2019,39
5014,2020,38.90845070422535
5014,2021,39.35616438356164
5014,2022,39.304054054054056
5014,2023,38.61940298507463
5020,2016,49.38461538461539
5020,2017,49.285714285714285
5020,2018,50.166666666666664
5020,2019,51.1
5020,2020,51.1
5020,2021,52.388888888888886
5020,2022,52.666666666666664
5020,2023,52.54545454545455
5021,2016,43.18348623853211
5021,2017,43.36813186813187
5021,2018,43.72527472527472
5021,2019,44.19662921348315
5021,2020,44.27777777777778
5021,2021,44.59615384615385
5021,2022,44.34375
5021,2023,44.11827956989247
5022,2016,46.651162790697676
5022,2017,46.827586206896555
5022,2018,46.9054054054054
5022,2019,47.53947368421053
5022,2020,47.94871794871795
5022,2021,48.60526315789474
5022,2022,49.1625
5022,2023,49.2027027027027
5025,2016,45.974137931034484
5025,2017,46.31896551724138
5025,2018,46.34756097560975
5025,2019,47.03703703703704
5025,2020,47.31159420289855
5025,2021,47.62686567164179
5025,2022,47.76470588235294
5025,2023,47.90625
5026,2016,47.604166666666664
5026,2017,47.03448275862069
5026,2018,47.5
5026,2019,47.625
5026,2020,48.90384615384615
5026,2021,49.214285714285715
5026,2022,49.94642857142857
5026,2023,49.770833333333336
5027,2016,41.35897435897436
5027,2017,41.513698630136986
5027,2018,41.99305555555556
5027,2019,42.397260273972606
5027,2020,42.6875
5027,2021,42.641666666666666
5027,2022,42.813559322033896
5027,2023,42.62
5028,2016,38.705882352941174
5028,2017,39.011210762331835
5028,2018,39.09424083769633
5028,2019,39.44394618834081
5028,2020,39.56341463414634
5028,2021,39.69895287958115
5028,2022,39.98588709677419
5028,2023,40.08
5029,2016,37.070093457943926
5029,2017,36.74015748031496
5029,2018,36.78761061946903
5029,2019,37.123931623931625
5029,2020,37.50431034482759
5029,2021,37.86785714285714
5029,2022,38.67857142857143
5029,2023,39.052083333333336
5031,2016,37.995098039215684
5031,2017,38.233830845771145
5031,2018,38.4954128440367
5031,2019,38.83157894736842
5031,2020,39.016304347826086
5031,2021,39.04830917874396
5031,2022,39.33762886597938
5031,2023,39.435
5032,2016,43.44897959183673
5032,2017,44
5032,2018,44.385245901639344
5032,2019,44.714285714285715
5032,2020,45.44444444444444
5032,2021,45.83653846153846
5032,2022,46
5032,2023,45.625
5033,2016,48.6875
5033,2017,48.19230769230769
5033,2018,49.46153846153846
5033,2019,51.142857142857146
5033,2020,51.96153846153846
5033,2021,53.75
5033,2022,54.5
5033,2023,54.42307692307692
5034,2016,45.1875
5034,2017,45.76315789473684
5034,2018,46.513888888888886
5034,2019,47.05555555555556
5034,2020,47.5
5034,2021,47.732142857142854
5034,2022,48.12068965517241
5034,2023,47.875
5035,2016,39.96678966789668
5035,2017,39.99158249158249
5035,2018,40.11920529801324
5035,2019,40.49454545454545
5035,2020,40.82465277777778
5035,2021,41.11815068493151
5035,2022,41.6452205882353
5035,2023,41.89862542955326
5036,2016,42.720588235294116
5036,2017,43.14705882352941
5036,2018,43.42424242424242
5036,2019,43.95454545454545
5036,2020,44.7
5036,2021,45.32692307692308
5036,2022,45.64705882352941
5036,2023,46.140625
5037,2016,39.526595744680854
5037,2017,39.44978165938865
5037,2018,39.410714285714285
5037,2019,39.65
5037,2020,40.121212121212125
5037,2021,40.617283950617285
5037,2022,40.97945205479452
5037,2023,41.20454545454545
5038,2016,40.82432432432432
5038,2017,41.26648351648352
5038,2018,41.56944444444444
5038,2019,41.84969325153374
5038,2020,42.266666666666666
5038,2021,42.701219512195124
5038,2022,42.96496815286624
5038,2023,43.16981132075472
5041,2016,45.19444444444444
5041,2017,44.70454545454545
5041,2018,45.523809523809526
5041,2019,45.83870967741935
5041,2020,46.46774193548387
5041,2021,47.3
5041,2022,47.25
5041,2023,47.4375
5042,2016,46.73809523809524
5042,2017,46.55263157894737
5042,2018,46.833333333333336
5042,2019,46.95652173913044
5042,2020,48.09375
5042,2021,48.72
5042,2022,49.63461538461539
5042,2023,50.42
5043,2016,47.9
5043,2017,49.375
5043,2018,48.22222222222222
5043,2019,47.6
5043,2020,49.5
5043,2021,49.7
5043,2022,51.125
5043,2023,51.3
5044,2016,48.861111111111114
5044,2017,49.111111111111114
5044,2018,48.5625
5044,2019,49.28125
5044,2020,50.5
5044,2021,50.2
5044,2022,50.6
5044,2023,51.142857142857146
5045,2016,44.03846153846154
5045,2017,44.05357142857143
5045,2018,45.88
5045,2019,46.758620689655174
5045,2020,46.274193548387096
5045,2021,46.803030303030305
5045,2022,47.166666666666664
5045,2023,46.76
5046,2016,43.5
5046,2017,43.05555555555556
5046,2018,43.69565217391305
5046,2019,44.65217391304348
5046,2020,45.23913043478261
5046,2021,45.88461538461539
5046,2022,46.88461538461539
5046,2023,47.25
5047,2016,38.72222222222222
5047,2017,38.787234042553195
5047,2018,39.46875
5047,2019,39.406976744186046
5047,2020,39.142857142857146
5047,2021,39.34444444444444
5047,2022,39.83653846153846
5047,2023,39.74038461538461
5049,2016,48.025
5049,2017,48.57142857142857
5049,2018,48.916666666666664
5049,2019,49.61764705882353
5049,2020,49.96153846153846
5049,2021,50.833333333333336
5049,2022,50.95454545454545
5049,2023,50.84615384615385
5052,2016,53.142857142857146
5052,2017,51.857142857142854
5052,2018,52.285714285714285
5052,2019,52.05555555555556
5052,2020,52.65
5052,2021,51.8125
5052,2022,51.714285714285715
5052,2023,52.25
5053,2016,42.67763157894737
5053,2017,42.61538461538461
5053,2018,42.62328767123287
5053,2019,43.026666666666664
5053,2020,43.01428571428571
5053,2021,43.563380281690144
5053,2022,43.82089552238806
5053,2023,43.74691358024691
5054,2016,42.92758620689655
5054,2017,43.458333333333336
5054,2018,44.02721088435374
5054,2019,44.648275862068964
5054,2020,45.1437908496732
5054,2021,45.885714285714286
5054,2022,46.4568345323741
5054,2023,46.47478991596638
5055,2016,46.08461538461538
5055,2017,46.08461538461538
5055,2018,46.08461538461538
5055,2019,46.08461538461538
5055,2020,46.08461538461538
5055,2021,46.63194444444444
5055,2022,47.285714285714285
5055,2023,47.109375
5056,2016,42.68571428571428
5056,2017,42.68571428571428
5056,2018,42.68571428571428
5056,2019,42.68571428571428
5056,2020,42.68571428571428
5056,2021,42.80821917808219
5056,2022,43.028169014084504
5056,2023,42.652542372881356
5057,2016,43.07086614173228
5057,2017,42.84710743801653
5057,2018,42.800970873786405
5057,2019,42.822916666666664
5057,2020,42.58849557522124
5057,2021,42.91
5057,2022,42.779411764705884
5057,2023,42.316326530612244
5058,2016,46.72794117647059
5058,2017,46.983333333333334
5058,2018,47.067796610169495
5058,2019,47.19285714285714
5058,2020,47.66101694915254
5058,2021,48.40833333333333
5058,2022,48.48275862068966
5058,2023,48.5
5059,2016,43.542328042328045
5059,2017,43.542328042328045
5059,2018,43.542328042328045
5059,2019,43.542328042328045
5059,2020,43.542328042328045
5059,2021,43.77835051546392
5059,2022,43.822916666666664
5059,2023,43.64730290456431
5060,2016,41.36538461538461
5060,2017,41.257425742574256
5060,2018,40.76704545454545
5060,2019,40.7196261682243
5060,2020,40.86752136752137
5060,2021,41.143478260869564
5060,2022,40.8
5060,2023,40.59047619047619
5061,2016,43.77777777777778
5061,2017,44.18518518518518
5061,2018,44.24074074074074
5061,2019,44.72727272727273
5061,2020,45.274193548387096
5061,2021,46.265625
5061,2022,46.86363636363637
5061,2023,47.47727272727273
5401,2016,36.49952335557674
5401,2017,36.48178331735379
5401,2018,36.5754039497307
5401,2019,36.692546583850934
5401,2020,36.94826048171276
5401,2021,37.22459165154265
5401,2022,37.3968105065666
5401,2023,37.558394160583944
5402,2016,41.12357954545455
5402,2017,41.34902597402598
5402,2018,41.60197368421053
5402,2019,41.76297577854671
5402,2020,42.0191637630662
5402,2021,42.34782608695652
5402,2022,42.554054054054056
5402,2023,42.7370820668693
5403,2016,35.72826086956522
5403,2017,35.54708520179372
5403,2018,35.51730769230769
5403,2019,35.90963855421687
5403,2020,36.017857142857146
5403,2021,36.379629629629626
5403,2022,36.42348754448398
5403,2023,36.60996563573883
5404,2016,46.196969696969695
5404,2017,46.2
5404,2018,45.689655172413794
5404,2019,46.36206896551724
5404,2020,47.435483870967744
5404,2021,48.53448275862069
5404,2022,49.410714285714285
5404,2023,49.395833333333336
5405,2016,41.04347826086956
5405,2017,41.44
5405,2018,42.26428571428571
5405,2019,42.91935483870968
5405,2020,43.87096774193548
5405,2021,45.041666666666664
5405,2022,45.482142857142854
5405,2023,45.38636363636363
5406,2016,38.684615384615384
5406,2017,38.507246376811594
5406,2018,38.7
5406,2019,39.04761904761905
5406,2020,39.33606557377049
5406,2021,39.88095238095238
5406,2022,39.921875
5406,2023,40.09375
5411,2016,43.48809523809524
5411,2017,44.23255813953488
5411,2018,44.8
5411,2019,45.977777777777774
5411,2020,46.54255319148936
5411,2021,46.94871794871795
5411,2022,48.12222222222222
5411,2023,47.65714285714286
5412,2016,47.08064516129032
5412,2017,47.425925925925924
5412,2018,48.135416666666664
5412,2019,48.30357142857143
5412,2020,48.907407407407405
5412,2021,49.36440677966102
5412,2022,49.61029411764706
5412,2023,49.910714285714285
5413,2016,51.75925925925926
5413,2017,52.38461538461539
5413,2018,52.65
5413,2019,52.575
5413,2020,53.69047619047619
5413,2021,54.95454545454545
5413,2022,55.62
5413,2023,55.71739130434783
5414,2016,47.28125
5414,2017,47.291666666666664
5414,2018,48.11538461538461
5414,2019,49.03125
5414,2020,48.916666666666664
5414,2021,49.526315789473685
5414,2022,50.1578947368421
5414,2023,50.25
5415,2016,43.541666666666664
5415,2017,43.733333333333334
5415,2018,44.7
5415,2019,45.93333333333333
5415,2020,46.57142857142857
5415,2021,47.214285714285715
5415,2022,48.42857142857143
5415,2023,48.70454545454545
5416,2016,37.29761904761905
5416,2017,38.23255813953488
5416,2018,38.5375
5416,2019,38.16
5416,2020,38.648936170212764
5416,2021,38.91025641025641
5416,2022,38.989583333333336
5416,2023,39.71
5417,2016,43.85294117647059
5417,2017,44.484848484848484
5417,2018,44.516129032258064
5417,2019,45.65
5417,2020,46.833333333333336
5417,2021,47.85
5417,2022,48.65
5417,2023,49.15625
5418,2016,40.686440677966104
5418,2017,40.13709677419355
5418,2018,40.276315789473685
5418,2019,40.41549295774648
5418,2020,41.44444444444444
5418,2021,41.45744680851064
5418,2022,41.122950819672134
5418,2023,40.515151515151516
5419,2016,42.5
5419,2017,42.42857142857143
5419,2018,42.44444444444444
5419,2019,42.90277777777778
5419,2020,43.15151515151515
5419,2021,42.96875
5419,2022,43.604166666666664
5419,2023,43.97674418604651
5420,2016,48.18181818181818
5420,2017,48.75
5420,2018,48.63333333333333
5420,2019,49.85294117647059
5420,2020,51.25
5420,2021,51.67857142857143
5420,2022,52
5420,2023,52.266666666666666
5421,2016,41.931472081218274
5421,2017,42.005025125628144
5421,2018,42.27808988764045
5421,2019,42.63513513513514
5421,2020,43.1796875
5421,2021,43.82163742690059
5421,2022,44.04117647058823
5421,2023,44.00299401197605
5422,2016,45.54705882352941
5422,2017,45.78169014084507
5422,2018,46.23717948717949
5422,2019,46.41139240506329
5422,2020,46.870370370370374
5422,2021,47.50609756097561
5422,2022,47.85507246376812
5422,2023,48.40972222222222
5423,2016,48.891891891891895
5423,2017,49.51470588235294
5423,2018,50.07142857142857
5423,2019,50.666666666666664
5423,2020,51.55555555555556
5423,2021,52.18518518518518
5423,2022,52.11363636363637
5423,2023,52.34
5424,2016,46.94565217391305
5424,2017,47.108695652173914
5424,2018,47.56666666666667
5424,2019,48.09782608695652
5424,2020,48.92156862745098
5424,2021,49.63725490196079
5424,2022,50.55
5424,2023,51.244897959183675
5425,2016,45.484375
5425,2017,45.583333333333336
5425,2018,46.95652173913044
5425,2019,47.47727272727273
5425,2020,48.11363636363637
5425,2021,48.741379310344826
5425,2022,49.206896551724135
5425,2023,49.3448275862069
5426,2016,46.91304347826087
5426,2017,47.541666666666664
5426,2018,47.758620689655174
5426,2019,48.435483870967744
5426,2020,49.17741935483871
5426,2021,49.92857142857143
5426,2022,50.875
5426,2023,51.390243902439025
5427,2016,41.72093023255814
5427,2017,41.8125
5427,2018,41.81666666666667
5427,2019,42.046875
5427,2020,42.08064516129032
5427,2021,42.385714285714286
5427,2022,43
5427,2023,43.1025641025641
5428,2016,42.34313725490196
5428,2017,42.38636363636363
5428,2018,42.625
5428,2019,43.04545454545455
5428,2020,43.372727272727275
5428,2021,44.285714285714285
5428,2022,44.58139534883721
5428,2023,44.52542372881356
5429,2016,47.729166666666664
5429,2017,47.75
5429,2018,48.22222222222222
5429,2019,49.23529411764706
5429,2020,50.25
5429,2021,51.05555555555556
5429,2022,50.84090909090909
5429,2023,51.523809523809526
5430,2016,39.31578947368421
5430,2017,39.77142857142857
5430,2018,39.93181818181818
5430,2019,40.608695652173914
5430,2020,41.16279069767442
5430,2021,41.56521739130435
5430,2022,41.68518518518518
5430,2023,42.089285714285715
5432,2016,51.55882352941177
5432,2017,50.61538461538461
5432,2018,50.72222222222222
5432,2019,50.11538461538461
5432,2020,51.166666666666664
5432,2021,52.09090909090909
5432,2022,52.5
5432,2023,51.13333333333333
5433,2016,43.388888888888886
5433,2017,43.40625
5433,2018,44.13333333333333
5433,2019,44.3
5433,2020,45.625
5433,2021,47.5
5433,2022,48.266666666666666
5433,2023,46.27272727272727
5434,2016,47.90625
5434,2017,47.8421052631579
5434,2018,47.794117647058826
5434,2019,48.404761904761905
5434,2020,48.785714285714285
5434,2021,49.32608695652174
5434,2022,50.041666666666664
5434,2023,50.958333333333336
5435,2016,44.69230769230769
5435,2017,45.18627450980392
5435,2018,45.611111111111114
5435,2019,45.56818181818182
5435,2020,46.06818181818182
5435,2021,46.75
5435,2022,47.88157894736842
5435,2023,48.026315789473685
5436,2016,45.648148148148145
5436,2017,45.942622950819676
5436,2018,46.28813559322034
5436,2019,46.767857142857146
5436,2020,46.906976744186046
5436,2021,47.3
5436,2022,47.41463414634146
5436,2023,47.9390243902439
5437,2016,42.64705882352941
5437,2017,42.806451612903224
5437,2018,42.86538461538461
5437,2019,43.017857142857146
5437,2020,43.9375
5437,2021,43.604166666666664
5437,2022,44.65217391304348
5437,2023,44.98571428571429
5438,2016,45.25
5438,2017,44.63157894736842
5438,2018,45.525
5438,2019,46.10526315789474
5438,2020,47.23809523809524
5438,2021,47.59375
5438,2022,48.82142857142857
5438,2023,48.35294117647059
5439,2016,44.6875
5439,2017,45.020833333333336
5439,2018,45.44736842105263
5439,2019,45.86842105263158
5439,2020,46.529411764705884
5439,2021,47.19444444444444
5439,2022,47.833333333333336
5439,2023,48.411764705882355
5440,2016,46.333333333333336
5440,2017,46.69444444444444
5440,2018,47.13157894736842
5440,2019,47.875
5440,2020,48.22727272727273
5440,2021,48.833333333333336
5440,2022,50
5440,2023,50.166666666666664
5441,2016,44.67567567567568
5441,2017,44.98863636363637
5441,2018,45.29545454545455
5441,2019,45.857142857142854
5441,2020,46.49230769230769
5441,2021,47.553030303030305
5441,2022,48.13709677419355
5441,2023,48.473684210526315
5442,2016,45.40909090909091
5442,2017,45.82142857142857
5442,2018,46.285714285714285
5442,2019,46.892857142857146
5442,2020,47.6
5442,2021,49.06666666666667
5442,2022,50.285714285714285
5442,2023,50.30769230769231
5443,2016,42.171052631578945
5443,2017,41.145833333333336
5443,2018,40.983333333333334
5443,2019,40.714285714285715
5443,2020,41.39655172413793
5443,2021,41.25
5443,2022,41.84090909090909
5443,2023,42.65909090909091
5444,2016,40.38741721854305
5444,2017,40.79770992366412
5444,2018,41.04924242424242
5444,2019,41.48543689320388
5444,2020,41.633663366336634
5444,2021,42.17289719626168
5444,2022,42.54494382022472
5444,2023,42.982142857142854
