municipality_code,area_km2
0301,481.040340328838
1101,1068.0542269522496
1103,780.8172918857967
1106,368.16923570655763
1108,1146.6688599807487
1111,873.1377711452064
1112,410.54269473140045
1114,654.1842590512483
1119,1067.45954121835
1120,550.3941053817026
1121,184.32360328009955
1122,629.9118398439988
1124,569.1650840697978
1127,91.30074073630009
1130,394.83096536724923
1133,1169.0271504142002
1134,1917.7777676226037
1135,567.5106014625027
1144,364.9195429781528
1145,189.83940702664907
1146,639.6186591261015
1149,1357.2381492915936
1151,866.1182689906034
1160,769.5028905148995
1505,671.2481190780504
1506,1996.9433931440753
1507,1464.2518707947559
1511,486.8473955090536
1514,460.5208609128454
1515,1199.491542790454
1516,257.82402149035113
1517,135.6786830645498
1520,791.5789386982949
1525,947.6499799311057
1528,402.10911219140405
1531,123.50089903795168
1532,911.9957118844027
1535,547.7475700359536
1539,1559.6101849901895
1547,517.7040952688992
1554,720.60455882610745
1557,471.7563469550952
1560,505.8850846600037
1563,1802.7662283202912
1566,1455.566721007944
1573,2159.6374007699446
1576,2118.0767596865403
1577,1002.0354583349985
1578,1264.045796869503
1579,1573.6533015182958
1804,4823.225040071447
1806,4089.4042528829045
1811,1904.8169131516593
1812,789.9080331648003
1813,2098.375642886835
1815,2920.9153498410315
1816,660.8097567772958
1818,2261.5718170296614
1820,584.9517983404467
1822,595.8094187527563
1824,2029.0144859620127
1825,2002.7744902046313
1826,2682.3294851059677
1827,758.9636019967026
1828,402.581793572646
1832,1651.927530189137
1833,4584.680699427824
1834,1336.9858063203503
1835,1793.21547243669
1836,3101.3848757225114
1837,2744.475496841114
1838,1501.1374298233482
1839,1238.156650670411
1840,2244.1891172568885
1841,1292.9832510135504
1845,1828.333331924257
1848,3481.738998225465
1851,1043.1152738521866
1853,390.0851798501457
1856,3370.1260764469434
1857,1823.1101033907519
1859,1171.658318684618
1860,2108.1144203427516
1865,2085.8469824884814
1866,1183.4706509326443
1867,1824.3381486413991
1868,1813.7281641147556
1870,1092.1682353920164
1871,2790.93550802984
1874,1591.5007237944953
1875,2814.4063758798216
3101,661.5581809165471
3103,252.23728984555655
3105,427.2301624285947
3107,559.4695204888488
3110,518.8585924986535
3112,158.9595175454474
3114,257.0863452745449
3116,101.24148248235184
3118,791.1490151246052
3120,434.9671416143403
3122,412.9348863305333
3124,319.2935746676167
3201,216.87801893556428
3203,535.2360138009404
3205,456.7424401249818
3207,212.09267303390294
3209,252.52198077799025
3212,116.63403263694859
3214,115.45010106789931
3216,151.86786919454303
3218,103.76491088773916
3220,232.6700198474028
3222,70.57742586169847
3224,71.7091375166376
3226,1144.9008396527177
3228,640.8476067126392
3230,83.22491109754554
3232,186.3183269114913
3234,292.023208625455
3236,225.8921751137068
3238,341.1297838471501
3240,456.61531898543257
3242,285.07309434144696
3301,345.50391545994717
3303,794.2250953978003
3305,1556.6713327151192
3310,192.85493377024483
3312,307.82005583170695
3314,457.33751850269743
3316,517.832498687894
3318,375.0356994532489
3320,705.2610124722011
3322,811.0831282010002
3324,533.4735000972008
3326,755.2287169706553
3328,1177.7901399540478
3330,1859.721736243133
3332,843.7528563144988
3334,562.780683118649
3336,450.0676978986997
3338,2508.2437164384123
3401,1036.2284365557905
3403,351.031083980596
3405,478.2854089047056
3407,671.5676996219063
3411,1280.6487616484478
3412,369.49698209643566
3413,724.4049153492798
3414,508.177728295332
3415,516.7386466624948
3416,640.3014748123953
3417,836.990090883811
3418,1040.7141005925535
3419,705.1997737362427
3420,1229.238990673966
3421,3013.571212769191
3422,1340.0082878516994
3423,2166.7127510219952
3424,3179.982301155453
3425,2196.1657769994804
3426,1122.6957987153567
3427,1881.2108813450702
3428,942.6696396693692
3429,1278.1558662276577
3430,1040.6015604805916
3431,1366.0981460908904
3432,2263.769653921244
3433,2080.9445949444057
3434,1972.7133092227
3435,1332.550178731112
3436,1142.7850081480267
3437,905.9311024909997
3438,743.0134956028521
3439,1248.4727775336382
3440,640.518136689151
3441,1192.4204693443085
3442,562.7708311201012
3443,250.85730493195126
3446,757.1790231977961
3447,728.9673385962526
3448,956.2947833952486
3449,1110.5033415649655
3450,459.72176050459456
3451,907.8843759848044
3452,457.96404280965066
3453,971.5023386797475
3454,1508.1693736333898
3901,150.25133279080262
3903,487.7647024342673
3905,383.3797545898251
3907,607.1806697540992
3909,1561.2933403394945
3911,855.8028998843973
4001,199.3301468663024
4003,784.6550943623091
4005,985.7159321109004
4010,214.2595049669974
4012,371.40136474400686
4014,1061.5208275260998
4016,1065.0286645392216
4018,430.51235180899636
4020,519.5028845508549
4022,716.851641757634
4024,793.4124048936467
4026,2049.963080859187
4028,710.2808632872981
4030,907.4883620684004
4032,1283.945778410653
4034,987.6872142174955
4036,3116.0192135430943
4201,576.4879493042018
4202,944.2502758066101
4203,920.8829403103483
4204,1547.2831271747561
4205,2301.6921754380164
4206,1259.2262643534018
4207,864.2424224450409
4211,322.83253783400016
4212,356.4811696766981
4213,620.3665952505492
4214,646.3427520628471
4215,853.2097895022404
4216,639.3028667254546
4217,1133.8083250804414
4218,262.5155719374521
4219,589.1569005937016
4220,1316.4540001744347
4221,1270.0541945558027
4222,1472.9559511495527
4223,385.83408522229905
4224,891.0211833893561
4225,881.9766551106029
4226,463.2942182892997
4227,976.1541626358991
4228,1561.4716761081988
4601,573.6759767539986
4602,2911.757225923253
4611,817.8671625607531
4612,376.38056842639804
4613,1668.8993872587412
4614,227.22794100145256
4615,242.14206168220133
4616,485.3733453810986
4617,1513.9078066979462
4618,3450.348003694797
4619,1534.0849443470984
4620,749.7838926872506
4621,2089.8558248993095
4622,765.8499439116974
4623,291.67949818504894
4624,756.9543598212499
4625,953.5856015040584
4626,2336.060206389006
4627,221.05417537939965
4628,760.7560619973
4629,420.7931305269981
4630,313.4451286195516
4631,983.3776237371027
4632,163.0205400038512
4633,469.2550043780359
4634,645.4159105180988
4635,991.3091188206978
4636,1759.9583895351
4637,386.4864585741018
4638,1253.2725377851016
4639,974.7341276021444
4640,1478.6449461054995
4641,1521.9081484515448
4642,1410.507094767198
4643,1011.826606031359
4644,2814.883299164908
4645,1599.1433915494945
4646,490.9443480231517
4647,2272.847883581748
4648,1943.199360974399
4649,1667.2956245781513
4650,1100.2520980323
4651,1465.4566228874517
5001,714.5570510766005
5006,2249.975764746644
5007,2594.696833479295
5014,5299.294291971391
5020,1752.8375050202462
5021,2276.6955287005244
5022,948.7555775918458
5025,1956.339523892581
5026,1209.7058848056408
5027,1861.2965728405047
5028,696.9000351594125
5029,252.97943951855467
5031,232.783563285303
5032,1235.007622112212
5033,1328.4669223866977
5034,1273.707896573839
5035,1000.7102801800044
5036,247.44010916280186
5037,837.0197336762943
5038,1564.3190303315437
5041,2341.5710217462024
5042,2959.6691927008465
5043,1583.6535729519564
5044,1416.3374045272822
5045,1135.625560870484
5046,758.9371729984955
5047,729.8647631989949
5049,1284.0140898645545
5052,1704.9387660386492
5053,561.2854346966014
5054,1428.631077712138
5055,1240.2383290304388
5056,1548.6951846012064
5057,1509.9049778046565
5058,2387.3837289377757
5059,2151.9559806630905
5060,4778.080342994612
5061,632.7569448912051
5401,5286.276165484051
5402,1519.3010252966553
5403,4564.651839327554
5404,2507.355793862304
5405,1976.4274081082003
5406,5380.968725518204
5411,701.090059414302
5412,1024.876565509055
5413,592.3491988038941
5414,374.46162834927185
5415,324.4071435574555
5416,2703.4205834620693
5417,521.3118594336414
5418,3356.4286242280364
5419,390.8705206908449
5420,469.5001808750321
5421,4728.873115657842
5422,1741.5103617964996
5423,5887.770101252853
5424,1299.8472826626091
5425,1605.868638305606
5426,1115.8804340434297
5427,1562.2451726902748
5428,3684.224865376617
5429,2685.243599261096
5430,9727.13456972414
5432,2810.275405633762
5433,2770.108979102236
5434,3890.6590159280363
5435,4110.8749604801105
5436,6012.752962389166
5437,5469.609434698561
5438,5751.430524364016
5439,3119.948073605491
5440,2453.3625351992896
5441,4386.643446072915
5442,1646.90747968639
5443,2835.0224580466815
5444,5143.298472117744
