station_id,municipality_code,install_year,charging_kw_numeric
5907,3205,2019,22
6141,1124,2020,180
3587,4003,2016,7.4
3608,3420,2016,3.6
3644,0301,2016,3.6
3673,1828,2016,7.4
3706,1122,2016,7.4
3715,1506,2016,11
3745,1108,2016,11
3758,1535,2016,62.5
3761,5055,2016,50
3762,4622,2016,3.6
3777,4631,2017,50
3793,4032,2017,7.4
6541,3312,2020,7.4
18395,1532,2023,22
6547,1106,2020,22
3818,1122,2017,11
3819,4030,2017,3.6
3826,3201,2017,3.6
3827,4649,2017,3.6
3830,3107,2017,7.4
3867,4202,2017,11
14286,4012,2023,22
6682,3209,2020,150
6742,3411,2020,62.5
4040,3448,2017,7.4
4094,0301,2017,22
4126,4014,2017,11
4129,1122,2017,7.4
4162,1149,2017,22
4170,1841,2017,50
4178,1820,2017,50
4202,3401,2017,3.6
4204,3401,2017,3.6
4205,3401,2017,3.6
4295,0301,2017,3.6
4296,0301,2017,3.6
9817,5421,2022,7.4
4331,1833,2017,50
4406,5044,2017,22
4437,3107,2017,3.6
4441,3411,2017,22
11246,3448,2022,200
4442,5035,2017,50
4444,3228,2017,11
4445,3228,2017,22
4459,1108,2017,22
4580,3901,2017,11
4650,3905,2018,3.6
4670,3201,2018,3.6
4671,3201,2018,3.6
4672,3201,2018,3.6
4685,3209,2018,3.6
4687,3209,2018,3.6
6743,3101,2020,180
4704,0301,2018,3.6
4725,4014,2018,22
4726,1804,2018,7.4
4727,1804,2018,22
4729,1838,2018,7.4
4740,3205,2018,50
4754,5411,2018,7.4
4756,3907,2018,3.6
4757,3907,2018,3.6
4783,5056,2018,7.4
4785,3907,2018,3.6
4790,5401,2018,22
4793,3301,2018,3.6
4831,4003,2018,7.4
4794,4614,2018,22
4834,4628,2018,3.6
4870,1103,2018,7.4
4872,1517,2018,7.4
7455,0301,2021,22
4881,1867,2018,50
4882,3209,2018,22
4884,1134,2018,7.4
4943,4601,2018,7.4
4967,5419,2018,7.4
4980,3103,2018,50
4988,0301,2018,11
276,4202,2010,22
5024,3205,2018,7.4
5025,3205,2018,7.4
5027,3905,2018,22
18169,4001,2023,300
5049,4601,2018,22
5106,1515,2018,7.4
5108,1507,2018,7.4
5109,1507,2018,22
13390,5055,2023,180
5162,3905,2018,7.4
5163,3905,2018,22
7793,3320,2021,22
5167,3301,2018,3.6
5178,3107,2018,7.4
5179,4601,2018,11
1423,4624,2012,43
5200,1813,2018,7.4
5202,0301,2018,22
5267,1103,2018,7.4
5283,4214,2018,22
5296,3107,2018,7.4
5353,4601,2019,7.4
7901,1865,2021,22
5453,1103,2019,22
5587,3301,2019,50
5610,5032,2019,7.4
5625,5001,2019,3.6
5631,3911,2019,7.4
5648,5021,2019,7.4
6402,4601,2020,22
5652,3316,2019,7.4
5667,1103,2019,150
5704,1108,2019,22
5712,1103,2019,3.6
5714,1103,2019,3.6
5732,3101,2019,11
5763,3411,2019,22
5764,4204,2019,150
5765,4204,2019,22
5766,3438,2019,7.4
5767,1865,2019,3.6
5772,4621,2019,22
5775,1865,2019,22
5798,3232,2019,50
5659,4601,2019,400
5862,3216,2019,7.4
5887,0301,2019,7.4
5888,3107,2019,22
5905,4621,2019,50
5906,4621,2019,22
5995,4626,2019,7.4
5996,4626,2019,7.4
5997,4626,2019,7.4
6003,4626,2019,7.4
6004,4626,2019,7.4
6010,4626,2019,7.4
6012,4626,2019,7.4
6013,4626,2019,7.4
6014,4626,2019,7.4
6015,4626,2019,7.4
6019,4626,2019,7.4
6022,4626,2019,7.4
6023,4626,2019,7.4
6025,4626,2019,7.4
6049,1840,2019,7.4
6058,4613,2019,3.6
6100,3236,2019,50
6111,3101,2019,7.4
6125,3312,2019,62.5
6156,3420,2020,7.4
6186,4005,2020,22
6233,4001,2020,22
6257,3301,2020,50
6277,4020,2020,3.6
6312,4601,2020,150
55,4601,2010,3.6
6330,5404,2020,22
4947,1101,2018,7.4
6382,4619,2020,62.5
4949,3905,2018,22
6449,1505,2020,50
6548,1539,2020,62.5
9183,3301,2021,150
5070,1103,2018,175
6650,0301,2020,7.4
6662,1103,2020,150
6663,5001,2020,150
6698,1516,2020,62.5
6710,5421,2020,22
6729,5404,2020,3.6
6732,4642,2020,7.4
6745,1838,2020,3.6
6746,1838,2020,7.4
6749,5421,2020,11
6753,4651,2020,7.4
6774,3322,2020,150
6775,3205,2020,11
6776,3301,2020,22
6777,3312,2020,22
6783,1101,2020,50
6784,1108,2020,11
6793,3220,2020,22
6801,4601,2020,22
6699,3105,2020,50
6803,4623,2020,22
6806,4626,2020,100
6844,5006,2020,7.4
15669,4640,2023,22
6885,3440,2020,22
108,3405,2010,3.6
6909,5001,2020,3.6
6911,0301,2020,22
7211,1103,2020,150
156,1103,2010,3.6
171,1103,2010,3.6
192,0301,2010,22
232,3303,2010,7.4
7288,1839,2021,7.4
547,4601,2010,3.6
7299,1114,2021,7.4
621,4649,2010,3.6
7305,3431,2021,7.4
7317,4203,2021,7.4
16090,3428,2023,62.5
896,1103,2010,3.6
7328,1122,2021,50
7341,4036,2021,22
7342,3903,2021,11
986,3205,2010,3.6
4232,3201,2017,50
16130,3216,2023,22
11314,1103,2022,22
7369,5007,2021,7.4
7377,3328,2021,22
7393,5059,2021,150
1453,4635,2012,43
1466,3224,2012,3.6
7432,1127,2021,11
7439,3228,2021,22
7443,4617,2021,11
7445,1106,2021,11
7447,5057,2021,22
1578,1108,2013,3.6
7469,3435,2021,7.4
1579,1108,2013,3.6
5668,1108,2019,150
1589,3201,2013,3.6
7470,3405,2021,7.4
1620,1122,2013,22
7499,3435,2021,7.4
1690,3228,2013,7.4
7576,4601,2021,200
7717,3435,2021,7.4
7718,4647,2021,7.4
7719,4642,2021,7.4
7720,4649,2021,7.4
7731,4637,2021,200
1750,3447,2013,3.6
7753,3401,2021,22
1778,1525,2014,22
1792,4202,2014,22
7755,3437,2021,7.4
1812,0301,2014,22
7766,4028,2021,22
1819,0301,2014,3.6
7768,5057,2021,22
1825,3403,2014,3.6
1838,4622,2014,50
7769,3434,2021,7.4
1839,3222,2014,3.6
7771,3431,2021,7.4
7784,3435,2021,7.4
1892,3203,2014,11
7785,3437,2021,7.4
1905,5403,2014,22
1906,5435,2014,7.4
7787,1528,2021,350
3162,5047,2015,7.4
1934,5001,2014,3.6
7849,3435,2021,7.4
6788,4601,2020,180
1936,1506,2014,3.6
7864,3303,2021,3.6
1971,4221,2014,22
7872,5058,2021,11
2006,1824,2014,22
7882,4651,2021,22
2020,4202,2014,22
7909,4647,2021,22
7910,3434,2021,7.4
7915,3433,2021,22
7917,3431,2021,7.4
7926,3330,2021,7.4
7929,3224,2021,3.6
2041,3907,2014,3.6
2103,5001,2014,7.4
7932,3316,2021,75
7936,1804,2021,22
5456,4601,2019,62.5
7939,3328,2021,7.4
7942,3301,2021,11
2106,4644,2014,7.4
7961,3439,2021,3.6
7964,3224,2021,3.6
7990,1106,2021,11
8006,4639,2021,22
8009,4642,2021,7.4
8010,4640,2021,7.4
8012,3435,2021,7.4
8022,3446,2021,150
8032,1875,2021,11
2195,0301,2014,22
8035,1119,2021,22
8038,1804,2021,22
8040,4630,2021,11
8041,1853,2021,11
8042,3203,2021,11
8076,1119,2021,22
8080,3454,2021,11
8084,5045,2021,7.4
8086,1103,2021,22
8890,4640,2021,300
8091,1149,2021,22
2420,3417,2014,3.6
3484,3203,2016,22
8092,5057,2021,22
8093,1119,2021,22
8095,4005,2021,22
8096,1119,2021,22
8097,1517,2021,22
8099,3203,2021,11
8103,5041,2021,7.4
8108,0301,2021,7.4
8109,4630,2021,22
8111,1103,2021,22
8112,3439,2021,11
8117,5020,2021,11
8120,5006,2021,11
8122,4026,2021,22
8124,3328,2021,11
8129,1119,2021,200
8134,3416,2021,7.4
8146,1103,2021,22
6184,0301,2020,75
8148,4001,2021,22
8171,4648,2021,7.4
8180,3443,2021,22
8181,4204,2021,11
8871,4213,2021,11
8872,5020,2021,22
2527,4618,2015,50
6086,3303,2019,180
8902,1841,2021,22
2530,1563,2015,50
9166,3421,2021,7.4
9190,3442,2021,7.4
9209,3435,2021,7.4
9342,5413,2021,22
9441,3420,2022,200
9449,4026,2022,200
9450,4036,2022,200
2742,3905,2015,3.6
9462,1871,2022,200
9472,3454,2022,22
2744,3907,2015,3.6
9478,5007,2022,22
9498,5047,2022,7.4
9535,5049,2022,22
9559,4026,2022,7.4
9587,3451,2022,150
9634,5401,2022,11
9635,5049,2022,22
9636,5049,2022,22
9637,5049,2022,22
5989,4626,2019,50
2879,3103,2015,11
17761,4601,2023,22
2911,3431,2015,75
9641,5006,2022,22
9646,5007,2022,22
6700,3207,2020,22
9672,4205,2022,50
2914,3432,2015,200
9695,1566,2022,22
9742,5006,2022,22
9744,5006,2022,22
5078,4206,2018,50
9767,3427,2022,75
9772,5049,2022,50
9790,1871,2022,7.4
9793,4213,2022,22
9803,1838,2022,7.4
9497,5047,2022,7.4
9867,4602,2022,11
10000,5007,2022,50
10005,3103,2022,3.6
3005,3440,2015,22
3010,4601,2015,7.4
10018,0301,2022,7.4
10028,3326,2022,250
3018,3411,2015,3.6
17751,4601,2023,22
10030,3305,2022,50
3058,3411,2015,22
10064,0301,2022,7.4
10107,4646,2022,22
10173,0301,2022,200
11230,1563,2022,200
11232,1505,2022,22
11233,5038,2022,50
11259,3320,2022,150
3211,3909,2016,22
3213,3405,2016,3.6
3224,4629,2016,7.4
11307,3433,2022,22
3250,1106,2016,3.6
3253,4001,2016,22
3258,3403,2016,22
3259,3423,2016,22
11670,3228,2022,7.4
11672,3228,2022,3.6
11673,3228,2022,3.6
3260,3422,2016,11
11674,3228,2022,7.4
11706,3405,2022,200
11723,4036,2022,350
11725,5061,2022,50
11771,0301,2022,200
118,5401,2010,3.6
11797,3435,2022,22
11809,1579,2022,11
11840,4203,2022,11
169,1103,2010,3.6
11842,3201,2022,3.6
197,0301,2010,3.6
3303,0301,2016,3.6
6549,3301,2020,50
12096,5041,2023,22
617,4649,2010,3.6
868,1103,2010,3.6
12160,1868,2023,22
12161,1868,2023,22
12162,1868,2023,22
12167,5007,2023,22
879,1103,2010,3.6
924,5006,2010,7.4
927,0301,2010,3.6
997,0301,2010,22
5357,3207,2019,50
1044,1507,2011,7.4
1070,5001,2011,50
1210,0301,2012,7.4
1267,4614,2012,50
1415,3101,2012,50
3358,4601,2016,7.4
3359,0301,2016,11
3361,0301,2016,7.4
1452,4631,2012,22
6910,3301,2020,350
6756,5001,2020,11
1538,3224,2013,3.6
3384,3101,2016,3.6
17821,5025,2023,7.4
13125,3434,2023,7.4
1581,1108,2013,3.6
1623,3301,2013,50
13396,4641,2023,11
13397,4206,2023,7.4
13467,1505,2023,250
13481,3421,2023,135
13510,3107,2023,200
13613,3305,2023,150
1731,3107,2013,11
13778,3446,2023,75
3477,4642,2016,22
1766,3118,2014,7.4
13960,3413,2023,62.5
1771,3118,2014,7.4
3503,4601,2016,3.6
5237,1506,2018,50
14031,0301,2023,250
14054,4203,2023,250
14057,1507,2023,200
14074,1106,2023,200
1785,3301,2014,22
14138,4634,2023,50
18165,5035,2023,22
3519,1840,2016,11
14195,5061,2023,22
14205,3405,2023,22
14238,1134,2023,22
3550,5035,2016,11
14240,5055,2023,200
18435,3209,2023,22
1875,4205,2014,50
14318,1507,2023,22
14335,4601,2023,7.4
14347,0301,2023,22
7760,4202,2021,100
8151,3439,2021,400
2027,3326,2014,22
2040,4618,2014,22
2211,5053,2014,22
3643,5027,2016,50
16299,3203,2023,150
3662,4642,2016,11
3674,4005,2016,3.6
17807,1506,2023,22
16343,4219,2023,22
3735,1560,2016,50
16441,5001,2023,200
3743,1122,2016,3.6
9350,3411,2021,500
3776,4631,2017,50
3783,3909,2017,22
3802,3901,2017,7.4
3821,4638,2017,22
6051,1532,2019,50
2748,3907,2015,3.6
2764,4220,2015,22
4065,3437,2017,11
4069,0301,2017,22
4070,1813,2017,7.4
4075,1840,2017,11
2780,3107,2015,3.6
5373,1108,2019,22
4160,1124,2017,22
4161,1577,2017,22
4168,0301,2017,50
3013,4601,2015,7.4
3026,1539,2015,7.4
4173,1539,2017,22
4188,4001,2017,11
3056,3101,2015,3.6
4189,4001,2017,7.4
3087,5047,2015,3.6
4197,3413,2017,150
4201,3201,2017,22
4214,3432,2017,50
4220,3433,2017,50
5760,4005,2019,150
7324,4647,2021,7.4
3240,4003,2016,11
4225,4651,2017,50
4237,1134,2017,7.4
4238,3911,2017,11
3264,3326,2016,11
4255,0301,2017,3.6
4262,0301,2017,3.6
5239,5001,2018,200
4313,5416,2017,50
3355,5047,2016,11
17737,1804,2023,22
4329,5415,2017,22
4330,1832,2017,11
4359,4228,2017,200
4361,3438,2017,7.4
4362,4647,2017,50
3805,0301,2017,11
4364,4602,2017,22
17695,4204,2023,22
3575,3305,2016,22
4396,1563,2017,50
7814,5006,2021,22
15057,4630,2023,7.4
4405,5044,2017,22
5356,3218,2019,50
4414,1875,2017,22
3616,3420,2016,7.4
4888,3403,2018,300
7704,1160,2021,7.4
7453,4615,2021,50
3737,5047,2016,7.4
4443,5034,2017,22
4449,1845,2017,50
4460,1825,2017,22
4479,1825,2017,50
4484,0301,2017,7.4
3789,4627,2017,22
4660,3905,2018,50
3824,5415,2017,11
4663,0301,2018,3.6
4664,0301,2018,3.6
4678,4649,2018,3.6
4694,5444,2018,7.4
3866,4621,2017,22
4697,4622,2018,50
4742,1121,2018,50
4080,5403,2017,7.4
4755,3907,2018,3.6
16294,3411,2023,11
18095,4022,2023,200
4758,3907,2018,3.6
4759,3907,2018,3.6
6464,3324,2020,350
4837,1114,2018,22
4868,4621,2018,22
4125,4630,2017,7.4
13707,3318,2023,22
4897,3107,2018,50
4898,1804,2018,22
4186,4650,2017,50
2528,1578,2015,62.5
4218,1517,2017,7.4
4952,5421,2018,7.4
4953,5421,2018,7.4
4258,0301,2017,3.6
4981,3103,2018,50
5187,3201,2018,22
4290,4026,2017,11
1888,4601,2014,3.6
5016,3418,2018,50
5037,3312,2018,50
5050,5035,2018,22
2651,4211,2015,150
4355,4627,2017,200
5064,5436,2018,22
5067,4206,2018,22
5069,5007,2018,22
4432,3405,2017,3.6
5083,3203,2018,3.6
6931,3201,2020,75
5107,1507,2018,7.4
5112,3401,2018,50
5115,1516,2018,50
4561,5001,2017,7.4
15503,4217,2023,11
5166,3909,2018,3.6
5272,4601,2018,500
4626,4215,2018,22
5316,5444,2019,50
4652,1813,2018,22
15649,1547,2023,200
4661,0301,2018,3.6
15664,1119,2023,75
15673,3416,2023,22
15734,1507,2023,350
5351,4601,2019,7.4
15737,3232,2023,22
15944,3421,2023,11
4662,0301,2018,3.6
5457,4020,2019,62.5
4744,1813,2018,50
4982,4601,2018,22
4795,4644,2018,50
16022,4618,2023,50
16035,3407,2023,200
16054,5033,2023,180
5582,4204,2019,50
5611,4214,2019,22
5623,3203,2019,50
4877,3431,2018,7.4
5626,4601,2019,50
5649,3207,2019,22
4902,5014,2018,7.4
5656,3405,2019,50
4915,3103,2018,22
5665,4204,2019,100
5317,3205,2019,50
16105,4640,2023,22
4945,0301,2018,3.6
5694,4005,2019,11
5711,1103,2019,3.6
4950,3228,2018,22
16121,5057,2023,22
16122,5054,2023,50
5713,1103,2019,3.6
5757,3216,2019,22
5759,3216,2019,50
16135,4036,2023,300
5761,1103,2019,3.6
5033,3301,2018,3.6
5774,1865,2019,22
16136,3218,2023,300
16137,3209,2023,300
5068,4621,2018,22
16138,3305,2023,200
16140,3411,2023,300
16141,3454,2023,300
5087,4601,2018,150
16143,3431,2023,200
5174,1106,2018,50
5882,1833,2019,22
5294,3105,2018,7.4
16170,4204,2023,150
5321,5037,2019,22
5322,4022,2019,7.4
5323,4034,2019,3.6
5909,4225,2019,22
5910,0301,2019,7.4
16196,5057,2023,150
5352,4601,2019,7.4
16213,3425,2023,7.4
5945,5401,2019,11
3822,4647,2017,22
16217,4032,2023,50
16223,5035,2023,22
5581,3407,2019,7.4
16248,1804,2023,7.4
16251,3413,2023,250
5612,5401,2019,11
16284,3453,2023,7.4
5977,4618,2019,400
5990,4626,2019,7.4
5657,4631,2019,400
16287,4640,2023,11
5702,3222,2019,7.4
5991,4626,2019,7.4
5703,1103,2019,200
5710,1103,2019,3.6
5715,1103,2019,3.6
5992,4626,2019,7.4
5998,4626,2019,7.4
16341,4207,2023,7.4
6000,4626,2019,7.4
16371,5402,2023,200
6002,4626,2019,7.4
16434,4601,2023,200
406,5001,2010,3.6
6005,4626,2019,7.4
16438,5435,2023,200
6009,4626,2019,7.4
6011,4626,2019,7.4
16442,4204,2023,7.4
5869,1506,2019,22
6018,4626,2019,7.4
6020,4626,2019,7.4
6050,1840,2019,7.4
5880,1804,2019,7.4
5883,1833,2019,22
5890,0301,2019,22
5892,1103,2019,7.4
16501,3407,2023,7.4
5938,4624,2019,100
5975,4615,2019,75
5976,4626,2019,22
6082,1103,2019,22
5980,1806,2019,3.6
6463,4619,2020,350
6008,4626,2019,7.4
8027,0301,2021,200
6084,3240,2019,50
6085,4622,2019,7.4
5692,1103,2019,3.6
5771,4626,2019,50
6057,4613,2019,3.6
5693,4630,2019,22
6061,1870,2019,22
6096,4617,2019,43
6109,3107,2019,7.4
6095,4617,2019,50
6112,3405,2019,11
6113,5001,2019,22
6126,3201,2019,50
6128,4621,2019,150
6130,4649,2019,400
6132,4611,2019,150
6140,1108,2020,150
6185,3312,2020,11
6198,3403,2020,7.4
6239,1837,2020,7.4
9404,5001,2022,22
6332,1579,2020,22
6264,3451,2020,150
6278,4020,2020,3.6
6280,1539,2020,7.4
6285,4647,2020,22
5701,5403,2019,3.6
6286,4617,2020,62.5
6450,1505,2020,22
6297,1579,2020,50
6378,3203,2020,22
6384,3218,2020,50
6407,1806,2020,150
6807,4631,2020,180
6413,3222,2020,7.4
13612,3305,2023,180
1686,5006,2013,3.6
13669,3314,2023,150
6672,1820,2020,11
3829,0301,2017,50
6451,4601,2020,62.5
6459,4602,2020,150
6752,5418,2020,22
6471,3203,2020,50
6477,1135,2020,22
6478,3107,2020,100
5987,3420,2019,150
6789,4601,2020,100
6503,4645,2020,7.4
5899,3903,2019,62.5
6810,4624,2020,22
17461,1528,2023,22
6545,5001,2020,7.4
6047,5038,2019,62.5
18530,0301,2023,11
5048,4024,2018,11
6915,1824,2020,11
7178,5402,2020,7.4
4318,3907,2017,300
6702,3101,2020,50
4259,4204,2017,22
6706,1525,2020,62.5
7244,3203,2020,7.4
6715,4613,2020,11
6750,5401,2020,22
6761,4202,2020,3.6
6764,3107,2020,150
6791,5021,2020,22
6799,4026,2020,7.4
6800,3905,2020,7.4
7448,3909,2021,350
6802,3301,2020,22
6804,5001,2020,22
9446,4012,2022,200
7764,3433,2021,7.4
6884,1871,2020,22
6888,3201,2020,150
6925,3205,2020,22
6930,4601,2020,22
6937,3903,2020,200
17579,3405,2023,7.4
7174,3411,2020,62.5
7859,1836,2021,22
9666,0301,2022,22
7270,4613,2020,200
7271,5020,2020,50
7916,3435,2021,22
7272,3322,2020,200
7289,0301,2021,7.4
7295,3911,2021,400
7296,3909,2021,200
7306,1101,2021,20
7312,5001,2021,150
7315,3407,2021,150
7323,4003,2021,7.4
7955,5001,2021,7.4
7334,4032,2021,50
7960,1838,2021,7.4
7353,3301,2021,7.4
17696,4204,2023,22
17720,4212,2023,7.4
17729,5046,2023,62.5
9445,4647,2022,50
8039,5041,2021,11
17750,5403,2023,22
17756,5427,2023,62.5
17759,5436,2023,22
17762,1833,2023,7.4
17763,5418,2023,7.4
17764,1860,2023,7.4
8094,1833,2021,22
17781,1865,2023,7.4
8098,1119,2021,22
17796,1848,2023,50
17805,4647,2023,7.4
17819,1820,2023,22
7426,3205,2021,7.4
17846,5444,2023,22
17847,1149,2023,50
17870,3103,2023,250
17882,0301,2023,22
17894,4203,2023,22
17983,4621,2023,7.4
7433,3201,2021,3.6
7438,3228,2021,22
7442,4611,2021,7.4
7446,4001,2021,200
7454,3451,2021,200
7458,4601,2021,150
9193,3442,2021,7.4
7468,1520,2021,150
1373,3216,2012,150
18047,5059,2023,22
18048,5059,2023,22
18075,4601,2023,11
18094,3452,2023,22
7707,1531,2021,22
9455,4601,2022,7.4
9457,0301,2022,100
18148,4202,2023,11
18157,1103,2023,200
18158,5421,2023,7.4
7716,3434,2021,7.4
18163,3434,2023,7.4
1813,5001,2014,7.4
4689,0301,2018,22
7566,1505,2021,400
7730,4627,2021,150
18270,5418,2023,62.5
7733,1520,2021,200
11302,3201,2022,22
18276,1806,2023,50
18278,4221,2023,7.4
18280,3414,2023,62.5
9679,1539,2022,7.4
5861,4618,2019,50
7770,3407,2021,7.4
7773,3435,2021,3.6
7774,5014,2021,200
9783,4641,2022,7.4
18313,1108,2023,50
18372,4611,2023,50
18380,3447,2023,11
7782,3405,2021,7.4
7791,3338,2021,7.4
18434,1103,2023,50
7813,3417,2021,22
7815,5401,2021,150
7816,1815,2021,7.4
7841,1836,2021,3.6
7863,3907,2021,350
9608,5025,2022,150
7889,4647,2021,22
7892,5038,2021,7.4
7893,1860,2021,350
7897,5411,2021,62.5
18740,1874,2023,200
7899,4034,2021,22
7924,1837,2021,7.4
7927,1837,2021,7.4
18771,4204,2023,11
18793,3222,2023,300
7928,3224,2021,3.6
9820,4012,2022,22
7935,4001,2021,7.4
5113,1103,2018,50
7937,1837,2021,22
7941,1871,2021,7.4
5755,3222,2019,7.4
7949,3451,2021,7.4
7952,1149,2021,200
7963,3224,2021,3.6
7965,3224,2021,3.6
2910,3434,2015,200
7966,5054,2021,50
7971,5054,2021,22
7979,5021,2021,150
7987,3436,2021,22
13723,3411,2023,135
7991,4204,2021,100
7993,1566,2021,200
13675,3201,2023,135
8007,4640,2021,7.4
3778,4614,2017,62.5
8008,4640,2021,22
8011,4651,2021,7.4
5461,3212,2019,200
9804,3425,2022,7.4
1580,1108,2013,3.6
8033,1834,2021,11
10080,1866,2022,200
8034,3905,2021,22
1637,3218,2013,3.6
9416,4012,2022,150
11253,1119,2022,22
11257,4204,2022,22
8070,0301,2021,200
8074,3203,2021,11
8075,5037,2021,11
8077,5001,2021,22
1784,3301,2014,3.6
1810,3118,2014,7.4
8078,4614,2021,11
8079,1804,2021,11
11705,3216,2022,200
8081,1577,2021,22
8082,1804,2021,11
2562,4601,2015,350
8088,1119,2021,22
6846,4204,2020,62.5
8089,3421,2021,22
8090,5001,2021,11
12107,5056,2023,3.6
8101,3330,2021,350
8102,3909,2021,150
8110,1119,2021,22
8119,4036,2021,350
8121,5001,2021,11
8123,5001,2021,22
8125,1103,2021,7.4
8126,1870,2021,22
8131,3416,2021,7.4
8132,3416,2021,7.4
8133,3416,2021,7.4
8141,5001,2021,7.4
13945,3451,2023,100
8174,3416,2021,7.4
8182,3312,2021,22
8870,1119,2021,22
15128,4601,2023,50
8873,5425,2021,22
8905,5032,2021,22
8967,4631,2021,7.4
14194,5022,2023,200
9156,4215,2021,200
9173,5007,2021,7.4
9174,5007,2021,7.4
9191,3442,2021,22
9194,3442,2021,7.4
9195,3442,2021,7.4
9201,3907,2021,62.5
9306,1134,2021,200
9347,1824,2021,22
19874,5403,2023,7.4
9348,3423,2021,22
9349,0301,2021,22
9371,4647,2022,3.6
9384,1578,2022,22
9385,4643,2022,22
9407,3427,2022,180
5197,0301,2018,50
9410,4644,2022,50
19995,3438,2023,7.4
9436,5028,2022,150
9438,5402,2022,43
9442,4024,2022,22
20025,4217,2023,62.5
1333,3205,2012,20
9451,5025,2022,22
9465,3232,2022,75
9466,1870,2022,200
9468,5021,2022,11
9473,3454,2022,22
9479,5007,2022,22
20056,4212,2023,62.5
9492,1573,2022,22
17836,1124,2023,22
9500,5047,2022,7.4
20082,3439,2023,250
9505,1573,2022,22
9842,4645,2022,7.4
9525,3405,2022,150
9528,4650,2022,150
9532,5031,2022,75
9536,1149,2022,7.4
9556,1811,2022,22
9557,4650,2022,7.4
9570,4640,2022,62.5
2915,4641,2015,22
2912,3431,2015,350
2837,3909,2015,22
9571,5007,2022,22
9629,3413,2022,11
9632,4651,2022,200
9650,1804,2022,7.4
9669,4601,2022,7.4
9671,1804,2022,22
9677,1851,2022,11
9678,3437,2022,7.4
9680,3437,2022,7.4
9692,4644,2022,11
9694,4026,2022,200
9745,5006,2022,22
9751,3122,2022,150
9761,3436,2022,150
9782,3453,2022,7.4
9802,1160,2022,200
9806,3434,2022,7.4
9840,1111,2022,22
9851,5059,2022,22
9852,1871,2022,22
9995,5424,2022,22
10017,4644,2022,11
17691,3338,2023,62.5
10042,4601,2022,200
6016,4626,2019,7.4
10096,4638,2022,200
6043,4206,2019,3.6
4446,5422,2017,50
5191,1160,2018,50
11250,4647,2022,350
11252,3103,2022,22
18766,3401,2023,350
11254,5060,2022,22
11267,5006,2022,150
5421,3103,2019,22
4983,3105,2018,22
5646,5401,2019,200
10029,3435,2022,7.4
5894,3451,2019,22
5978,3405,2019,150
6116,3105,2019,22
6281,4614,2020,50
14270,3203,2023,50
11301,3201,2022,22
6331,1507,2020,22
11312,0301,2022,22
6821,3443,2020,62.5
3460,1507,2016,50
11323,3222,2022,22
11704,3312,2022,200
11787,3222,2022,7.4
11812,1870,2022,7.4
3496,4635,2016,3.6
12069,3201,2022,150
12072,5037,2022,50
12074,4026,2022,22
15655,4216,2023,11
15670,4637,2023,7.4
12152,3207,2023,3.6
16000,3442,2023,7.4
17857,3417,2023,62.5
16104,1525,2023,7.4
16118,4204,2023,7.4
16283,3407,2023,7.4
16440,5401,2023,200
13393,1577,2023,200
13398,5058,2023,7.4
13611,3305,2023,50
13664,3322,2023,150
13667,3453,2023,150
13715,3201,2023,150
13721,3316,2023,150
14009,3303,2023,22
14013,4003,2023,200
3724,3103,2016,22
14092,3124,2023,350
14161,4014,2023,200
4728,1841,2018,22
14171,5424,2023,22
14294,4616,2023,22
14334,4601,2023,3.6
14336,4601,2023,11
14337,4601,2023,11
3775,4628,2017,43
4832,3236,2018,22
7246,4627,2020,150
17587,1103,2023,50
20093,4223,2023,50
5948,3203,2019,150
7327,3403,2021,7.4
6578,4611,2020,50
17743,5420,2023,62.5
7268,4001,2020,50
17765,5007,2023,7.4
17768,1866,2023,22
3859,3435,2017,7.4
7298,5035,2021,62.5
3860,3105,2017,3.6
3873,0301,2017,3.6
17837,5405,2023,7.4
17842,1506,2023,50
17840,1848,2023,22
10094,4601,2022,7.4
9663,3909,2022,22
5063,5025,2018,3.6
15672,0301,2023,7.4
17959,3316,2023,22
750,3310,2010,7.4
784,4630,2010,7.4
5601,4005,2019,50
18043,4201,2023,7.4
1102,4601,2011,50
18135,4644,2023,7.4
18133,5401,2023,22
10139,0301,2022,150
9435,3105,2022,150
18171,1804,2023,250
1338,3201,2012,50
6819,3218,2020,150
11284,3403,2022,150
1666,4003,2013,22
13946,1507,2023,22
6762,3209,2020,150
7168,3222,2020,150
2747,3907,2015,7.4
7504,1112,2021,150
1840,4003,2014,22
1876,4225,2014,50
5354,4601,2019,7.4
18501,0301,2023,11
1891,3107,2014,3.6
1909,3232,2014,3.6
18569,0301,2023,22
6822,3324,2020,150
18593,3209,2023,22
6052,1506,2019,150
18764,1841,2023,75
18768,3218,2023,350
9433,5402,2022,150
9434,3420,2022,150
2210,1554,2014,22
8175,3909,2021,62.5
9658,5029,2022,150
9609,3205,2022,150
5629,4601,2019,22
6066,4003,2019,150
6255,1804,2020,62.5
2541,3301,2015,7.4
6231,4203,2020,62.5
8183,3440,2021,22
7506,1103,2021,62.5
2746,0301,2015,3.6
2745,3907,2015,3.6
9789,1860,2022,62.5
9192,3442,2021,7.4
3773,1515,2017,50
9467,1149,2022,150
7806,3449,2021,150
6083,3205,2019,75
4388,1560,2017,22
3112,4601,2015,7.4
15068,5034,2023,50
15107,4642,2023,50
5358,1130,2019,22
15147,4624,2023,200
15149,3407,2023,22
15161,4644,2023,7.4
3180,0301,2015,3.6
3219,3203,2016,3.6
10043,3421,2022,22
13944,1507,2023,22
5619,1870,2019,22
3277,0301,2016,11
4673,3203,2018,50
9662,1517,2022,22
17738,1853,2023,7.4
5093,1507,2018,22
3473,4601,2016,11
4071,4625,2017,22
11248,1130,2022,200
3713,3901,2016,7.4
3744,1122,2016,3.6
4073,4631,2017,22
11251,4602,2022,22
17808,5035,2023,22
19997,3421,2023,250
15722,3407,2023,200
10102,4622,2022,7.4
15933,4223,2023,22
4450,1108,2017,22
4698,4621,2018,75
5194,1146,2018,50
16034,0301,2023,50
16072,4205,2023,50
16133,4215,2023,200
16139,3322,2023,300
16142,3419,2023,300
16179,1836,2023,7.4
16182,4227,2023,7.4
16185,3411,2023,75
16186,5045,2023,50
16199,3324,2023,11
16211,5058,2023,22
16212,5058,2023,22
16220,3316,2023,135
16222,5421,2023,7.4
16252,5054,2023,11
11671,3228,2022,7.4
16254,1870,2023,22
16282,3407,2023,7.4
16298,3312,2023,150
16302,5053,2023,3.6
6401,1833,2020,50
16435,5403,2023,200
5144,3303,2018,3.6
5165,3907,2018,7.4
3785,5021,2017,11
6818,0301,2020,50
4294,0301,2017,3.6
5937,4624,2019,50
14203,5035,2023,22
4411,3228,2017,7.4
13739,3424,2023,75
17621,4601,2023,200
17736,5401,2023,22
17760,5406,2023,22
17769,3205,2023,75
17780,1866,2023,7.4
17806,1813,2023,22
17809,1505,2023,22
17820,1520,2023,22
5790,4627,2019,350
17859,1815,2023,22
4565,4614,2017,7.4
17907,4228,2023,200
17937,4644,2023,11
9437,5006,2022,62.5
17982,5060,2023,22
7449,3334,2021,62.5
18041,4201,2023,7.4
18046,5059,2023,350
5769,5026,2019,22
7953,1871,2021,3.6
8016,4645,2021,200
6021,4626,2019,7.4
7878,5058,2021,22
4835,3316,2018,3.6
18281,4205,2023,22
4185,1826,2017,11
18292,3305,2023,150
18305,3416,2023,7.4
18308,3425,2023,7.4
18309,3425,2023,7.4
18315,1866,2023,22
18357,5416,2023,200
4946,0301,2018,3.6
4948,1101,2018,22
18376,4224,2023,50
18381,3422,2023,62.5
18556,0301,2023,50
5164,3905,2018,7.4
18558,3450,2023,62.5
5196,3214,2018,22
18592,5038,2023,50
18633,0301,2023,100
18738,3330,2023,250
18765,1860,2023,50
18824,3451,2023,50
6348,3205,2020,50
5509,5401,2019,7.4
9661,1517,2022,22
9660,1517,2022,22
121,0301,2010,22
6383,4646,2020,62.5
205,3203,2010,3.6
5653,3201,2019,7.4
5662,3330,2019,7.4
274,3107,2010,7.4
20122,5059,2023,62.5
288,3905,2010,3.6
575,5007,2010,7.4
753,3310,2010,3.6
872,1103,2010,3.6
5758,4641,2019,7.4
9821,4620,2022,11
976,3222,2010,11
5768,1865,2019,22
1045,1507,2011,22
1092,1804,2011,22
50,3203,2010,22
5796,3101,2019,11
97,3403,2010,3.6
119,5401,2010,7.4
141,3419,2010,3.6
168,1103,2010,3.6
180,0301,2010,3.6
204,3203,2010,3.6
9643,4005,2022,100
5875,3312,2019,150
263,4203,2010,3.6
289,3905,2010,7.4
5881,1837,2019,7.4
5885,5035,2019,7.4
298,4601,2010,22
331,3416,2010,7.4
369,4001,2010,3.6
5891,3207,2019,22
546,4601,2010,7.4
584,1804,2010,7.4
609,4649,2010,3.6
615,4649,2010,3.6
858,1103,2010,3.6
869,1103,2010,3.6
987,1103,2010,3.6
1054,3901,2011,3.6
1082,3105,2011,50
1105,3324,2011,50
1576,4601,2013,3.6
1255,5401,2012,7.4
1355,3909,2012,11
1362,4601,2012,3.6
1417,1149,2012,50
1465,3220,2012,3.6
1477,3330,2013,50
1491,1124,2013,22
1617,0301,2013,3.6
1639,4227,2013,7.4
1660,0301,2013,3.6
1677,1103,2013,3.6
1712,1103,2013,3.6
1767,3118,2014,11
1776,4601,2014,22
1793,1106,2014,3.6
1808,1120,2014,22
1818,3907,2014,22
1821,4611,2014,11
1836,4222,2014,22
1847,3907,2014,3.6
1874,3429,2014,7.4
1878,1577,2014,150
1890,0301,2014,22
1899,1833,2014,7.4
1901,1841,2014,7.4
1902,1806,2014,22
1697,3105,2013,3.6
1931,3101,2014,22
1933,5001,2014,3.6
6017,4626,2019,7.4
6026,4626,2019,7.4
6024,4626,2019,7.4
2003,3205,2014,50
2005,4204,2014,50
2007,3909,2014,22
2010,4022,2014,3.6
6064,5058,2019,3.6
2095,4601,2014,22
2097,1865,2014,22
1773,3905,2014,7.4
2108,3911,2014,3.6
2117,4602,2014,7.4
2130,4022,2014,22
2203,0301,2014,3.6
2212,3107,2014,11
1811,3105,2014,3.6
2278,3419,2014,22
2317,3207,2014,22
2365,3201,2014,22
1849,3407,2014,11
2449,1804,2014,3.6
2465,3454,2014,11
6131,4602,2019,22
2494,4621,2014,200
18084,0301,2023,11
1883,4611,2014,7.4
1898,5044,2014,7.4
1900,1833,2014,22
2540,3903,2015,22
6256,3330,2020,3.6
2627,4631,2015,400
2621,5001,2015,11
2669,1871,2015,22
2670,5421,2015,22
6276,3105,2020,7.4
2732,3201,2015,11
2733,4204,2015,22
6279,1507,2020,50
2740,3907,2015,11
2741,3907,2015,3.6
2743,3901,2015,3.6
10103,5444,2022,7.4
2835,3909,2015,22
2838,3909,2015,11
2839,3905,2015,11
2856,0301,2015,50
2913,5021,2015,22
2923,4651,2015,22
2924,5406,2015,22
3011,4601,2015,7.4
3022,3905,2015,3.6
3029,3118,2015,7.4
3030,3118,2015,7.4
3037,3118,2015,7.4
3038,3101,2015,3.6
3161,3107,2015,7.4
3175,3218,2015,7.4
3208,0301,2016,3.6
3227,0301,2016,7.4
3236,5001,2016,50
3274,1135,2016,50
6488,4638,2020,22
3376,1507,2016,7.4
3402,4616,2016,50
6513,4621,2020,100
2023,3911,2014,7.4
19998,3103,2023,250
3451,4215,2016,22
3479,1822,2016,7.4
3482,4630,2016,7.4
3486,4620,2016,50
20038,3435,2023,7.4
20084,1145,2023,62.5
6661,1127,2020,200
20119,1134,2023,22
20120,3114,2023,62.5
6725,5421,2020,7.4
6728,4641,2020,7.4
2209,1108,2014,7.4
2214,3207,2014,7.4
2323,0301,2014,7.4
2418,3907,2014,7.4
2590,4631,2015,50
2615,5025,2015,22
2731,5006,2015,7.4
2735,3103,2015,50
5066,4204,2018,50
2829,5014,2015,7.4
2836,3909,2015,22
2894,3412,2015,22
2922,4626,2015,22
7264,3301,2020,11
7269,4626,2020,180
2932,3401,2015,3.6
2959,1525,2015,3.6
3004,1506,2015,22
7313,1507,2021,150
7314,5001,2021,150
7316,1566,2021,22
3157,3303,2015,3.6
3261,3421,2016,11
2958,1525,2015,11
7436,4014,2021,50
3333,4621,2016,350
3356,5007,2016,7.4
7705,4005,2021,100
3394,0301,2016,22
9529,4205,2022,22
13665,3238,2023,150
7759,3439,2021,22
13638,3332,2023,50
3466,1515,2016,22
3470,1833,2016,3.6
3404,1824,2016,11
7795,1130,2021,22
18118,5036,2023,62.5
3621,3114,2016,7.4
7898,4651,2021,22
3708,1875,2016,22
3732,3224,2016,3.6
3739,5047,2016,7.4
3823,1507,2017,50
3854,4651,2017,50
4072,4631,2017,50
4078,3330,2017,7.4
4128,4640,2017,22
8113,5020,2021,11
1799,4028,2014,7.4
8135,3416,2021,7.4
4257,0301,2017,3.6
8142,5001,2021,7.4
4289,3218,2017,22
8152,4022,2021,200
4397,5059,2017,50
4408,1806,2017,22
4413,3310,2017,22
4448,4228,2017,200
9189,4640,2021,11
5627,1149,2019,50
11271,3326,2022,50
5786,5059,2019,50
5797,3316,2019,22
5821,5033,2019,11
5834,5054,2019,7.4
5879,5401,2019,22
5884,5038,2019,22
5886,3903,2019,22
5903,4601,2019,7.4
5947,5038,2019,50
5979,0301,2019,7.4
5999,4626,2019,7.4
6001,4626,2019,7.4
6007,4626,2019,7.4
11675,3228,2022,7.4
16134,4219,2023,225
16180,3441,2023,200
16210,5058,2023,22
6110,3413,2019,22
6129,3240,2019,150
6155,5438,2020,22
6245,3401,2020,7.4
6324,1539,2020,50
6351,4601,2020,22
6381,1506,2020,11
16471,4201,2023,7.4
6556,3105,2020,150
6716,3107,2020,62.5
6726,1103,2020,7.4
6748,4026,2020,7.4
6751,1838,2020,3.6
6792,3417,2020,7.4
6808,3901,2020,7.4
6811,4636,2020,22
6829,1114,2020,7.4
13392,4026,2023,180
6889,1532,2020,22
6912,3446,2020,22
6934,4648,2020,22
6940,4630,2020,100
6941,1554,2020,22
7173,5006,2020,7.4
7224,1506,2020,22
7227,4650,2020,7.4
7267,5060,2020,7.4
7279,3421,2021,11
7287,1576,2021,50
13724,3424,2023,75
13794,3416,2023,62.5
7444,1134,2021,7.4
7452,1841,2021,22
7457,3209,2021,150
7477,3427,2021,22
7501,3434,2021,7.4
7500,3434,2021,7.4
7715,3431,2021,7.4
7723,5057,2021,50
7772,3435,2021,7.4
7783,3440,2021,7.4
7828,1837,2021,7.4
7857,1804,2021,7.4
16269,1515,2023,22
7865,3905,2021,135
7866,5037,2021,22
7891,4647,2021,7.4
18490,1806,2023,50
6094,4618,2019,400
