municipality_code,year,population
0301,2016,658390
0301,2017,666759
0301,2018,673469
0301,2019,681071
0301,2020,693494
0301,2021,697010
0301,2022,699827
0301,2023,709037
1101,2016,14942
1101,2017,14899
1101,2018,14898
1101,2019,14830
1101,2020,14811
1101,2021,14787
1101,2022,14860
1101,2023,15011
1103,2016,140721
1103,2017,140856
1103,2018,141186
1103,2019,142034
1103,2020,143574
1103,2021,144147
1103,2022,144699
1103,2023,146011
1106,2016,36951
1106,2017,37166
1106,2018,37167
1106,2019,37250
1106,2020,37357
1106,2021,37323
1106,2022,37444
1106,2023,37855
1108,2016,76058
1108,2017,76742
1108,2018,77574
1108,2019,78439
1108,2020,79537
1108,2021,80450
1108,2022,81305
1108,2023,82548
1111,2016,3313
1111,2017,3316
1111,2018,3331
1111,2019,3305
1111,2020,3280
1111,2021,3257
1111,2022,3281
1111,2023,3324
1112,2016,3243
1112,2017,3259
1112,2018,3237
1112,2019,3213
1112,2020,3202
1112,2021,3174
1112,2022,3178
1112,2023,3206
1114,2016,2825
1114,2017,2826
1114,2018,2826
1114,2019,2807
1114,2020,2787
1114,2021,2791
1114,2022,2789
1114,2023,2848
1119,2016,18591
1119,2017,18800
1119,2018,18762
1119,2019,18814
1119,2020,18991
1119,2021,19120
1119,2022,19296
1119,2023,19649
1120,2016,18970
1120,2017,19042
1120,2018,19217
1120,2019,19354
1120,2020,19588
1120,2021,19848
1120,2022,20163
1120,2023,20615
1121,2016,18572
1121,2017,18656
1121,2018,18699
1121,2019,18795
1121,2020,18916
1121,2021,19106
1121,2022,19353
1121,2023,19781
1122,2016,11853
1122,2017,11902
1122,2018,11866
1122,2019,11899
1122,2020,12002
1122,2021,12064
1122,2022,12131
1122,2023,12302
1124,2016,26096
1124,2017,26016
1124,2018,26265
1124,2019,26582
1124,2020,27153
1124,2021,27457
1124,2022,27568
1124,2023,28315
1127,2016,10737
1127,2017,10873
1127,2018,10972
1127,2019,11053
1127,2020,11221
1127,2021,11315
1127,2022,11454
1127,2023,11671
1130,2016,12464
1130,2017,12662
1130,2018,12638
1130,2019,12720
1130,2020,12968
1130,2021,13070
1130,2022,13268
1130,2023,13474
1133,2016,2737
1133,2017,2708
1133,2018,2723
1133,2019,2684
1133,2020,2574
1133,2021,2580
1133,2022,2534
1133,2023,2619
1134,2016,3903
1134,2017,3853
1134,2018,3849
1134,2019,3794
1134,2020,3804
1134,2021,3809
1134,2022,3784
1134,2023,3815
1135,2016,4710
1135,2017,4760
1135,2018,4663
1135,2019,4597
1135,2020,4595
1135,2021,4561
1135,2022,4525
1135,2023,4543
1144,2016,524
1144,2017,534
1144,2018,542
1144,2019,516
1144,2020,517
1144,2021,507
1144,2022,523
1144,2023,535
1145,2016,865
1145,2017,855
1145,2018,844
1145,2019,840
1145,2020,852
1145,2021,859
1145,2022,855
1145,2023,868
1146,2016,10925
1146,2017,11041
1146,2018,11023
1146,2019,11028
1146,2020,11065
1146,2021,11178
1146,2022,11283
1146,2023,11405
1149,2016,42187
1149,2017,42229
1149,2018,42243
1149,2019,42161
1149,2020,42186
1149,2021,42345
1149,2022,42541
1149,2023,42903
1151,2016,200
1151,2017,201
1151,2018,208
1151,2019,196
1151,2020,198
1151,2021,192
1151,2022,188
1151,2023,208
1160,2016,8788
1160,2017,8828
1160,2018,8793
1160,2019,8743
1160,2020,8714
1160,2021,8705
1160,2022,8775
1160,2023,8844
1505,2016,24526
1505,2017,24442
1505,2018,24300
1505,2019,24274
1505,2020,24179
1505,2021,24099
1505,2022,24013
1505,2023,24159
1506,2016,31790
1506,2017,31870
1506,2018,31895
1506,2019,31976
1506,2020,31967
1506,2021,31870
1506,2022,32002
1506,2023,32446
1507,2016,54947
1507,2017,55408
1507,2018,55720
1507,2019,56250
1507,2020,66258
1507,2021,66670
1507,2022,67114
1507,2023,67520
1511,2016,3256
1511,2017,3203
1511,2018,3187
1511,2019,3163
1511,2020,3117
1511,2021,3083
1511,2022,3045
1511,2023,3013
1514,2016,2559
1514,2017,2540
1514,2018,2522
1514,2019,2493
1514,2020,2461
1514,2021,2445
1514,2022,2422
1514,2023,2442
1515,2016,8972
1515,2017,8957
1515,2018,8965
1515,2019,8927
1515,2020,8900
1515,2021,8858
1515,2022,8765
1515,2023,8842
1516,2016,8430
1516,2017,8457
1516,2018,8555
1516,2019,8609
1516,2020,8571
1516,2021,8575
1516,2022,8557
1516,2023,8797
1517,2016,5189
1517,2017,5185
1517,2018,5150
1517,2019,5155
1517,2020,5175
1517,2021,5140
1517,2022,5126
1517,2023,5159
1520,2016,10677
1520,2017,10744
1520,2018,10812
1520,2019,10857
1520,2020,10825
1520,2021,10830
1520,2022,10833
1520,2023,10929
1525,2016,4598
1525,2017,4623
1525,2018,4587
1525,2019,4565
1525,2020,4523
1525,2021,4482
1525,2022,4467
1525,2023,4421
1528,2016,7675
1528,2017,7695
1528,2018,7695
1528,2019,7657
1528,2020,7625
1528,2021,7596
1528,2022,7558
1528,2023,7630
1531,2016,8952
1531,2017,9007
1531,2018,9131
1531,2019,9271
1531,2020,9310
1531,2021,9409
1531,2022,9547
1531,2023,9636
1532,2016,8094
1532,2017,8176
1532,2018,8292
1532,2019,8398
1532,2020,8462
1532,2021,8506
1532,2022,8597
1532,2023,8692
1535,2016,6611
1535,2017,6577
1535,2018,6559
1535,2019,6536
1535,2020,6532
1535,2021,6958
1535,2022,6936
1535,2023,7051
1539,2016,7492
1539,2017,7503
1539,2018,7507
1539,2019,7487
1539,2020,7468
1539,2021,7026
1539,2022,7019
1539,2023,7046
1547,2016,3518
1547,2017,3547
1547,2018,3557
1547,2019,3539
1547,2020,3509
1547,2021,3522
1547,2022,3518
1547,2023,3654
1554,2016,5826
1554,2017,5856
1554,2018,5859
1554,2019,5849
1554,2020,5788
1554,2021,5808
1554,2022,5828
1554,2023,5872
1557,2016,2593
1557,2017,2611
1557,2018,2623
1557,2019,2641
1557,2020,2629
1557,2021,2658
1557,2022,2669
1557,2023,2669
1560,2016,3103
1560,2017,3109
1560,2018,3078
1560,2019,3045
1560,2020,3025
1560,2021,2985
1560,2022,2960
1560,2023,3031
1563,2016,7160
1563,2017,7126
1563,2018,7119
1563,2019,7106
1563,2020,7036
1563,2021,6956
1563,2022,6932
1563,2023,7110
1566,2016,5969
1566,2017,5986
1566,2018,5978
1566,2019,5928
1566,2020,5920
1566,2021,5872
1566,2022,5849
1566,2023,5912
1573,2016,2141
1573,2017,2160
1573,2018,2172
1573,2019,2134
1573,2020,2150
1573,2021,2128
1573,2022,2120
1573,2023,2158
1576,2016,12736
1576,2017,12902
1576,2018,12938
1576,2019,12936
1576,2020,3507
1576,2021,3468
1576,2022,3384
1576,2023,3381
1577,2016,10237
1577,2017,10300
1577,2018,10363
1577,2019,10349
1577,2020,10473
1577,2021,10781
1577,2022,10809
1577,2023,10960
1578,2016,2672
1578,2017,2668
1578,2018,2642
1578,2019,2592
1578,2020,2549
1578,2021,2502
1578,2022,2491
1578,2023,2494
1579,2016,13184
1579,2017,13195
1579,2018,13215
1579,2019,13233
1579,2020,13279
1579,2021,13317
1579,2022,13287
1579,2023,13341
1804,2016,50488
1804,2017,51022
1804,2018,51558
1804,2019,52024
1804,2020,52357
1804,2021,52560
1804,2022,52803
1804,2023,53259
1806,2016,NA
1806,2017,NA
1806,2018,NA
1806,2019,NA
1806,2020,21845
1806,2021,21661
1806,2022,21530
1806,2023,21515
1811,2016,1465
1811,2017,1473
1811,2018,1486
1811,2019,1450
1811,2020,1426
1811,2021,1397
1811,2022,1406
1811,2023,1391
1812,2016,2031
1812,2017,2047
1812,2018,2020
1812,2019,2014
1812,2020,1975
1812,2021,1990
1812,2022,1981
1812,2023,1970
1813,2016,7962
1813,2017,7956
1813,2018,7948
1813,2019,7916
1813,2020,7917
1813,2021,7803
1813,2022,7777
1813,2023,7787
1815,2016,1244
1815,2017,1234
1815,2018,1221
1815,2019,1232
1815,2020,1200
1815,2021,1182
1815,2022,1175
1815,2023,1219
1816,2016,507
1816,2017,528
1816,2018,506
1816,2019,497
1816,2020,462
1816,2021,465
1816,2022,462
1816,2023,454
1818,2016,1743
1818,2017,1788
1818,2018,1790
1818,2019,1780
1818,2020,1777
1818,2021,1793
1818,2022,1825
1818,2023,1839
1820,2016,7437
1820,2017,7428
1820,2018,7450
1820,2019,7415
1820,2020,7447
1820,2021,7394
1820,2022,7333
1820,2023,7300
1822,2016,2216
1822,2017,2278
1822,2018,2307
1822,2019,2320
1822,2020,2294
1822,2021,2278
1822,2022,2257
1822,2023,2270
1824,2016,13427
1824,2017,13465
1824,2018,13448
1824,2019,13403
1824,2020,13278
1824,2021,13268
1824,2022,13233
1824,2023,13342
1825,2016,1462
1825,2017,1469
1825,2018,1463
1825,2019,1493
1825,2020,1482
1825,2021,1453
1825,2022,1461
1825,2023,1454
1826,2016,1465
1826,2017,1414
1826,2018,1411
1826,2019,1359
1826,2020,1297
1826,2021,1267
1826,2022,1273
1826,2023,1278
1827,2016,1402
1827,2017,1410
1827,2018,1403
1827,2019,1391
1827,2020,1371
1827,2021,1371
1827,2022,1369
1827,2023,1391
1828,2016,1838
1828,2017,1837
1828,2018,1805
1828,2019,1792
1828,2020,1761
1828,2021,1701
1828,2022,1698
1828,2023,1783
1832,2016,4486
1832,2017,4524
1832,2018,4503
1832,2019,4501
1832,2020,4454
1832,2021,4428
1832,2022,4420
1832,2023,4459
1833,2016,26039
1833,2017,26101
1833,2018,26230
1833,2019,26315
1833,2020,26184
1833,2021,26083
1833,2022,26092
1833,2023,25980
1834,2016,1923
1834,2017,1920
1834,2018,1920
1834,2019,1904
1834,2020,1890
1834,2021,1876
1834,2022,1869
1834,2023,1852
1835,2016,478
1835,2017,465
1835,2018,454
1835,2019,456
1835,2020,435
1835,2021,442
1835,2022,450
1835,2023,444
1836,2016,1268
1836,2017,1267
1836,2018,1249
1836,2019,1238
1836,2020,1213
1836,2021,1206
1836,2022,1153
1836,2023,1139
1837,2016,6471
1837,2017,6435
1837,2018,6346
1837,2019,6331
1837,2020,6288
1837,2021,6247
1837,2022,6214
1837,2023,6212
1838,2016,2043
1838,2017,2024
1838,2018,1998
1838,2019,1978
1838,2020,1950
1838,2021,1920
1838,2022,1894
1838,2023,1928
1839,2016,1034
1839,2017,1043
1839,2018,1029
1839,2019,1022
1839,2020,1017
1839,2021,999
1839,2022,1012
1839,2023,1027
1840,2016,4700
1840,2017,4702
1840,2018,4691
1840,2019,4657
1840,2020,4671
1840,2021,4632
1840,2022,4617
1840,2023,4650
1841,2016,9604
1841,2017,9729
1841,2018,9775
1841,2019,9760
1841,2020,9739
1841,2021,9640
1841,2022,9603
1841,2023,9572
1845,2016,1963
1845,2017,1958
1845,2018,1979
1845,2019,1975
1845,2020,1926
1845,2021,1912
1845,2022,1869
1845,2023,1845
1848,2016,2543
1848,2017,2543
1848,2018,2534
1848,2019,2576
1848,2020,2608
1848,2021,2586
1848,2022,2591
1848,2023,2665
1851,2016,2144
1851,2017,2134
1851,2018,2102
1851,2019,2077
1851,2020,2034
1851,2021,2003
1851,2022,1976
1851,2023,1985
1853,2016,1400
1853,2017,1402
1853,2018,1387
1853,2019,1387
1853,2020,1348
1853,2021,1324
1853,2022,1334
1853,2023,1310
1856,2016,551
1856,2017,535
1856,2018,517
1856,2019,508
1856,2020,498
1856,2021,488
1856,2022,469
1856,2023,469
1857,2016,765
1857,2017,744
1857,2018,746
1857,2019,732
1857,2020,728
1857,2021,698
1857,2022,678
1857,2023,688
1859,2016,1336
1859,2017,1349
1859,2018,1301
1859,2019,1292
1859,2020,1272
1859,2021,1238
1859,2022,1216
1859,2023,1220
1860,2016,11198
1860,2017,11294
1860,2018,11397
1860,2019,11480
1860,2020,11433
1860,2021,11521
1860,2022,11566
1860,2023,11551
1865,2016,9350
1865,2017,9444
1865,2018,9611
1865,2019,9595
1865,2020,9608
1865,2021,9670
1865,2022,9724
1865,2023,9736
1866,2016,8082
1866,2017,8009
1866,2018,8042
1866,2019,8091
1866,2020,8061
1866,2021,8065
1866,2022,8107
1866,2023,8184
1867,2016,2632
1867,2017,2624
1867,2018,2623
1867,2019,2616
1867,2020,2569
1867,2021,2576
1867,2022,2565
1867,2023,2584
1868,2016,4529
1868,2017,4580
1868,2018,4541
1868,2019,4449
1868,2020,4410
1868,2021,4416
1868,2022,4458
1868,2023,4533
1870,2016,10214
1870,2017,10378
1870,2018,10401
1870,2019,10518
1870,2020,10566
1870,2021,10514
1870,2022,10468
1870,2023,10561
1871,2016,4980
1871,2017,4908
1871,2018,4902
1871,2019,4771
1871,2020,4663
1871,2021,4588
1871,2022,4572
1871,2023,4577
1874,2016,1062
1874,2017,1073
1874,2018,1068
1874,2019,1039
1874,2020,1015
1874,2021,989
1874,2022,982
1874,2023,979
1875,2016,NA
1875,2017,NA
1875,2018,NA
1875,2019,NA
1875,2020,2766
1875,2021,2701
1875,2022,2708
1875,2023,2682
3101,2016,30544
3101,2017,30790
3101,2018,31037
3101,2019,31177
3101,2020,31373
3101,2021,31387
3101,2022,31444
3101,2023,31730
3103,2016,47640
3103,2017,48154
3103,2018,48671
3103,2019,48871
3103,2020,49273
3103,2021,49668
3103,2022,50290
3103,2023,51240
3105,2016,54678
3105,2017,55127
3105,2018,55543
3105,2019,55997
3105,2020,56732
3105,2021,57372
3105,2022,58182
3105,2023,59038
3107,2016,78967
3107,2017,80121
3107,2018,80977
3107,2019,81772
3107,2020,82385
3107,2021,83193
3107,2022,83892
3107,2023,84444
3110,2016,4511
3110,2017,4517
3110,2018,4540
3110,2019,4599
3110,2020,4668
3110,2021,4694
3110,2022,4741
3110,2023,4762
3112,2016,7357
3112,2017,7398
3112,2018,7465
3112,2019,7542
3112,2020,7508
3112,2021,7568
3112,2022,7633
3112,2023,8317
3114,2016,5186
3114,2017,5335
3114,2018,5471
3114,2019,5593
3114,2020,5736
3114,2021,5805
3114,2022,5913
3114,2023,6023
3116,2016,3742
3116,2017,3783
3116,2018,3831
3116,2019,3797
3116,2020,3805
3116,2021,3825
3116,2022,3846
3116,2023,3886
3118,2016,43472
3118,2017,43815
3118,2018,44035
3118,2019,44320
3118,2020,44792
3118,2021,45201
3118,2022,45608
3118,2023,46382
3120,2016,8084
3120,2017,8173
3120,2018,8202
3120,2019,8230
3120,2020,8255
3120,2021,8222
3120,2022,8312
3120,2023,8371
3122,2016,3610
3122,2017,3597
3122,2018,3567
3122,2019,3592
3122,2020,3595
3122,2021,3601
3122,2022,3578
3122,2023,3639
3124,2016,1404
3124,2017,1398
3124,2018,1399
3124,2019,1357
3124,2020,1325
3124,2021,1325
3124,2022,1315
3124,2023,1329
3201,2016,122348
3201,2017,124008
3201,2018,125454
3201,2019,126841
3201,2020,127731
3201,2021,128233
3201,2022,128982
3201,2023,129874
3203,2016,91011
3203,2017,92174
3203,2018,92828
3203,2019,93679
3203,2020,94441
3203,2021,94915
3203,2022,96088
3203,2023,97784
3205,2016,81339
3205,2017,82496
3205,2018,83821
3205,2019,85757
3205,2020,85983
3205,2021,86953
3205,2022,89095
3205,2023,91515
3207,2016,57053
3207,2017,57686
3207,2018,58058
3207,2019,58237
3207,2020,59288
3207,2021,60034
3207,2022,61032
3207,2023,62245
3209,2016,34189
3209,2017,35102
3209,2018,36576
3209,2019,38234
3209,2020,39625
3209,2021,40459
3209,2022,41565
3209,2023,42866
3212,2016,18623
3212,2017,18869
3212,2018,19287
3212,2019,19488
3212,2020,19616
3212,2021,19805
3212,2022,19939
3212,2023,20322
3214,2016,15695
3214,2017,15743
3214,2018,15735
3214,2019,15761
3214,2020,15877
3214,2021,15953
3214,2022,16084
3214,2023,16106
3216,2016,16732
3216,2017,17188
3216,2018,17486
3216,2019,17824
3216,2020,18042
3216,2021,18290
3216,2022,18699
3216,2023,19089
3218,2016,18992
3218,2017,19288
3218,2018,20084
3218,2019,20335
3218,2020,20439
3218,2021,20439
3218,2022,20780
3218,2023,21350
3220,2016,10870
3220,2017,10927
3220,2018,10945
3220,2019,11026
3220,2020,11110
3220,2021,11065
3220,2022,11249
3220,2023,11392
3222,2016,36368
3222,2017,37406
3222,2018,38670
3222,2019,40106
3222,2020,41460
3222,2021,42740
3222,2022,44693
3222,2023,46797
3224,2016,17426
3224,2017,17730
3224,2018,17874
3224,2019,18161
3224,2020,18530
3224,2021,18730
3224,2022,19024
3224,2023,19618
3226,2016,16586
3226,2017,16847
3226,2018,17072
3226,2019,17173
3226,2020,17390
3226,2021,17591
3226,2022,17754
3226,2023,17945
3228,2016,20783
3228,2017,21241
3228,2018,21681
3228,2019,21885
3228,2020,23092
3228,2021,23422
3228,2022,23898
3228,2023,24283
3230,2016,6323
3230,2017,6546
3230,2018,6704
3230,2019,6823
3230,2020,6890
3230,2021,7043
3230,2022,6989
3230,2023,7285
3232,2016,22857
3232,2017,23213
3232,2018,23545
3232,2019,24089
3232,2020,24249
3232,2021,24454
3232,2022,24947
3232,2023,25440
3234,2016,9044
3234,2017,9080
3234,2018,9065
3234,2019,9051
3234,2020,9048
3234,2021,9062
3234,2022,9144
3234,2023,9307
3236,2016,6629
3236,2017,6696
3236,2018,6777
3236,2019,6846
3236,2020,6852
3236,2021,6867
3236,2022,6908
3236,2023,6990
3238,2016,12267
3238,2017,12657
3238,2018,13240
3238,2019,13682
3238,2020,14139
3238,2021,14637
3238,2022,15074
3238,2023,15530
3240,2016,23811
3240,2017,24415
3240,2018,24647
3240,2019,24919
3240,2020,25436
3240,2021,26031
3240,2022,26716
3240,2023,27338
3242,2016,2837
3242,2017,2910
3242,2018,2903
3242,2019,2864
3242,2020,2854
3242,2021,2838
3242,2022,2905
3242,2023,2944
3301,2016,98930
3301,2017,99734
3301,2018,100302
3301,2019,100581
3301,2020,101386
3301,2021,101859
3301,2022,102273
3301,2023,103291
3303,2016,27013
3303,2017,27216
3303,2018,27410
3303,2019,27481
3303,2020,27723
3303,2021,27694
3303,2022,27879
3303,2023,28793
3305,2016,29801
3305,2017,30034
3305,2018,30283
3305,2019,30442
3305,2020,30641
3305,2021,30835
3305,2022,31011
3305,2023,31444
3310,2016,6767
3310,2017,6772
3310,2018,6833
3310,2019,6845
3310,2020,6799
3310,2021,6811
3310,2022,6859
3310,2023,6888
3312,2016,25731
3312,2017,25740
3312,2018,25980
3312,2019,26373
3312,2020,26811
3312,2021,27118
3312,2022,27584
3312,2023,28167
3314,2016,18205
3314,2017,18562
3314,2018,18926
3314,2019,19117
3314,2020,19423
3314,2021,19709
3314,2022,20044
3314,2023,20495
3316,2016,13794
3316,2017,13786
3316,2018,13880
3316,2019,13980
3316,2020,14115
3316,2021,14166
3316,2022,14273
3316,2023,14527
3318,2016,2275
3318,2017,2257
3318,2018,2277
3318,2019,2239
3318,2020,2212
3318,2021,2219
3318,2022,2189
3318,2023,2211
3320,2016,1074
3320,2017,1081
3320,2018,1069
3320,2019,1052
3320,2020,1050
3320,2021,1049
3320,2022,1057
3320,2023,1097
3322,2016,3422
3322,2017,3357
3322,2018,3341
3322,2019,3315
3322,2020,3273
3322,2021,3262
3322,2022,3273
3322,2023,3299
3324,2016,4578
3324,2017,4612
3324,2018,4566
3324,2019,4576
3324,2020,4608
3324,2021,4636
3324,2022,4667
3324,2023,4767
3326,2016,2422
3326,2017,2442
3326,2018,2457
3326,2019,2481
3326,2020,2486
3326,2021,2546
3326,2022,2611
3326,2023,2645
3328,2016,4711
3328,2017,4719
3328,2018,4626
3328,2019,4671
3328,2020,4674
3328,2021,4648
3328,2022,4650
3328,2023,4862
3330,2016,4497
3330,2017,4535
3330,2018,4520
3330,2019,4473
3330,2020,4441
3330,2021,4434
3330,2022,4504
3330,2023,4506
3332,2016,3512
3332,2017,3502
3332,2018,3488
3332,2019,3490
3332,2020,3467
3332,2021,3465
3332,2022,3492
3332,2023,3479
3334,2016,2699
3334,2017,2696
3334,2018,2688
3334,2019,2694
3334,2020,2688
3334,2021,2713
3334,2022,2720
3334,2023,2737
3336,2016,1404
3336,2017,1399
3336,2018,1411
3336,2019,1419
3336,2020,1390
3336,2021,1386
3336,2022,1370
3336,2023,1366
3338,2016,2548
3338,2017,2530
3338,2018,2482
3338,2019,2448
3338,2020,2439
3338,2021,2412
3338,2022,2455
3338,2023,2486
3401,2016,17835
3401,2017,17857
3401,2018,17934
3401,2019,17823
3401,2020,17829
3401,2021,17851
3401,2022,17949
3401,2023,17966
3403,2016,30120
3403,2017,30598
3403,2018,30930
3403,2019,31144
3403,2020,31369
3403,2021,31509
3403,2022,31999
3403,2023,32382
3405,2016,27476
3405,2017,27781
3405,2018,27938
3405,2019,28023
3405,2020,28345
3405,2021,28493
3405,2022,28425
3405,2023,28560
3407,2016,30137
3407,2017,30319
3407,2018,30642
3407,2019,30676
3407,2020,30560
3407,2021,30395
3407,2022,30267
3407,2023,30563
3411,2016,33597
3411,2017,33842
3411,2018,34151
3411,2019,34488
3411,2020,34768
3411,2021,34897
3411,2022,35073
3411,2023,35475
3412,2016,7588
3412,2017,7633
3412,2018,7615
3412,2019,7663
3412,2020,7674
3412,2021,7625
3412,2022,7715
3412,2023,7836
3413,2016,20119
3413,2017,20317
3413,2018,20646
3413,2019,20916
3413,2020,21064
3413,2021,21072
3413,2022,21156
3413,2023,21356
3414,2016,5131
3414,2017,5100
3414,2018,5097
3414,2019,5024
3414,2020,5016
3414,2021,5038
3414,2022,5016
3414,2023,5010
3415,2016,7901
3415,2017,7866
3415,2018,7884
3415,2019,7879
3415,2020,7905
3415,2021,7914
3415,2022,7978
3415,2023,8069
3416,2016,6142
3416,2017,6127
3416,2018,6142
3416,2019,6114
3416,2020,6106
3416,2021,6099
3416,2022,6032
3416,2023,6028
3417,2016,4763
3417,2017,4777
3417,2018,4740
3417,2019,4646
3417,2020,4612
3417,2021,4545
3417,2022,4548
3417,2023,4572
3418,2016,7456
3418,2017,7329
3418,2018,7279
3418,2019,7214
3418,2020,7203
3418,2021,7227
3418,2022,7211
3418,2023,7267
3419,2016,3760
3419,2017,3743
3419,2018,3680
3419,2019,3705
3419,2020,3662
3419,2021,3587
3419,2022,3597
3419,2023,3625
3420,2016,21030
3420,2017,21086
3420,2018,21123
3420,2019,21191
3420,2020,21254
3420,2021,21292
3420,2022,21435
3420,2023,21568
3421,2016,6525
3421,2017,6550
3421,2018,6567
3421,2019,6607
3421,2020,6627
3421,2021,6580
3421,2022,6603
3421,2023,6582
3422,2016,4429
3422,2017,4518
3422,2018,4480
3422,2019,4407
3422,2020,4356
3422,2021,4338
3422,2022,4195
3422,2023,4213
3423,2016,2600
3423,2017,2530
3423,2018,2490
3423,2019,2459
3423,2020,2419
3423,2021,2378
3423,2022,2318
3423,2023,2281
3424,2016,1881
3424,2017,1858
3424,2018,1827
3424,2019,1791
3424,2020,1780
3424,2021,1741
3424,2022,1722
3424,2023,1769
3425,2016,1305
3425,2017,1274
3425,2018,1294
3425,2019,1286
3425,2020,1268
3425,2021,1250
3425,2022,1253
3425,2023,1328
3426,2016,1620
3426,2017,1620
3426,2018,1553
3426,2019,1551
3426,2020,1562
3426,2021,1563
3426,2022,1551
3426,2023,1555
3427,2016,5580
3427,2017,5584
3427,2018,5605
3427,2019,5591
3427,2020,5578
3427,2021,5537
3427,2022,5581
3427,2023,5628
3428,2016,2426
3428,2017,2441
3428,2018,2424
3428,2019,2418
3428,2020,2432
3428,2021,2405
3428,2022,2445
3428,2023,2493
3429,2016,1592
3429,2017,1577
3429,2018,1569
3429,2019,1577
3429,2020,1545
3429,2021,1518
3429,2022,1530
3429,2023,1519
3430,2016,1956
3430,2017,1963
3430,2018,1936
3430,2019,1912
3430,2020,1891
3430,2021,1870
3430,2022,1855
3430,2023,1844
3431,2016,2701
3431,2017,2675
3431,2018,2642
3431,2019,2615
3431,2020,2553
3431,2021,2512
3431,2022,2498
3431,2023,2466
3432,2016,2055
3432,2017,2048
3432,2018,2038
3432,2019,2009
3432,2020,1975
3432,2021,1980
3432,2022,1986
3432,2023,1966
3433,2016,2204
3433,2017,2202
3433,2018,2179
3433,2019,2204
3433,2020,2197
3433,2021,2183
3433,2022,2151
3433,2023,2147
3434,2016,2347
3434,2017,2360
3434,2018,2331
3434,2019,2293
3434,2020,2228
3434,2021,2204
3434,2022,2211
3434,2023,2212
3435,2016,3664
3435,2017,3640
3435,2018,3638
3435,2019,3589
3435,2020,3570
3435,2021,3564
3435,2022,3591
3435,2023,3532
3436,2016,5741
3436,2017,5723
3436,2018,5728
3436,2019,5742
3436,2020,5723
3436,2021,5705
3436,2022,5628
3436,2023,5589
3437,2016,5935
3437,2017,5916
3437,2018,5872
3437,2019,5789
3437,2020,5739
3437,2021,5592
3437,2022,5531
3437,2023,5567
3438,2016,3154
3438,2017,3163
3438,2018,3146
3438,2019,3127
3438,2020,3119
3438,2021,3064
3438,2022,3064
3438,2023,3240
3439,2016,4462
3439,2017,4502
3439,2018,4454
3439,2019,4425
3439,2020,4392
3439,2021,4408
3439,2022,4385
3439,2023,4416
3440,2016,5072
3440,2017,5082
3440,2018,5130
3440,2019,5119
3440,2020,5100
3440,2021,5093
3440,2022,5082
3440,2023,5161
3441,2016,6227
3441,2017,6204
3441,2018,6148
3441,2019,6112
3441,2020,6106
3441,2021,6023
3441,2022,6079
3441,2023,6129
3442,2016,14906
3442,2017,14887
3442,2018,14888
3442,2019,14948
3442,2020,14973
3442,2021,14871
3442,2022,14827
3442,2023,14896
3443,2016,13180
3443,2017,13179
3443,2018,13314
3443,2019,13384
3443,2020,13427
3443,2021,13459
3443,2022,13572
3443,2023,13635
3446,2016,13695
3446,2017,13707
3446,2018,13770
3446,2019,13642
3446,2020,13630
3446,2021,13611
3446,2022,13633
3446,2023,13568
3447,2016,5758
3447,2017,5717
3447,2018,5650
3447,2019,5623
3447,2020,5617
3447,2021,5579
3447,2022,5535
3447,2023,5564
3448,2016,6751
3448,2017,6773
3448,2018,6750
3448,2019,6671
3448,2020,6633
3448,2021,6581
3448,2022,6577
3448,2023,6527
3449,2016,3058
3449,2017,3026
3449,2018,3014
3449,2019,2981
3449,2020,2954
3449,2021,2904
3449,2022,2889
3449,2023,2866
3450,2016,1321
3450,2017,1351
3450,2018,1352
3450,2019,1305
3450,2020,1279
3450,2021,1257
3450,2022,1256
3450,2023,1239
3451,2016,6458
3451,2017,6490
3451,2018,6443
3451,2019,6418
3451,2020,6413
3451,2021,6360
3451,2022,6354
3451,2023,6401
3452,2016,2168
3452,2017,2114
3452,2018,2139
3452,2019,2135
3452,2020,2125
3452,2021,2120
3452,2022,2111
3452,2023,2091
3453,2016,3220
3453,2017,3248
3453,2018,3221
3453,2019,3208
3453,2020,3229
3453,2021,3236
3453,2022,3252
3453,2023,3291
3454,2016,1590
3454,2017,1596
3454,2018,1601
3454,2019,1610
3454,2020,1578
3454,2021,1573
3454,2022,1587
3454,2023,1636
3901,2016,27178
3901,2017,27202
3901,2018,27317
3901,2019,27334
3901,2020,27351
3901,2021,27510
3901,2022,27502
3901,2023,27682
3903,2016,23201
3903,2017,23533
3903,2018,23938
3903,2019,24275
3903,2020,24699
3903,2021,25011
3903,2022,25681
3903,2023,26206
3905,2016,51637
3905,2017,54408
3905,2018,54981
3905,2019,55706
3905,2020,56293
3905,2021,57026
3905,2022,57794
3905,2023,58561
3907,2016,63414
3907,2017,62019
3907,2018,62615
3907,2019,63271
3907,2020,63764
3907,2021,64345
3907,2022,64943
3907,2023,65574
3909,2016,46341
3909,2017,46557
3909,2018,46801
3909,2019,47107
3909,2020,47204
3909,2021,47499
3909,2022,47777
3909,2023,48246
3911,2016,26592
3911,2017,26676
3911,2018,26734
3911,2019,26700
3911,2020,26730
3911,2021,26957
3911,2022,27165
3911,2023,27286
4001,2016,35955
4001,2017,36198
4001,2018,36091
4001,2019,36224
4001,2020,36397
4001,2021,36526
4001,2022,36624
4001,2023,37056
4003,2016,53952
4003,2017,54316
4003,2018,54510
4003,2019,54645
4003,2020,54942
4003,2021,55144
4003,2022,55513
4003,2023,55924
4005,2016,12717
4005,2017,12757
4005,2018,12664
4005,2019,12682
4005,2020,13049
4005,2021,12994
4005,2022,13029
4005,2023,13025
4010,2016,2335
4010,2017,2357
4010,2018,2351
4010,2019,2329
4010,2020,2340
4010,2021,2347
4010,2022,2349
4010,2023,2375
4012,2016,14088
4012,2017,14138
4012,2018,14183
4012,2019,14089
4012,2020,14061
4012,2021,14014
4012,2022,14056
4012,2023,14172
4014,2016,10607
4014,2017,10586
4014,2018,10506
4014,2019,10406
4014,2020,10380
4014,2021,10416
4014,2022,10351
4014,2023,10413
4016,2016,4136
4016,2017,4148
4016,2018,4105
4016,2019,4080
4016,2020,4060
4016,2021,4071
4016,2022,4093
4016,2023,4091
4018,2016,6534
4018,2017,6585
4018,2018,6609
4018,2019,6538
4018,2020,6515
4018,2021,6488
4018,2022,6494
4018,2023,6559
4020,2016,10439
4020,2017,10565
4020,2018,10819
4020,2019,10923
4020,2020,10444
4020,2021,10461
4020,2022,10539
4020,2023,10735
4022,2016,2991
4022,2017,2979
4022,2018,2959
4022,2019,2934
4022,2020,2888
4022,2021,2900
4022,2022,2889
4022,2023,2939
4024,2016,1613
4024,2017,1593
4024,2018,1587
4024,2019,1572
4024,2020,1573
4024,2021,1561
4024,2022,1562
4024,2023,1588
4026,2016,5940
4026,2017,5894
4026,2018,5856
4026,2019,5780
4026,2020,5691
4026,2021,5604
4026,2022,5512
4026,2023,5546
4028,2016,2448
4028,2017,2442
4028,2018,2397
4028,2019,2403
4028,2020,2403
4028,2021,2430
4028,2022,2452
4028,2023,2427
4030,2016,1443
4030,2017,1476
4030,2018,1489
4030,2019,1476
4030,2020,1448
4030,2021,1430
4030,2022,1414
4030,2023,1442
4032,2016,1323
4032,2017,1319
4032,2018,1320
4032,2019,1286
4032,2020,1287
4032,2021,1228
4032,2022,1198
4032,2023,1224
4034,2016,2246
4034,2017,2228
4034,2018,2236
4034,2019,2228
4034,2020,2201
4034,2021,2164
4034,2022,2140
4034,2023,2198
4036,2016,3727
4036,2017,3726
4036,2018,3709
4036,2019,3723
4036,2020,3676
4036,2021,3756
4036,2022,3755
4036,2023,3832
4201,2016,6920
4201,2017,6936
4201,2018,6882
4201,2019,6848
4201,2020,6809
4201,2021,6762
4201,2022,6735
4201,2023,6806
4202,2016,22550
4202,2017,22692
4202,2018,23017
4202,2019,23246
4202,2020,23544
4202,2021,23891
4202,2022,24017
4202,2023,24587
4203,2016,44313
4203,2017,44576
4203,2018,44645
4203,2019,44785
4203,2020,44999
4203,2021,45065
4203,2022,45509
4203,2023,45891
4204,2016,106126
4204,2017,107157
4204,2018,109438
4204,2019,110391
4204,2020,111633
4204,2021,112588
4204,2022,113737
4204,2023,115569
4205,2016,22762
4205,2017,22859
4205,2018,22905
4205,2019,22909
4205,2020,23046
4205,2021,23055
4205,2022,23147
4205,2023,23479
4206,2016,9705
4206,2017,9769
4206,2018,9726
4206,2019,9695
4206,2020,9691
4206,2021,9645
4206,2022,9622
4206,2023,9860
4207,2016,9096
4207,2017,9090
4207,2018,9066
4207,2019,9066
4207,2020,9028
4207,2021,9027
4207,2022,9048
4207,2023,9216
4211,2016,2473
4211,2017,2511
4211,2018,2467
4211,2019,2454
4211,2020,2428
4211,2021,2430
4211,2022,2427
4211,2023,2421
4212,2016,2036
4212,2017,2104
4212,2018,2087
4212,2019,2093
4212,2020,2097
4212,2021,2128
4212,2022,2131
4212,2023,2143
4213,2016,6014
4213,2017,6051
4213,2018,6086
4213,2019,6069
4213,2020,6053
4213,2021,6067
4213,2022,6115
4213,2023,6184
4214,2016,5618
4214,2017,5713
4214,2018,5790
4214,2019,5845
4214,2020,5951
4214,2021,6004
4214,2022,6098
4214,2023,6174
4215,2016,10577
4215,2017,10702
4215,2018,10871
4215,2019,10990
4215,2020,11074
4215,2021,11180
4215,2022,11279
4215,2023,11419
4216,2016,5147
4216,2017,5178
4216,2018,5187
4216,2019,5212
4216,2020,5226
4216,2021,5274
4216,2022,5342
4216,2023,5390
4217,2016,1847
4217,2017,1856
4217,2018,1845
4217,2019,1848
4217,2020,1836
4217,2021,1822
4217,2022,1801
4217,2023,1786
4218,2016,1317
4218,2017,1342
4218,2018,1330
4218,2019,1326
4218,2020,1331
4218,2021,1335
4218,2022,1323
4218,2023,1344
4219,2016,3582
4219,2017,3614
4219,2018,3625
4219,2019,3638
4219,2020,3634
4219,2021,3619
4219,2022,3653
4219,2023,3904
4220,2016,1204
4220,2017,1200
4220,2018,1207
4220,2019,1192
4220,2020,1162
4220,2021,1142
4220,2022,1134
4220,2023,1136
4221,2016,1242
4221,2017,1246
4221,2018,1225
4221,2019,1156
4221,2020,1164
4221,2021,1169
4221,2022,1169
4221,2023,1180
4222,2016,945
4222,2017,952
4222,2018,958
4222,2019,953
4222,2020,965
4222,2021,930
4222,2022,935
4222,2023,995
4223,2016,14308
4223,2017,14425
4223,2018,14532
4223,2019,14630
4223,2020,14774
4223,2021,14935
4223,2022,15123
4223,2023,15294
4224,2016,942
4224,2017,937
4224,2018,943
4224,2019,939
4224,2020,932
4224,2021,927
4224,2022,912
4224,2023,911
4225,2016,10247
4225,2017,10353
4225,2018,10357
4225,2019,10389
4225,2020,10365
4225,2021,10464
4225,2022,10480
4225,2023,10751
4226,2016,1702
4226,2017,1702
4226,2018,1699
4226,2019,1683
4226,2020,1680
4226,2021,1690
4226,2022,1704
4226,2023,1750
4227,2016,5981
4227,2017,5988
4227,2018,6024
4227,2019,6048
4227,2020,5987
4227,2021,5922
4227,2022,5883
4227,2023,6024
4228,2016,1832
4228,2017,1836
4228,2018,1842
4228,2019,1839
4228,2020,1822
4228,2021,1772
4228,2022,1810
4228,2023,1837
4601,2016,277391
4601,2017,278556
4601,2018,279792
4601,2019,281190
4601,2020,283929
4601,2021,285601
4601,2022,286930
4601,2023,289330
4602,2016,17969
4602,2017,18030
4602,2018,17989
4602,2019,17822
4602,2020,17207
4602,2021,17160
4602,2022,17131
4602,2023,17179
4611,2016,4106
4611,2017,4135
4611,2018,4083
4611,2019,4077
4611,2020,4062
4611,2021,4053
4611,2022,4043
4611,2023,4073
4612,2016,5593
4612,2017,5656
4612,2018,5721
4612,2019,5721
4612,2020,5766
4612,2021,5798
4612,2022,5775
4612,2023,5732
4613,2016,11778
4613,2017,11806
4613,2018,11902
4613,2019,11960
4613,2020,11957
4613,2021,11953
4613,2022,12061
4613,2023,12132
4614,2016,18775
4614,2017,18821
4614,2018,18780
4614,2019,18699
4614,2020,18759
4614,2021,18861
4614,2022,18919
4614,2023,19098
4615,2016,3140
4615,2017,3189
4615,2018,3194
4615,2019,3201
4615,2020,3189
4615,2021,3147
4615,2022,3117
4615,2023,3181
4616,2016,2797
4616,2017,2847
4616,2018,2857
4616,2019,2846
4616,2020,2869
4616,2021,2924
4616,2022,2883
4616,2023,2910
4617,2016,13271
4617,2017,13241
4617,2018,13180
4617,2019,13137
4617,2020,13071
4617,2021,13039
4617,2022,13017
4617,2023,13058
4618,2016,11435
4618,2017,11510
4618,2018,11294
4618,2019,11152
4618,2020,11048
4618,2021,11002
4618,2022,10881
4618,2023,11148
4619,2016,925
4619,2017,921
4619,2018,931
4619,2019,906
4619,2020,906
4619,2021,903
4619,2022,937
4619,2023,962
4620,2016,1116
4620,2017,1131
4620,2018,1117
4620,2019,1093
4620,2020,1080
4620,2021,1061
4620,2022,1051
4620,2023,1056
4621,2016,15345
4621,2017,15447
4621,2018,15508
4621,2019,15543
4621,2020,15740
4621,2021,15787
4621,2022,15875
4621,2023,16144
4622,2016,8475
4622,2017,8423
4622,2018,8455
4622,2019,8441
4622,2020,8457
4622,2021,8461
4622,2022,8497
4622,2023,8531
4623,2016,2443
4623,2017,2488
4623,2018,2463
4623,2019,2465
4623,2020,2485
4623,2021,2504
4623,2022,2501
4623,2023,2495
4624,2016,23618
4624,2017,24047
4624,2018,24493
4624,2019,24665
4624,2020,24908
4624,2021,25049
4624,2022,25213
4624,2023,25596
4625,2016,5118
4625,2017,5156
4625,2018,5189
4625,2019,5212
4625,2020,5236
4625,2021,5276
4625,2022,5283
4625,2023,5297
4626,2016,36697
4626,2017,37175
4626,2018,37687
4626,2019,38117
4626,2020,38316
4626,2021,38664
4626,2022,39032
4626,2023,39368
4627,2016,28380
4627,2017,28821
4627,2018,29071
4627,2019,29275
4627,2020,29553
4627,2021,29594
4627,2022,29816
4627,2023,29989
4628,2016,4125
4628,2017,4123
4628,2018,4127
4628,2019,4045
4628,2020,3977
4628,2021,3918
4628,2022,3867
4628,2023,3875
4629,2016,381
4629,2017,383
4629,2018,380
4629,2019,380
4629,2020,388
4629,2021,376
4629,2022,378
4629,2023,380
4630,2016,7957
4630,2017,8026
4630,2018,8125
4630,2019,8120
4630,2020,8098
4630,2021,8080
4630,2022,8131
4630,2023,8152
4631,2016,28496
4631,2017,28880
4631,2018,28997
4631,2019,29090
4631,2020,29224
4631,2021,29337
4631,2022,29593
4631,2023,29920
4632,2016,2858
4632,2017,2884
4632,2018,2902
4632,2019,2887
4632,2020,2870
4632,2021,2860
4632,2022,2889
4632,2023,2856
4633,2016,576
4633,2017,587
4633,2018,561
4633,2019,562
4633,2020,548
4633,2021,525
4633,2022,502
4633,2023,513
4634,2016,1701
4634,2017,1710
4634,2018,1730
4634,2019,1711
4634,2020,1691
4634,2021,1660
4634,2022,1629
4634,2023,1654
4635,2016,2370
4635,2017,2371
4635,2018,2345
4635,2019,2322
4635,2020,2297
4635,2021,2272
4635,2022,2230
4635,2023,2228
4636,2016,785
4636,2017,794
4636,2018,807
4636,2019,820
4636,2020,802
4636,2021,786
4636,2022,768
4636,2023,756
4637,2016,1395
4637,2017,1438
4637,2018,1378
4637,2019,1366
4637,2020,1328
4637,2021,1294
4637,2022,1290
4637,2023,1268
4638,2016,4161
4638,2017,4190
4638,2018,4154
4638,2019,4091
4638,2020,4101
4638,2021,4049
4638,2022,3965
4638,2023,3949
4639,2016,2689
4639,2017,2722
4639,2018,2674
4639,2019,2672
4639,2020,2635
4639,2021,2611
4639,2022,2560
4639,2023,2561
4640,2016,11431
4640,2017,11561
4640,2018,11666
4640,2019,11801
4640,2020,11847
4640,2021,11938
4640,2022,12097
4640,2023,12198
4641,2016,1764
4641,2017,1787
4641,2018,1778
4641,2019,1764
4641,2020,1781
4641,2021,1777
4641,2022,1766
4641,2023,1775
4642,2016,2172
4642,2017,2159
4642,2018,2153
4642,2019,2151
4642,2020,2126
4642,2021,2129
4642,2022,2117
4642,2023,2129
4643,2016,5359
4643,2017,5363
4643,2018,5277
4643,2019,5245
4643,2020,5193
4643,2021,5170
4643,2022,5204
4643,2023,5172
4644,2016,5093
4644,2017,5151
4644,2018,5223
4644,2019,5195
4644,2020,5174
4644,2021,5189
4644,2022,5246
4644,2023,5302
4645,2016,3023
4645,2017,3065
4645,2018,3052
4645,2019,3038
4645,2020,3011
4645,2021,2991
4645,2022,2951
4645,2023,2949
4646,2016,2830
4646,2017,2862
4646,2018,2846
4646,2019,2770
4646,2020,2802
4646,2021,2885
4646,2022,2901
4646,2023,2913
4647,2016,21702
4647,2017,21872
4647,2018,21963
4647,2019,21959
4647,2020,22030
4647,2021,22020
4647,2022,22116
4647,2023,22215
4648,2016,3846
4648,2017,3847
4648,2018,3767
4648,2019,3705
4648,2020,3629
4648,2021,3597
4648,2022,3521
4648,2023,3482
4649,2016,8789
4649,2017,8855
4649,2018,8914
4649,2019,8898
4649,2020,9457
4649,2021,9517
4649,2022,9527
4649,2023,9543
4650,2016,5784
4650,2017,5783
4650,2018,5874
4650,2019,5836
4650,2020,5854
4650,2021,5885
4650,2022,5875
4650,2023,5892
4651,2016,7168
4651,2017,7218
4651,2018,7195
4651,2019,7167
4651,2020,7130
4651,2021,7118
4651,2022,7207
4651,2023,7244
5001,2016,193420
5001,2017,196514
5001,2018,199595
5001,2019,202235
5001,2020,205163
5001,2021,207595
5001,2022,210496
5001,2023,212660
5006,2016,24308
5006,2017,24487
5006,2018,24569
5006,2019,24539
5006,2020,24357
5006,2021,24152
5006,2022,24004
5006,2023,23955
5007,2016,15265
5007,2017,15272
5007,2018,15281
5007,2019,15294
5007,2020,15230
5007,2021,15096
5007,2022,15001
5007,2023,14923
5014,2016,4799
5014,2017,4937
5014,2018,4962
5014,2019,5068
5014,2020,5151
5014,2021,5204
5014,2022,5265
5014,2023,5391
5020,2016,976
5020,2017,978
5020,2018,967
5020,2019,947
5020,2020,948
5020,2021,925
5020,2022,904
5020,2023,904
5021,2016,6886
5021,2017,6973
5021,2018,6970
5021,2019,6975
5021,2020,7001
5021,2021,6981
5021,2022,7066
5021,2023,7256
5022,2016,2562
5022,2017,2556
5022,2018,2541
5022,2019,2501
5022,2020,2486
5022,2021,2454
5022,2022,2443
5022,2023,2481
5025,2016,5635
5025,2017,5623
5025,2018,5663
5025,2019,5610
5025,2020,5581
5025,2021,5550
5025,2022,5572
5025,2023,5598
5026,2016,2031
5026,2017,2046
5026,2018,2028
5026,2019,2025
5026,2020,1981
5026,2021,1968
5026,2022,1953
5026,2023,1997
5027,2016,6298
5027,2017,6319
5027,2018,6225
5027,2019,6246
5027,2020,6238
5027,2021,6243
5027,2022,6120
5027,2023,6133
5028,2016,16096
5028,2017,16213
5028,2018,16424
5028,2019,16562
5028,2020,16733
5028,2021,16949
5028,2022,17123
5028,2023,17340
5029,2016,7755
5029,2017,8000
5029,2018,8142
5029,2019,8231
5029,2020,8325
5029,2021,8367
5029,2022,8360
5029,2023,8441
5031,2016,13738
5031,2017,13820
5031,2018,13958
5031,2019,14040
5031,2020,14148
5031,2021,14334
5031,2022,14425
5031,2023,14662
5032,2016,4132
5032,2017,4098
5032,2018,4093
5032,2019,4088
5032,2020,4062
5032,2021,4069
5032,2022,4090
5032,2023,4144
5033,2016,851
5033,2017,861
5033,2018,834
5033,2019,794
5033,2020,769
5033,2021,759
5033,2022,750
5033,2023,753
5034,2016,2523
5034,2017,2508
5034,2018,2469
5034,2019,2432
5034,2020,2422
5034,2021,2413
5034,2022,2399
5034,2023,2426
5035,2016,23308
5035,2017,23625
5035,2018,23964
5035,2019,24028
5035,2020,24145
5035,2021,24283
5035,2022,24287
5035,2023,24541
5036,2016,2631
5036,2017,2630
5036,2018,2616
5036,2019,2632
5036,2020,2627
5036,2021,2609
5036,2022,2608
5036,2023,2645
5037,2016,19610
5037,2017,19892
5037,2018,20115
5037,2019,20254
5037,2020,20164
5037,2021,20170
5037,2022,20171
5037,2023,20344
5038,2016,14885
5038,2017,14849
5038,2018,14943
5038,2019,14933
5038,2020,14948
5038,2021,14986
5038,2022,14955
5038,2023,15002
5041,2016,2139
5041,2017,2159
5041,2018,2094
5041,2019,2100
5041,2020,2063
5041,2021,2054
5041,2022,2033
5041,2023,2021
5042,2016,1375
5042,2017,1389
5042,2018,1379
5042,2019,1386
5042,2020,1355
5042,2021,1328
5042,2022,1309
5042,2023,1295
5043,2016,469
5043,2017,469
5043,2018,474
5043,2019,482
5043,2020,461
5043,2021,459
5043,2022,441
5043,2023,429
5044,2016,867
5044,2017,872
5044,2018,902
5044,2019,871
5044,2020,843
5044,2021,846
5044,2022,818
5044,2023,814
5045,2016,2466
5045,2017,2467
5045,2018,2400
5045,2019,2374
5045,2020,2359
5045,2021,2347
5045,2022,2287
5045,2023,2296
5046,2016,1250
5046,2017,1264
5046,2018,1268
5046,2019,1254
5046,2020,1231
5046,2021,1215
5046,2022,1193
5046,2023,1216
5047,2016,3825
5047,2017,3840
5047,2018,3845
5047,2019,3879
5047,2020,3884
5047,2021,3865
5047,2022,3817
5047,2023,3873
5049,2016,1103
5049,2017,1090
5049,2018,1105
5049,2019,1103
5049,2020,1103
5049,2021,1100
5049,2022,1101
5049,2023,1108
5052,2016,562
5052,2017,584
5052,2018,582
5052,2019,567
5052,2020,557
5052,2021,563
5052,2022,570
5052,2023,582
5053,2016,6769
5053,2017,6800
5053,2018,6785
5053,2019,6804
5053,2020,6816
5053,2021,6764
5053,2022,6794
5053,2023,6841
5054,2016,10175
5054,2017,10108
5054,2018,10090
5054,2019,9988
5054,2020,10084
5054,2021,9948
5054,2022,9899
5054,2023,9977
5055,2016,NA
5055,2017,NA
5055,2018,NA
5055,2019,NA
5055,2020,5963
5055,2021,5941
5055,2022,5884
5055,2023,5880
5056,2016,NA
5056,2017,NA
5056,2018,NA
5056,2019,NA
5056,2020,5050
5056,2021,5140
5056,2022,5156
5056,2023,5281
5057,2016,9988
5057,2017,10113
5057,2018,10215
5057,2019,10238
5057,2020,10323
5057,2021,10306
5057,2022,10371
5057,2023,10472
5058,2016,4233
5058,2017,4222
5058,2018,4230
5058,2019,4297
5058,2020,4288
5058,2021,4271
5058,2022,4252
5058,2023,4252
5059,2016,NA
5059,2017,NA
5059,2018,NA
5059,2019,NA
5059,2020,18217
5059,2021,18300
5059,2022,18502
5059,2023,18690
5060,2016,9513
5060,2017,9556
5060,2018,9609
5060,2019,9650
5060,2020,9623
5060,2021,9581
5060,2022,9732
5060,2023,9890
5061,2016,2036
5061,2017,2026
5061,2018,2039
5061,2019,2028
5061,2020,2003
5061,2021,1989
5061,2022,1980
5061,2023,1957
5401,2016,73480
5401,2017,74541
5401,2018,75638
5401,2019,76649
5401,2020,76974
5401,2021,77095
5401,2022,77544
5401,2023,77992
5402,2016,24695
5402,2017,24845
5402,2018,24820
5402,2019,24827
5402,2020,24703
5402,2021,24738
5402,2022,24804
5402,2023,24903
5403,2016,20097
5403,2017,20446
5403,2018,20635
5403,2019,20665
5403,2020,20789
5403,2021,20847
5403,2022,21144
5403,2023,21317
5404,2016,2137
5404,2017,2104
5404,2018,2110
5404,2019,2081
5404,2020,2029
5404,2021,1959
5404,2022,1897
5404,2023,1933
5405,2016,6160
5405,2017,6154
5405,2018,6033
5405,2019,5894
5405,2020,5788
5405,2021,5642
5405,2022,5568
5405,2023,5593
5406,2016,11490
5406,2017,11554
5406,2018,11560
5406,2019,11524
5406,2020,11448
5406,2021,11331
5406,2022,11274
5406,2023,11310
5411,2016,3029
5411,2017,2986
5411,2018,2928
5411,2019,2858
5411,2020,2839
5411,2021,2822
5411,2022,2789
5411,2023,2866
5412,2016,4324
5412,2017,4300
5412,2018,4253
5412,2019,4268
5412,2020,4216
5412,2021,4209
5412,2022,4201
5412,2023,4206
5413,2016,1403
5413,2017,1394
5413,2018,1380
5413,2019,1375
5413,2020,1361
5413,2021,1320
5413,2022,1289
5413,2023,1279
5414,2016,1137
5414,2017,1121
5414,2018,1117
5414,2019,1105
5414,2020,1091
5414,2021,1092
5414,2022,1070
5414,2023,1079
5415,2016,1051
5415,2017,1076
5415,2018,1061
5415,2019,1042
5415,2020,1034
5415,2021,1020
5415,2022,970
5415,2023,983
5416,2016,4019
5416,2017,3994
5416,2018,3979
5416,2019,4030
5416,2020,4005
5416,2021,3959
5416,2022,3993
5416,2023,3949
5417,2016,2230
5417,2017,2220
5417,2018,2226
5417,2019,2183
5417,2020,2146
5417,2021,2089
5417,2022,2087
5417,2023,2048
5418,2016,6741
5418,2017,6781
5418,2018,6798
5418,2019,6805
5418,2020,6640
5418,2021,6609
5418,2022,6599
5418,2023,6782
5419,2016,3452
5419,2017,3496
5419,2018,3494
5419,2019,3489
5419,2020,3464
5419,2021,3465
5419,2022,3414
5419,2023,3428
5420,2016,1158
5420,2017,1138
5420,2018,1165
5420,2019,1129
5420,2020,1083
5420,2021,1063
5420,2022,1068
5420,2023,1056
5421,2016,14989
5421,2017,15072
5421,2018,15025
5421,2019,15011
5421,2020,14851
5421,2021,14725
5421,2022,14738
5421,2023,14851
5422,2016,5701
5422,2017,5685
5422,2018,5653
5422,2019,5625
5422,2020,5559
5422,2021,5559
5422,2022,5576
5422,2023,5517
5423,2016,2282
5423,2017,2273
5423,2018,2263
5423,2019,2252
5423,2020,2200
5423,2021,2172
5423,2022,2179
5423,2023,2171
5424,2016,2861
5424,2017,2876
5424,2018,2877
5424,2019,2847
5424,2020,2794
5424,2021,2773
5424,2022,2729
5424,2023,2714
5425,2016,1865
5425,2017,1890
5425,2018,1856
5425,2019,1841
5425,2020,1829
5425,2021,1831
5425,2022,1836
5425,2023,1836
5426,2016,2150
5426,2017,2132
5426,2018,2132
5426,2019,2097
5426,2020,2071
5426,2021,2072
5426,2022,2012
5426,2023,2000
5427,2016,2920
5427,2017,2912
5427,2018,2925
5427,2019,2917
5427,2020,2927
5427,2021,2893
5427,2022,2804
5427,2023,2790
5428,2016,4895
5428,2017,4919
5428,2018,4944
5428,2019,4909
5428,2020,4861
5428,2021,4812
5428,2022,4746
5428,2023,4772
5429,2016,1231
5429,2017,1233
5429,2018,1224
5429,2019,1202
5429,2020,1191
5429,2021,1166
5429,2022,1159
5429,2023,1118
5430,2016,2956
5430,2017,2938
5430,2018,2946
5430,2019,2924
5430,2020,2910
5430,2021,2920
5430,2022,2877
5430,2023,2847
5432,2016,951
5432,2017,968
5432,2018,941
5432,2019,917
5432,2020,888
5432,2021,860
5432,2022,859
5432,2023,862
5433,2016,1054
5433,2017,1037
5433,2018,1022
5433,2019,1045
5433,2020,1005
5433,2021,983
5433,2022,964
5433,2023,970
5434,2016,1215
5434,2017,1204
5434,2018,1231
5434,2019,1235
5434,2020,1225
5434,2021,1197
5434,2022,1162
5434,2023,1119
5435,2016,3276
5435,2017,3291
5435,2018,3239
5435,2019,3218
5435,2020,3162
5435,2021,3075
5435,2022,2947
5435,2023,2932
5436,2016,3978
5436,2017,3971
5436,2018,3964
5436,2019,3944
5436,2020,3998
5436,2021,3921
5436,2022,3904
5436,2023,3863
5437,2016,2668
5437,2017,2696
5437,2018,2701
5437,2019,2673
5437,2020,2628
5437,2021,2641
5437,2022,2584
5437,2023,2543
5438,2016,1318
5438,2017,1330
5438,2018,1349
5438,2019,1328
5438,2020,1290
5438,2021,1271
5438,2022,1221
5438,2023,1226
5439,2016,1139
5439,2017,1137
5439,2018,1153
5439,2019,1169
5439,2020,1132
5439,2021,1097
5439,2022,1057
5439,2023,1054
5440,2016,1000
5440,2017,991
5440,2018,983
5440,2019,981
5440,2020,957
5440,2021,928
5440,2022,906
5440,2023,908
5441,2016,2922
5441,2017,2911
5441,2018,2922
5441,2019,2900
5441,2020,2918
5441,2021,2829
5441,2022,2821
5441,2023,2804
5442,2016,959
5442,2017,951
5442,2018,944
5442,2019,941
5442,2020,926
5442,2021,880
5442,2022,854
5442,2023,864
5443,2016,2211
5443,2017,2267
5443,2018,2263
5443,2019,2270
5443,2020,2221
5443,2021,2200
5443,2022,2165
5443,2023,2117
5444,2016,10227
5444,2017,10199
5444,2018,10171
5444,2019,10156
5444,2020,10158
5444,2021,10103
5444,2022,9925
5444,2023,9850
