municipality_code,municipality_name
1820,Alstahaug
5403,Alta
3428,Alvdal
4631,Alver
1871,Andøy
3124,Aremark
4203,Arendal
3203,Asker
4645,Askvoll
4627,Askøy
1547,Aukra
1576,Aure
4641,Aurland
3226,Aurskog-Høland
4625,Austevoll
4632,Austrheim
1554,Averøy
5422,Balsfjord
4012,Bamble
5416,Bardu
1839,Beiarn
4601,Bergen
5440,Berlevåg
1811,Bindal
4216,Birkenes
1114,Bjerkreim
4624,Bjørnafjorden
1804,Bodø
1145,Bokn
4648,Bremanger
1813,Brønnøy
4220,Bygland
4222,Bykle
5443,Båtsfjord
3201,Bærum
1867,Bø
4613,Bømlo
5441,Deatnu-Tana
3431,Dovre
3301,Drammen
4016,Drangedal
5420,Dyrøy
1827,Dønna
4619,Eidfjord
3416,Eidskog
3240,Eidsvoll
1101,Eigersund
3420,Elverum
3220,Enebakk
3425,Engerdal
4611,Etne
3450,Etnedal
1853,Evenes
4219,Evje og Hornnes
4206,Farsund
1841,Fauske - Fuossko
4633,Fedje
4615,Fitjar
4646,Fjaler
1578,Fjord
1859,Flakstad
5049,Flatanger
4207,Flekkefjord
3334,Flesberg
3320,Flå
3429,Folldal
3107,Fredrikstad
3214,Frogn
4214,Froland
5036,Frosta
5014,Frøya
4032,Fyresdal
3911,Færder
5439,Gamvik
3441,Gausdal
1838,Gildeskål
1532,Giske
1557,Gjemnes
3230,Gjerdrum
4211,Gjerstad
1122,Gjesdal
3407,Gjøvik
4650,Gloppen
3324,Gol
3446,Gran
1825,Grane
5414,Gratangen
4202,Grimstad
5045,Grong
3417,Grue
4635,Gulen
5430,Guovdageaidnu-Kautokeino
5426,Gáivuotna - Kåfjord - Kaivuono
1866,Hadsel
3101,Halden
3403,Hamar
1875,Hamarøy
5406,Hammerfest
1517,Hareid
5402,Harstad
5433,Hasvik
1826,Hattfjelldal
1106,Haugesund
5055,Heim
1832,Hemnes
3326,Hemsedal
1515,Herøy (Møre og Romsdal)
1818,Herøy (Nordland)
5056,Hitra
4024,Hjartdal
1133,Hjelmeland
3330,Hol
3310,Hole
3903,Holmestrand
5026,Holtålen
3901,Horten
3242,Hurdal
1579,Hustadvika
3110,Hvaler
4637,Hyllestad
1119,Hå
4226,Hægebostad
4638,Høyanger
5046,Høylandet
5413,Ibestad
5053,Inderøy
5054,Indre Fosen
3118,Indre Østfold
4218,Iveland
3236,Jevnaker
5423,Karlsøy
1149,Karmøy
4602,Kinn
1120,Klepp
3303,Kongsberg
3401,Kongsvinger
4014,Kragerø
4204,Kristiansand
1505,Kristiansund
3318,Krødsherad
4622,Kvam
4227,Kvinesdal
4617,Kvinnherad
4028,Kviteseid
1144,Kvitsøy
5411,Kvæfjord
5429,Kvænangen
5437,Kárásjohka-Karasjok
3909,Larvik
5438,Lebesby
1822,Leirfjord
5052,Leka
3432,Lesja
5037,Levanger
3312,Lier
5042,Lierne
3405,Lillehammer
4215,Lillesand
3205,Lillestrøm
4205,Lindesnes
5415,Loabák - Lavangen
3434,Lom
5432,Loppa
1112,Lund
3234,Lunner
1834,Lurøy
4644,Luster
4225,Lyngdal
5424,Lyngen
4642,Lærdal
1851,Lødingen
3222,Lørenskog
3412,Løten
5031,Malvik
3122,Marker
4634,Masfjorden
5028,Melhus
1837,Meløy
5034,Meråker
4020,Midt-Telemark
5027,Midtre Gauldal
4629,Modalen
3316,Modum
1506,Molde
1874,Moskenes
3103,Moss
5418,Målselv
5434,Måsøy
5007,Namsos
5044,Namsskogan
3238,Nannestad
1806,Narvik
3228,Nes (Akershus)
3322,Nes (Buskerud)
1828,Nesna
3212,Nesodden
4030,Nissedal
3232,Nittedal
4018,Nome
3451,Nord-Aurdal
3436,Nord-Fron
3414,Nord-Odal
5435,Nordkapp
3207,Nordre Follo
3448,Nordre Land
5428,Nordreisa
3338,Nore og Uvdal
4005,Notodden
5060,Nærøysund
5021,Oppdal
5059,Orkland
3430,Os
5020,Osen
0301,Oslo
4630,Osterøy
5047,Overhalla
5436,Porsanger - Porsá?gu - Porsanki
4001,Porsgrunn
5043,Raarvihke - Røyrvik
3120,Rakkestad
1833,Rana
1127,Randaberg
1539,Rauma
3424,Rendalen
5022,Rennebu
5061,Rindal
3439,Ringebu
3305,Ringerike
3411,Ringsaker
4201,Risør
3336,Rollag
3112,Råde
3224,Rælingen
1836,Rødøy
5025,Røros
1856,Røst
5417,Salangen
1840,Saltdal
4623,Samnanger
1514,Sande
3907,Sandefjord
1108,Sandnes
3105,Sarpsborg
1135,Sauda
3437,Sel
5032,Selbu
4022,Seljord
5421,Senja
3332,Sigdal
4010,Siljan
4228,Sirdal
5029,Skaun
4003,Skien
3116,Skiptvet
5427,Skjervøy
3433,Skjåk
1573,Smøla
5041,Snåase - Snåsa
4640,Sogndal
1111,Sokndal
1124,Sola
4636,Solund
1870,Sortland
4649,Stad
3413,Stange
1103,Stavanger
1848,Steigen
5006,Steinkjer
5035,Stjørdal
3423,Stor-Elvdal
4614,Stord
5425,Storfjord - Omasvuotna - Omasvuono
1130,Strand
1525,Stranda
4651,Stryn
1531,Sula
1134,Suldal
1563,Sunndal
4647,Sunnfjord
1566,Surnadal
4612,Sveio
1528,Sykkylven
1812,Sømna
3447,Søndre Land
3449,Sør-Aurdal
3438,Sør-Fron
3415,Sør-Odal
5444,Sør-Varanger
1845,Sørfold
5419,Sørreisa
1121,Time
1560,Tingvoll
4026,Tinn
5412,Tjeldsund
4034,Tokke
3426,Tolga
5401,Tromsø
5001,Trondheim
3421,Trysil
1835,Træna
4213,Tvedestrand
5033,Tydal
3427,Tynset
4616,Tysnes
1146,Tysvær
3905,Tønsberg
3209,Ullensaker
4618,Ullensvang
1516,Ulstein
4620,Ulvik
5442,Unjárga-Nesseby
1151,Utsira
5405,Vadsø
4628,Vaksdal
4221,Valle
3454,Vang
1511,Vanylven
5404,Vardø
1824,Vefsn
1815,Vega
4212,Vegårshei
4223,Vennesla
5038,Verdal
3216,Vestby
1535,Vestnes
3452,Vestre Slidre
3443,Vestre Toten
1860,Vestvågøy
1816,Vevelstad
4639,Vik
1160,Vindafjord
4036,Vinje
1577,Volda
4621,Voss
1865,Vågan
3435,Vågå
3419,Våler (Hedmark)
3114,Våler (Østfold)
1857,Værøy
5058,Åfjord
3328,Ål
1507,Ålesund
4217,Åmli
3422,Åmot
4643,Årdal
3218,Ås
4224,Åseral
3418,Åsnes
1868,Øksnes
5057,Ørland
1520,Ørsta
3442,Østre Toten
3314,Øvre Eiker
3440,Øyer
4626,Øygarden
3453,Øystre Slidre
