min_fleet,label,n_muni,n_obs,rho,beta,beta_p,theta,theta_p,theta_beta,beta_sig,theta_sig,spec,item,moderator,beta_x_mod,beta_x_mod_p,theta_x_mod,theta_x_mod_p,test
0,Baseline (all 351),351,2808,0.3236260875351649,0.0011142257444754897,1.0077164026862704e-4,0.001308294135262617,0.07337378459061514,1.1741733142941182,TRUE,FALSE,contemporaneous,1_fleet_contemp,NA,NA,NA,NA,NA,NA
500,fleet >= 500,329,2632,0.3312526549274728,9.288362119289966e-4,8.525488914262376e-4,9.261394630692225e-4,0.19213305358156904,0.9970966368180526,TRUE,FALSE,contemporaneous,1_fleet_contemp,NA,NA,NA,NA,NA,NA
1000,fleet >= 1000,284,2272,0.3392986883397368,4.1332045334823266e-4,0.1404292788338807,4.473402117788324e-4,0.5397634510547051,1.0823084320047844,FALSE,FALSE,contemporaneous,1_fleet_contemp,NA,NA,NA,NA,NA,NA
2000,fleet >= 2000,210,1680,0.3243206728226033,1.459503825616004e-4,0.6634362303506225,-5.930088621023244e-4,0.5380343358296917,-4.063085356093786,FALSE,FALSE,contemporaneous,1_fleet_contemp,NA,NA,NA,NA,NA,NA
0,Baseline (all 351),351,2457,0.33799649411383564,0.0012115347160649547,5.103674446226163e-5,0.002743544752106361,2.314811313762224e-4,2.2645201294910886,TRUE,TRUE,lagged,2_fleet_lag,NA,NA,NA,NA,NA,NA
500,fleet >= 500,329,2303,0.3490952971175994,0.0011243865269888326,9.005397271607475e-5,0.0024250169613060407,8.000767897302641e-4,2.1567467264129947,TRUE,TRUE,lagged,2_fleet_lag,NA,NA,NA,NA,NA,NA
1000,fleet >= 1000,286,2002,0.3535895019897227,8.67330848138256e-4,0.0022514923022145263,0.0021501976999691837,0.0034268528158225343,2.4790974569676942,TRUE,TRUE,lagged,2_fleet_lag,NA,NA,NA,NA,NA,NA
2000,fleet >= 2000,213,1491,0.3349026365499744,9.613471912377719e-4,0.0033707990886456783,0.0014890446878289003,0.11163943592190918,1.5489145871552372,TRUE,FALSE,lagged,2_fleet_lag,NA,NA,NA,NA,NA,NA
NA,NA,351,2457,NA,NA,NA,NA,NA,NA,NA,NA,NA,3_horserace,adoption_level,-0.026476744588374554,1.1100981106111051e-17,-0.024076640424249736,1.3261721852335714e-13,standalone
NA,NA,351,2808,NA,NA,NA,NA,NA,NA,NA,NA,NA,3_horserace,fleet_size,0.0014467322668944656,2.334130714284866e-10,0.004365582546806656,1.8993752081981115e-13,standalone
NA,NA,351,2457,NA,NA,NA,NA,NA,NA,NA,NA,NA,3_horserace,adoption_level,-0.02847549797467952,5.133163619052851e-19,-0.02494639296335764,1.4427363480933518e-12,horse_race
NA,NA,351,2457,NA,NA,NA,NA,NA,NA,NA,NA,NA,3_horserace,fleet_size,4.8753569560301246e-4,0.021724493306801058,5.969321391498944e-4,0.32961446677569267,horse_race
