Estimate,Std. Error,t-value,Pr(>|t|),term,specification
0.6262540334505615,0.01801119897481159,34.77025790045232,6.850031488774056e-265,lambda,W1_contemporaneous
5.981121710931715e-4,2.5576126457181944e-4,2.3385565132174957,0.019358397652721234,treat,W1_contemporaneous
-0.05535488109593429,0.018413599885953955,-3.0061954989127058,0.002645388577464274,log_income,W1_contemporaneous
-0.06083425156009145,0.008490560892965179,-7.164927303035473,7.782784300651632e-13,log_pop_density,W1_contemporaneous
-0.42066060419167633,0.04243121694841869,-9.913941537501751,3.620737320249313e-23,share_detached,W1_contemporaneous
-0.003544101070166381,6.42229808010468e-4,-5.518431293535684,3.4203914748760686e-8,median_age,W1_contemporaneous
0.0017041744555825042,5.116366943353209e-4,3.3308292279474534,8.658770428596542e-4,w_treat,W1_contemporaneous
0.03266807306426743,0.03916105094132415,0.8341980687192156,0.4041693792674906,w_log_income,W1_contemporaneous
0.05742798001049389,0.01702840011924049,3.3724824180990245,7.449384245319784e-4,w_log_pop_density,W1_contemporaneous
0.02000216457398935,0.082805860869457,0.24155493782647408,0.8091250425140102,w_share_detached,W1_contemporaneous
0.0013570451874178394,0.0014295943290391353,0.9492519380165295,0.34249249151898253,w_median_age,W1_contemporaneous
0.590042312557989,0.020344348910868202,29.0027621499738,6.072487320531738e-185,lambda,W1_lagged
5.991130927032119e-4,2.7092151166741295e-4,2.2113898930207196,0.027008849134681538,treat,W1_lagged
-0.06517008721355519,0.018929292223569136,-3.4428169021771966,5.756889351482214e-4,log_income,W1_lagged
-0.07496962445342874,0.008596892003291355,-8.72054975504244,2.768542554938299e-18,log_pop_density,W1_lagged
-0.3749178433879917,0.04573817081462849,-8.197044978197539,2.4636828136138993e-16,share_detached,W1_lagged
-0.00417648541315155,6.885635550070146e-4,-6.065504604159601,1.3154000184315246e-9,median_age,W1_lagged
0.0027030400778456504,5.486184513943674e-4,4.926994473072515,8.3504115916211e-7,w_treat,W1_lagged
0.05714123559513677,0.040111432413158406,1.4245623294268543,0.15428375578610115,w_log_income,W1_lagged
0.03365833843063169,0.017358793814997872,1.9389791012755238,0.05250388297061332,w_log_pop_density,W1_lagged
0.059981202172855054,0.0874760997254879,0.6856867459921552,0.4929106664547801,w_share_detached,W1_lagged
-8.475166457935815e-4,0.0015602822718564489,-0.5431816159682392,0.5870047629908712,w_median_age,W1_lagged
0.7094930088818711,0.022503390540694383,31.528271599732825,3.56055255930008e-218,lambda,W2_contemporaneous
6.94583971301253e-4,2.700092456978057e-4,2.572445137966243,0.010098295944214922,treat,W2_contemporaneous
-0.04988180875017688,0.019353704038894845,-2.5773778833204313,0.009955305087295925,log_income,W2_contemporaneous
-0.0689048925776494,0.008950085695232944,-7.6987969639609135,1.3735321066672837e-14,log_pop_density,W2_contemporaneous
-0.46950430565241674,0.04323642389561593,-10.858999504351315,1.80718263246114e-27,share_detached,W2_contemporaneous
-0.003854786182886933,6.742277012173047e-4,-5.717335813890757,1.0820714248345995e-8,median_age,W2_contemporaneous
0.0027667048219674603,8.852035261509417e-4,3.1255013567305783,0.0017750225122595688,w_treat,W2_contemporaneous
-0.05373666149469366,0.06472282775620164,-0.8302582467056177,0.4063927894674899,w_log_income,W2_contemporaneous
0.20054019456340963,0.030468813938913993,6.581818214698695,4.6472958807538424e-11,w_log_pop_density,W2_contemporaneous
0.4913069433779259,0.142228921230501,3.454339237950749,5.516429938332972e-4,w_share_detached,W2_contemporaneous
0.004639898040742235,0.0022195468887096278,2.0904708363425115,0.036575525493958344,w_median_age,W2_contemporaneous
0.6741775922863522,0.026109424778973968,25.821234975244277,5.121452133539839e-147,lambda,W2_lagged
6.310170701132511e-4,2.8466699674720527e-4,2.216685029608885,0.02664462249177353,treat,W2_lagged
-0.051880279853055496,0.019818326667737095,-2.6177931529160383,0.008850043370847358,log_income,W2_lagged
-0.08481621643480457,0.009005570464594362,-9.418194746047655,4.589099145262752e-21,log_pop_density,W2_lagged
-0.4075801329043799,0.04643225068325189,-8.777953403223549,1.664762143902751e-18,share_detached,W2_lagged
-0.0045530797737434545,7.20049739398522e-4,-6.323285079648486,2.5606026246275007e-10,median_age,W2_lagged
0.004764099518883155,9.839863522516882e-4,4.8416317035102265,1.2877727916353305e-6,w_treat,W2_lagged
-0.011598327908790486,0.06553431410528582,-0.17698099182295396,0.8595233202123629,w_log_income,W2_lagged
0.15881237030037695,0.030171786699613623,5.263605098415026,1.412576959054577e-7,w_log_pop_density,W2_lagged
0.43010488588895673,0.14892607177582531,2.8880429112263353,0.0038764698437002095,w_share_detached,W2_lagged
0.002737001030871376,0.0023887033345398674,1.145810361335055,0.2518736270363446,w_median_age,W2_lagged
0.3236260875351649,0.027866809780254898,11.613316704966746,3.5266546179901216e-31,lambda,W3_contemporaneous
0.0011142257444754897,2.8652716329281635e-4,3.888726400913016,1.0077164026862704e-4,treat,W3_contemporaneous
-0.0554725771218648,0.020667952609573964,-2.6839899514850045,0.007274929276621994,log_income,W3_contemporaneous
-0.0711038698922151,0.009658089564319579,-7.362105043516898,1.810324216167744e-13,log_pop_density,W3_contemporaneous
-0.4328861109955381,0.04525055221043121,-9.566427145075783,1.106639787957607e-21,share_detached,W3_contemporaneous
-0.0035086849613329566,7.318941543961327e-4,-4.793978665163522,1.6350567048557333e-6,median_age,W3_contemporaneous
0.001308294135262617,7.306870282028161e-4,1.7904986468426467,0.07337378459061514,w_treat,W3_contemporaneous
0.0444807079374139,0.05047313828141821,0.8812748612817991,0.3781690690150958,w_log_income,W3_contemporaneous
0.45596517765724054,0.036436371632723605,12.514011610523177,6.258202158635687e-36,w_log_pop_density,W3_contemporaneous
0.00895201593972057,0.09786248771951589,0.09147545855750144,0.9271148056993196,w_share_detached,W3_contemporaneous
0.007650512899763243,0.0022894802456114097,3.341593758857771,8.329887805283746e-4,w_median_age,W3_contemporaneous
0.33799649411383564,0.03004344910460959,11.250256018773042,2.3092080659274319e-29,lambda,W3_lagged
0.0012115347160649547,2.9908323884142673e-4,4.050827859020571,5.103674446226163e-5,treat,W3_lagged
-0.0607913975367332,0.020948178743134354,-2.901989632710062,0.003708008114043943,log_income,W3_lagged
-0.08694329419535521,0.00960667116117286,-9.050303974882853,1.4257089377436095e-19,log_pop_density,W3_lagged
-0.3530444192710493,0.0480735160141797,-7.343844356358619,2.0754446175279985e-13,share_detached,W3_lagged
-0.004247074095958253,7.734769508735322e-4,-5.490886433217934,3.999214545164649e-8,median_age,W3_lagged
0.002743544752106361,7.4513904518194e-4,3.6819232193589744,2.314811313762224e-4,w_treat,W3_lagged
0.025967488255283087,0.05046709616974728,0.5145429443362626,0.6068724438825139,w_log_income,W3_lagged
0.3784756027251445,0.03746662464750896,10.10167332354846,5.430750504458124e-24,w_log_pop_density,W3_lagged
-0.014477376912275613,0.10204971825281116,-0.1418659175168943,0.8871859158604918,w_share_detached,W3_lagged
0.004350999307430651,0.0024846193520616337,1.7511733955627338,0.07991604667085452,w_median_age,W3_lagged
