"06265: Dwellings, by region, type of building and year"
"region";"type of building";"Dwellings (occupied and vacant) 2015";"Dwellings (occupied and vacant) 2016";"Dwellings (occupied and vacant) 2017";"Dwellings (occupied and vacant) 2018";"Dwellings (occupied and vacant) 2019";"Dwellings (occupied and vacant) 2020";"Dwellings (occupied and vacant) 2021";"Dwellings (occupied and vacant) 2022";"Dwellings (occupied and vacant) 2023"
"K-3101 Halden";"Detached house";7680;7750;7808;7864;7917;7981;8010;8041;8085
"K-3101 Halden";"Multi-dwelling building";2202;2209;2221;2247;2249;2254;2283;2328;2341
"K-3103 Moss";"Detached house";8884;8910;8953;9007;9017;8997;9000;9012;9039
"K-3103 Moss";"Multi-dwelling building";5768;5834;5915;6252;6511;7228;7323;7658;7987
"K-3105 Sarpsborg";"Detached house";12858;12915;12982;13028;13070;13137;13172;13194;13244
"K-3105 Sarpsborg";"Multi-dwelling building";3980;4050;4141;4222;4417;4618;4753;4860;5028
"K-3107 Fredrikstad";"Detached house";18417;18531;18633;18700;18755;18829;18896;18933;18971
"K-3107 Fredrikstad";"Multi-dwelling building";5226;5379;5539;5897;5998;6305;6915;7259;7366
"K-3110 Hvaler";"Detached house";1832;1863;1888;1923;1941;1969;1997;2017;2034
"K-3110 Hvaler";"Multi-dwelling building";56;56;66;66;66;85;98;103;112
"K-3112 Råde";"Detached house";2380;2391;2406;2413;2418;2428;2441;2455;2467
"K-3112 Råde";"Multi-dwelling building";173;185;194;194;194;194;227;227;227
"K-3114 Våler (Østfold)";"Detached house";1634;1656;1685;1728;1759;1777;1793;1813;1838
"K-3114 Våler (Østfold)";"Multi-dwelling building";25;25;31;31;31;31;31;31;41
"K-3116 Skiptvet";"Detached house";1191;1199;1213;1224;1232;1239;1254;1260;1258
"K-3116 Skiptvet";"Multi-dwelling building";43;43;55;55;55;55;55;62;101
"K-3118 Indre Østfold";"Detached house";11967;12020;12116;12251;12333;12383;12441;12495;12553
"K-3118 Indre Østfold";"Multi-dwelling building";2257;2331;2398;2512;2652;2745;2868;2886;2977
"K-3120 Rakkestad";"Detached house";2751;2779;2801;2812;2824;2843;2868;2878;2897
"K-3120 Rakkestad";"Multi-dwelling building";167;174;174;190;200;200;223;237;239
"K-3122 Marker";"Detached house";1369;1372;1381;1391;1402;1410;1425;1435;1446
"K-3122 Marker";"Multi-dwelling building";37;75;75;75;75;75;75;75;75
"K-3124 Aremark";"Detached house";650;651;652;648;647;651;649;650;652
"K-3124 Aremark";"Multi-dwelling building";5;5;5;5;5;5;5;5;5
"K-3201 Bærum";"Detached house";15435;15495;15588;15650;15708;15715;15771;15837;15896
"K-3201 Bærum";"Multi-dwelling building";16516;17047;17514;18344;18803;19178;19704;20092;20210
"K-3203 Asker";"Detached house";20390;20562;20735;20907;21058;21186;21283;21411;21515
"K-3203 Asker";"Multi-dwelling building";6173;6288;6392;6710;6911;7031;7496;7906;8325
"K-3205 Lillestrøm";"Detached house";14048;14135;14215;14270;14332;14136;14195;14282;14328
"K-3205 Lillestrøm";"Multi-dwelling building";7517;7561;7654;8131;8560;8709;9265;10263;11051
"K-3207 Nordre Follo";"Detached house";9493;9537;9564;9594;9634;9731;9711;9728;9750
"K-3207 Nordre Follo";"Multi-dwelling building";5254;5379;5711;5808;5955;6217;6474;6905;7540
"K-3209 Ullensaker";"Detached house";6722;6788;6814;6841;6884;6928;6968;7004;7041
"K-3209 Ullensaker";"Multi-dwelling building";3383;3586;3895;4311;5031;5288;5423;5880;6266
"K-3212 Nesodden";"Detached house";4630;4617;4661;4715;4777;4809;4860;4899;4960
"K-3212 Nesodden";"Multi-dwelling building";410;410;494;571;593;639;746;776;828
"K-3214 Frogn";"Detached house";4041;4089;4132;4173;4215;4247;4278;4323;4353
"K-3214 Frogn";"Multi-dwelling building";1188;1194;1194;1195;1239;1283;1349;1366;1394
"K-3216 Vestby";"Detached house";3898;3968;4041;4120;4204;4252;4317;4382;4500
"K-3216 Vestby";"Multi-dwelling building";832;863;907;923;961;1011;1048;1048;1185
"K-3218 Ås";"Detached house";4220;4253;4310;4374;4440;4437;4477;4514;4562
"K-3218 Ås";"Multi-dwelling building";1773;1858;1879;1360;1452;1481;1485;1600;1745
"K-3220 Enebakk";"Detached house";3100;3103;3104;3109;3119;3130;3136;3147;3184
"K-3220 Enebakk";"Multi-dwelling building";111;145;145;145;173;185;191;195;233
"K-3222 Lørenskog";"Detached house";4978;5012;5019;5064;5089;5113;5138;5155;5193
"K-3222 Lørenskog";"Multi-dwelling building";4897;5358;5349;5915;6574;6832;7617;8439;8669
"K-3224 Rælingen";"Detached house";2945;2987;3027;3058;3085;3128;3178;3236;3262
"K-3224 Rælingen";"Multi-dwelling building";2322;2322;2322;2336;2378;2471;2472;2473;2683
"K-3226 Aurskog-Høland";"Detached house";5893;5926;5952;5986;6026;6058;6088;6122;6135
"K-3226 Aurskog-Høland";"Multi-dwelling building";525;590;684;728;770;866;914;931;941
"K-3228 Nes";"Detached house";6682;6736;6834;6868;6915;7195;7239;7269;7313
"K-3228 Nes";"Multi-dwelling building";661;721;808;832;972;1022;1129;1221;1257
"K-3230 Gjerdrum";"Detached house";1727;1731;1749;1780;1793;1797;1803;1806;1807
"K-3230 Gjerdrum";"Multi-dwelling building";130;130;148;148;148;181;275;366;462
"K-3232 Nittedal";"Detached house";4852;4882;4926;4967;4986;5007;5035;5060;5088
"K-3232 Nittedal";"Multi-dwelling building";1321;1398;1408;1554;1654;1654;1756;1898;2032
"K-3234 Lunner";"Detached house";3123;3153;3166;3175;3168;3170;3180;3189;3192
"K-3234 Lunner";"Multi-dwelling building";60;63;79;117;117;117;117;153;169
"K-3236 Jevnaker";"Detached house";2279;2290;2302;2332;2338;2355;2362;2360;2348
"K-3236 Jevnaker";"Multi-dwelling building";167;189;212;218;232;242;255;286;293
"K-3238 Nannestad";"Detached house";3637;3660;3708;3764;3792;3806;3826;3829;3850
"K-3238 Nannestad";"Multi-dwelling building";235;259;289;338;506;580;754;838;862
"K-3240 Eidsvoll";"Detached house";6976;7038;7092;7123;7151;7195;7209;7245;7280
"K-3240 Eidsvoll";"Multi-dwelling building";1075;1112;1228;1289;1428;1545;1734;1920;2113
"K-3242 Hurdal";"Detached house";1142;1151;1157;1164;1168;1165;1173;1175;1188
"K-3242 Hurdal";"Multi-dwelling building";36;36;36;36;36;36;56;67;78
"K-0301 Oslo - Oslove";"Detached house";26622;26965;27182;27319;27453;27184;27210;27586;27845
"K-0301 Oslo - Oslove";"Multi-dwelling building";235563;238063;239944;240734;244030;248276;247657;249701;251327
"K-3301 Drammen";"Detached house";17106;17189;17273;17350;17448;17515;17637;17717;17858
"K-3301 Drammen";"Multi-dwelling building";12626;12803;13056;13325;13787;13959;14130;14343;14645
"K-3303 Kongsberg";"Detached house";7274;7333;7376;7399;7431;7462;7492;7522;7553
"K-3303 Kongsberg";"Multi-dwelling building";1803;1845;1843;1880;1904;1922;2028;2108;2210
"K-3305 Ringerike";"Detached house";8997;9028;9064;9125;9196;9212;9245;9276;9310
"K-3305 Ringerike";"Multi-dwelling building";1889;1944;2033;2098;2157;2251;2401;2505;2591
"K-3310 Hole";"Detached house";2087;2121;2131;2161;2176;2176;2189;2204;2211
"K-3310 Hole";"Multi-dwelling building";155;155;184;202;202;202;202;200;200
"K-3312 Lier";"Detached house";5787;5821;5849;5920;5982;6019;6055;6099;6125
"K-3312 Lier";"Multi-dwelling building";1787;1835;1879;1879;2006;2120;2171;2254;2325
"K-3314 Øvre Eiker";"Detached house";5720;5753;5789;5821;5831;5884;5935;5992;6022
"K-3314 Øvre Eiker";"Multi-dwelling building";700;730;835;897;941;1028;1065;1088;1229
"K-3316 Modum";"Detached house";4835;4858;4878;4923;4968;5008;5039;5073;5093
"K-3316 Modum";"Multi-dwelling building";343;344;367;371;380;383;410;423;442
"K-3318 Krødsherad";"Detached house";1060;1061;1054;1061;1061;1060;1064;1069;1085
"K-3318 Krødsherad";"Multi-dwelling building";18;18;18;18;6;6;6;6;6
"K-3320 Flå";"Detached house";589;592;600;602;600;602;601;599;609
"K-3320 Flå";"Multi-dwelling building";34;34;34;34;34;34;50;50;50
"K-3322 Nesbyen";"Detached house";1505;1510;1512;1502;1510;1505;1516;1515;1528
"K-3322 Nesbyen";"Multi-dwelling building";42;42;42;54;54;54;55;54;54
"K-3324 Gol";"Detached house";1852;1858;1855;1862;1858;1872;1870;1873;1884
"K-3324 Gol";"Multi-dwelling building";76;76;76;140;155;163;165;188;219
"K-3326 Hemsedal";"Detached house";972;977;979;984;1001;1008;1022;1033;1042
"K-3326 Hemsedal";"Multi-dwelling building";30;30;36;36;43;47;51;51;55
"K-3328 Ål";"Detached house";2072;2073;2076;2088;2090;2091;2099;2102;2117
"K-3328 Ål";"Multi-dwelling building";67;67;45;53;52;52;52;52;68
"K-3330 Hol";"Detached house";2049;2069;2082;2085;2086;2093;2096;2114;2114
"K-3330 Hol";"Multi-dwelling building";26;34;44;44;49;49;51;80;80
"K-3332 Sigdal";"Detached house";1819;1812;1810;1809;1819;1820;1828;1838;1841
"K-3332 Sigdal";"Multi-dwelling building";11;11;11;11;11;11;14;13;13
"K-3334 Flesberg";"Detached house";1106;1104;1107;1112;1124;1130;1139;1147;1157
"K-3334 Flesberg";"Multi-dwelling building";22;22;34;34;34;34;34;34;34
"K-3336 Rollag";"Detached house";705;706;708;717;721;724;726;727;730
"K-3336 Rollag";"Multi-dwelling building";0;0;4;12;16;16;20;20;20
"K-3338 Nore og Uvdal";"Detached house";1362;1366;1370;1360;1361;1353;1363;1372;1376
"K-3338 Nore og Uvdal";"Multi-dwelling building";2;2;3;3;3;3;3;3;3
"K-3401 Kongsvinger";"Detached house";5108;5122;5151;5166;5179;5193;5203;5219;5232
"K-3401 Kongsvinger";"Multi-dwelling building";1661;1660;1660;1710;1710;1746;1766;1841;1853
"K-3403 Hamar";"Detached house";6983;7021;7047;7068;7085;7105;7135;7163;7199
"K-3403 Hamar";"Multi-dwelling building";3903;3980;4142;4215;4316;4413;4531;4531;4627
"K-3405 Lillehammer";"Detached house";6681;6713;6723;6764;6775;6811;6833;6834;6808
"K-3405 Lillehammer";"Multi-dwelling building";2691;2748;2873;2955;3009;3177;3324;3314;3401
"K-3407 Gjøvik";"Detached house";8411;8441;8486;8517;8543;8583;8607;8647;8676
"K-3407 Gjøvik";"Multi-dwelling building";2158;2178;2182;2351;2511;2513;2584;2699;2727
"K-3411 Ringsaker";"Detached house";11825;11869;11920;11995;11999;11997;12026;12035;12047
"K-3411 Ringsaker";"Multi-dwelling building";686;738;815;970;1103;1212;1300;1376;1533
"K-3412 Løten";"Detached house";2851;2864;2888;2911;2933;2927;2922;2923;2942
"K-3412 Løten";"Multi-dwelling building";179;178;178;182;186;198;166;227;246
"K-3413 Stange";"Detached house";6575;6597;6615;6641;6684;6708;6738;6751;6774
"K-3413 Stange";"Multi-dwelling building";673;704;713;765;834;834;824;835;858
"K-3414 Nord-Odal";"Detached house";2261;2260;2274;2283;2297;2303;2310;2313;2327
"K-3414 Nord-Odal";"Multi-dwelling building";47;47;47;74;74;74;84;99;99
"K-3415 Sør-Odal";"Detached house";3189;3203;3218;3229;3245;3238;3245;3261;3271
"K-3415 Sør-Odal";"Multi-dwelling building";102;103;103;107;107;141;159;165;175
"K-3416 Eidskog";"Detached house";2761;2764;2766;2776;2794;2798;2807;2812;2821
"K-3416 Eidskog";"Multi-dwelling building";46;46;46;77;77;77;79;79;85
"K-3417 Grue";"Detached house";2598;2594;2588;2596;2590;2587;2590;2586;2568
"K-3417 Grue";"Multi-dwelling building";24;25;26;33;34;35;39;38;38
"K-3418 Åsnes";"Detached house";3752;3759;3752;3733;3758;3748;3735;3734;3729
"K-3418 Åsnes";"Multi-dwelling building";75;75;79;79;119;119;138;142;136
"K-3419 Våler (Hedmark)";"Detached house";1820;1816;1819;1821;1824;1821;1822;1825;1823
"K-3419 Våler (Hedmark)";"Multi-dwelling building";36;36;36;36;36;36;36;36;36
"K-3420 Elverum";"Detached house";6573;6603;6613;6664;6703;6719;6747;6777;6814
"K-3420 Elverum";"Multi-dwelling building";1350;1398;1641;1692;1762;1833;1841;1850;1876
"K-3421 Trysil";"Detached house";3172;3206;3225;3232;3225;3248;3269;3300;3316
"K-3421 Trysil";"Multi-dwelling building";266;310;334;334;334;358;358;364;365
"K-3422 Åmot";"Detached house";1890;1891;1899;1907;1901;1905;1908;1907;1917
"K-3422 Åmot";"Multi-dwelling building";168;174;174;174;178;179;187;187;187
"K-3423 Stor-Elvdal";"Detached house";1544;1545;1550;1548;1550;1551;1550;1548;1540
"K-3423 Stor-Elvdal";"Multi-dwelling building";4;4;4;4;4;4;4;4;4
"K-3424 Rendalen";"Detached house";1160;1155;1151;1165;1165;1063;1054;1059;1082
"K-3424 Rendalen";"Multi-dwelling building";0;0;0;0;0;0;0;0;0
"K-3425 Engerdal";"Detached house";758;759;762;764;768;773;772;782;789
"K-3425 Engerdal";"Multi-dwelling building";0;0;0;0;0;0;0;0;0
"K-3426 Tolga";"Detached house";701;702;702;702;701;702;702;707;713
"K-3426 Tolga";"Multi-dwelling building";10;10;10;10;16;16;16;16;16
"K-3427 Tynset";"Detached house";2132;2139;2152;2169;2185;2203;2208;2222;2230
"K-3427 Tynset";"Multi-dwelling building";171;171;171;185;185;185;189;203;203
"K-3428 Alvdal";"Detached house";1078;1078;1082;1086;1094;1096;1097;1101;1107
"K-3428 Alvdal";"Multi-dwelling building";13;5;5;5;5;5;4;4;4
"K-3429 Folldal";"Detached house";856;856;859;861;866;870;870;868;806
"K-3429 Folldal";"Multi-dwelling building";0;0;0;0;0;0;0;0;0
"K-3430 Os";"Detached house";854;854;853;853;860;862;866;872;878
"K-3430 Os";"Multi-dwelling building";0;0;0;0;0;0;0;0;0
"K-3431 Dovre";"Detached house";1266;1268;1236;1201;1202;1205;1203;1206;1210
"K-3431 Dovre";"Multi-dwelling building";0;0;0;0;0;0;0;0;0
"K-3432 Lesja";"Detached house";975;976;980;983;990;993;998;988;985
"K-3432 Lesja";"Multi-dwelling building";0;0;0;0;0;0;0;0;0
"K-3433 Skjåk";"Detached house";1122;1126;1131;1142;1149;1150;1147;1150;1152
"K-3433 Skjåk";"Multi-dwelling building";0;0;0;0;0;0;0;0;0
"K-3434 Lom";"Detached house";1038;1051;1065;1066;1072;1073;1072;1077;1080
"K-3434 Lom";"Multi-dwelling building";0;0;0;0;0;0;0;0;0
"K-3435 Vågå";"Detached house";1554;1555;1559;1558;1566;1573;1573;1583;1585
"K-3435 Vågå";"Multi-dwelling building";12;12;12;24;24;24;24;24;24
"K-3436 Nord-Fron";"Detached house";2614;2623;2632;2647;2653;2653;2663;2666;2670
"K-3436 Nord-Fron";"Multi-dwelling building";15;16;16;16;16;16;23;18;21
"K-3437 Sel";"Detached house";2514;2521;2523;2527;2529;2528;2535;2503;2506
"K-3437 Sel";"Multi-dwelling building";52;56;57;61;72;72;63;80;80
"K-3438 Sør-Fron";"Detached house";1454;1458;1464;1463;1461;1467;1468;1476;1489
"K-3438 Sør-Fron";"Multi-dwelling building";2;2;2;2;2;2;2;2;8
"K-3439 Ringebu";"Detached house";2093;2093;2099;2099;2113;2115;2127;2118;2132
"K-3439 Ringebu";"Multi-dwelling building";11;11;11;12;12;19;30;30;30
"K-3440 Øyer";"Detached house";1943;1954;1963;1962;1969;1971;1982;1996;2000
"K-3440 Øyer";"Multi-dwelling building";54;69;91;91;105;105;125;119;132
"K-3441 Gausdal";"Detached house";2610;2624;2633;2639;2644;2652;2658;2673;2694
"K-3441 Gausdal";"Multi-dwelling building";47;48;48;47;53;53;53;68;87
"K-3442 Østre Toten";"Detached house";5831;5844;5852;5875;5895;5903;5910;5917;5932
"K-3442 Østre Toten";"Multi-dwelling building";156;156;156;189;208;220;215;215;233
"K-3443 Vestre Toten";"Detached house";4697;4708;4712;4723;4741;4753;4772;4787;4806
"K-3443 Vestre Toten";"Multi-dwelling building";230;223;231;257;257;253;269;277;277
"K-3446 Gran";"Detached house";5151;5163;5174;5194;5214;5229;5248;5265;5285
"K-3446 Gran";"Multi-dwelling building";231;253;291;291;303;313;330;337;364
"K-3447 Søndre Land";"Detached house";2642;2647;2647;2651;2649;2647;2655;2655;2665
"K-3447 Søndre Land";"Multi-dwelling building";18;24;21;27;26;26;26;35;35
"K-3448 Nordre Land";"Detached house";2964;2975;2985;2989;2983;2986;2990;2993;3003
"K-3448 Nordre Land";"Multi-dwelling building";90;90;90;96;100;100;100;104;104
"K-3449 Sør-Aurdal";"Detached house";1546;1550;1556;1556;1555;1558;1561;1557;1561
"K-3449 Sør-Aurdal";"Multi-dwelling building";11;11;11;16;16;16;26;29;25
"K-3450 Etnedal";"Detached house";753;757;758;759;756;758;770;775;781
"K-3450 Etnedal";"Multi-dwelling building";0;0;0;0;0;0;0;0;0
"K-3451 Nord-Aurdal";"Detached house";2682;2689;2699;2694;2694;2698;2694;2700;2728
"K-3451 Nord-Aurdal";"Multi-dwelling building";175;188;186;197;196;204;204;204;220
"K-3452 Vestre Slidre";"Detached house";944;960;973;974;975;971;976;982;990
"K-3452 Vestre Slidre";"Multi-dwelling building";9;9;9;13;13;13;13;13;13
"K-3453 Øystre Slidre";"Detached house";1399;1399;1406;1425;1430;1428;1448;1453;1472
"K-3453 Øystre Slidre";"Multi-dwelling building";16;16;16;16;16;22;22;22;22
"K-3454 Vang";"Detached house";714;717;730;728;731;735;737;735;739
"K-3454 Vang";"Multi-dwelling building";0;0;0;0;0;0;0;0;5
"K-3901 Horten";"Detached house";6064;6099;6089;6096;6108;6119;6116;6137;6134
"K-3901 Horten";"Multi-dwelling building";2385;2379;2345;2387;2411;2434;2568;2571;2624
"K-3903 Holmestrand";"Detached house";6441;6471;6500;6552;6600;6714;6748;6814;6856
"K-3903 Holmestrand";"Multi-dwelling building";1155;1186;1216;1287;1433;1536;1791;1963;2073
"K-3905 Tønsberg";"Detached house";12086;12149;12887;12984;13061;13028;13060;13128;13195
"K-3905 Tønsberg";"Multi-dwelling building";3439;3636;3938;4200;4617;4821;5032;5339;5514
"K-3907 Sandefjord";"Detached house";14746;14810;14319;14385;14475;14573;14664;14741;14836
"K-3907 Sandefjord";"Multi-dwelling building";4478;4717;4765;4897;5002;5124;5369;5492;5712
"K-3909 Larvik";"Detached house";12627;12683;12716;12737;12773;12796;12831;12870;12934
"K-3909 Larvik";"Multi-dwelling building";2741;2809;2992;3112;3224;3297;3336;3435;3522
"K-3911 Færder";"Detached house";8211;8275;8331;8391;8427;8448;8480;8526;8570
"K-3911 Færder";"Multi-dwelling building";788;838;874;890;894;911;1003;1043;1153
"K-4001 Porsgrunn";"Detached house";8983;9004;9029;9075;9095;9100;9116;9135;9122
"K-4001 Porsgrunn";"Multi-dwelling building";2998;3040;3051;3091;3228;3293;3360;3380;3474
"K-4003 Skien";"Detached house";13902;13935;13991;13996;14069;14120;14176;14216;14244
"K-4003 Skien";"Multi-dwelling building";4722;4798;4843;5014;5079;5159;5229;5366;5654
"K-4005 Notodden";"Detached house";4478;4495;4504;4511;4512;4746;4755;4772;4776
"K-4005 Notodden";"Multi-dwelling building";421;421;421;437;437;431;431;428;433
"K-4010 Siljan";"Detached house";899;901;909;913;921;928;930;934;955
"K-4010 Siljan";"Multi-dwelling building";20;34;34;34;34;34;34;34;34
"K-4012 Bamble";"Detached house";4837;4857;4881;4902;4917;4915;4936;4956;4971
"K-4012 Bamble";"Multi-dwelling building";107;107;107;107;110;120;126;234;242
"K-4014 Kragerø";"Detached house";3904;3911;3922;3929;3924;3926;3930;3945;3948
"K-4014 Kragerø";"Multi-dwelling building";367;367;361;361;364;364;390;394;414
"K-4016 Drangedal";"Detached house";1754;1755;1775;1773;1782;1782;1794;1800;1817
"K-4016 Drangedal";"Multi-dwelling building";22;22;26;26;26;28;31;31;31
"K-4018 Nome";"Detached house";2719;2724;2734;2734;2733;2739;2741;2749;2750
"K-4018 Nome";"Multi-dwelling building";322;321;323;323;263;267;283;283;296
"K-4020 Midt-Telemark";"Detached house";4230;4269;4268;4299;4325;4114;4128;4161;4193
"K-4020 Midt-Telemark";"Multi-dwelling building";306;303;289;299;300;304;594;653;655
"K-4022 Seljord";"Detached house";1425;1440;1443;1446;1447;1445;1446;1446;1447
"K-4022 Seljord";"Multi-dwelling building";30;38;38;38;38;38;42;42;42
"K-4024 Hjartdal";"Detached house";848;851;855;859;860;862;864;867;867
"K-4024 Hjartdal";"Multi-dwelling building";13;13;13;13;13;13;13;13;13
"K-4026 Tinn";"Detached house";2229;2225;2229;2227;2229;2213;2223;2218;2226
"K-4026 Tinn";"Multi-dwelling building";565;564;563;563;563;563;562;562;561
"K-4028 Kviteseid";"Detached house";1276;1286;1289;1291;1294;1295;1299;1307;1316
"K-4028 Kviteseid";"Multi-dwelling building";0;0;0;0;0;0;0;0;0
"K-4030 Nissedal";"Detached house";698;706;715;722;723;725;725;725;735
"K-4030 Nissedal";"Multi-dwelling building";7;7;7;7;7;7;7;7;7
"K-4032 Fyresdal";"Detached house";646;647;653;659;662;662;659;661;660
"K-4032 Fyresdal";"Multi-dwelling building";23;23;23;23;23;23;23;23;23
"K-4034 Tokke";"Detached house";1221;1224;1233;1238;1239;1248;1248;1251;1263
"K-4034 Tokke";"Multi-dwelling building";13;13;13;13;13;13;13;13;14
"K-4036 Vinje";"Detached house";1887;1889;1903;1915;1922;1933;1950;1931;1951
"K-4036 Vinje";"Multi-dwelling building";30;30;30;30;30;45;45;37;37
"K-4201 Risør";"Detached house";2634;2639;2656;2662;2680;2689;2695;2700;2713
"K-4201 Risør";"Multi-dwelling building";222;222;228;240;327;356;369;378;393
"K-4202 Grimstad";"Detached house";7305;7377;7451;7487;7532;7573;7632;7700;7768
"K-4202 Grimstad";"Multi-dwelling building";1022;1072;1122;1297;1351;1415;1427;1446;1534
"K-4203 Arendal";"Detached house";14328;14355;14378;14376;14403;14434;14440;14480;14547
"K-4203 Arendal";"Multi-dwelling building";1933;1985;2113;2203;2246;2383;2519;2678;2747
"K-4204 Kristiansand";"Detached house";20265;20347;20493;20680;20826;21027;21186;21465;21762
"K-4204 Kristiansand";"Multi-dwelling building";10945;11408;11822;12290;12818;13115;13713;14168;14470
"K-4205 Lindesnes";"Detached house";7705;7740;7767;7793;7817;7845;7845;7863;7911
"K-4205 Lindesnes";"Multi-dwelling building";565;631;677;720;720;745;737;792;788
"K-4206 Farsund";"Detached house";3664;3701;3719;3712;3780;3801;3820;3837;3875
"K-4206 Farsund";"Multi-dwelling building";252;252;284;297;304;332;331;332;338
"K-4207 Flekkefjord";"Detached house";3468;3432;3238;3256;3260;3263;3270;3286;3354
"K-4207 Flekkefjord";"Multi-dwelling building";251;273;289;295;318;318;317;335;347
"K-4211 Gjerstad";"Detached house";1054;1063;1066;1067;1068;1068;1071;1072;1075
"K-4211 Gjerstad";"Multi-dwelling building";0;0;0;0;0;0;0;0;4
"K-4212 Vegårshei";"Detached house";813;816;830;832;843;846;849;856;861
"K-4212 Vegårshei";"Multi-dwelling building";6;6;6;6;6;6;6;6;6
"K-4213 Tvedestrand";"Detached house";2572;2595;2609;2647;2659;2672;2694;2714;2753
"K-4213 Tvedestrand";"Multi-dwelling building";132;132;133;133;153;153;163;174;174
"K-4214 Froland";"Detached house";2131;2150;2174;2187;2200;2212;2219;2232;2247
"K-4214 Froland";"Multi-dwelling building";111;104;135;140;140;166;166;174;176
"K-4215 Lillesand";"Detached house";3416;3459;3487;3519;3543;3572;3584;3606;3624
"K-4215 Lillesand";"Multi-dwelling building";261;309;364;432;470;470;470;491;490
"K-4216 Birkenes";"Detached house";1724;1753;1763;1770;1767;1779;1764;1777;1787
"K-4216 Birkenes";"Multi-dwelling building";128;128;128;128;156;156;156;156;162
"K-4217 Åmli";"Detached house";951;955;952;955;960;958;959;960;959
"K-4217 Åmli";"Multi-dwelling building";0;0;0;0;6;6;9;9;9
"K-4218 Iveland";"Detached house";504;505;504;503;510;510;511;514;516
"K-4218 Iveland";"Multi-dwelling building";5;11;19;19;19;23;23;23;23
"K-4219 Evje og Hornnes";"Detached house";1313;1320;1327;1338;1354;1365;1372;1375;1385
"K-4219 Evje og Hornnes";"Multi-dwelling building";65;71;71;79;79;79;79;79;79
"K-4220 Bygland";"Detached house";628;629;638;638;639;641;646;645;654
"K-4220 Bygland";"Multi-dwelling building";17;17;17;20;21;21;21;27;27
"K-4221 Valle";"Detached house";605;607;613;613;610;611;614;616;628
"K-4221 Valle";"Multi-dwelling building";0;0;0;0;0;0;0;0;0
"K-4222 Bykle";"Detached house";413;414;420;424;428;426;424;424;452
"K-4222 Bykle";"Multi-dwelling building";0;4;4;4;14;4;4;4;4
"K-4223 Vennesla";"Detached house";3992;4027;4057;4081;4101;4115;4141;4152;4169
"K-4223 Vennesla";"Multi-dwelling building";545;563;590;641;666;709;760;760;811
"K-4224 Åseral";"Detached house";433;439;444;445;446;447;450;452;454
"K-4224 Åseral";"Multi-dwelling building";0;0;0;0;0;0;0;0;0
"K-4225 Lyngdal";"Detached house";3489;3516;3543;3570;3593;3601;3630;3656;3683
"K-4225 Lyngdal";"Multi-dwelling building";208;224;230;230;260;260;261;262;262
"K-4226 Hægebostad";"Detached house";716;727;731;739;741;745;748;755;772
"K-4226 Hægebostad";"Multi-dwelling building";7;7;7;7;7;15;15;15;15
"K-4227 Kvinesdal";"Detached house";2575;2581;2593;2585;2571;2576;2584;2588;2606
"K-4227 Kvinesdal";"Multi-dwelling building";92;100;112;123;131;131;131;142;142
"K-4228 Sirdal";"Detached house";854;860;868;862;863;859;860;869;882
"K-4228 Sirdal";"Multi-dwelling building";133;21;21;25;25;25;25;25;35
"K-1101 Eigersund";"Detached house";4826;4860;4904;4927;4938;4974;5005;5024;5050
"K-1101 Eigersund";"Multi-dwelling building";270;270;283;290;290;307;307;314;320
"K-1103 Stavanger";"Detached house";23522;23581;23620;23615;23713;23828;23919;23972;24023
"K-1103 Stavanger";"Multi-dwelling building";16271;16829;17090;17097;17330;17654;17827;18182;18661
"K-1106 Haugesund";"Detached house";7849;7916;7961;7992;8033;8049;8076;8082;8092
"K-1106 Haugesund";"Multi-dwelling building";3294;3444;3511;3599;3673;3777;3905;3983;4096
"K-1108 Sandnes";"Detached house";16252;16372;16455;16551;16664;16698;16786;16921;17033
"K-1108 Sandnes";"Multi-dwelling building";5693;5978;6108;6238;6349;6494;6629;6838;7135
"K-1111 Sokndal";"Detached house";1620;1624;1627;1634;1628;1626;1633;1640;1645
"K-1111 Sokndal";"Multi-dwelling building";40;40;40;40;40;40;40;41;41
"K-1112 Lund";"Detached house";1294;1289;1284;1281;1282;1276;1289;1291;1303
"K-1112 Lund";"Multi-dwelling building";16;16;33;37;28;28;28;28;28
"K-1114 Bjerkreim";"Detached house";1039;1045;1054;1060;1065;1070;1076;1078;1082
"K-1114 Bjerkreim";"Multi-dwelling building";42;42;42;54;54;54;54;54;60
"K-1119 Hå";"Detached house";5196;5281;5321;5359;5379;5394;5413;5422;5449
"K-1119 Hå";"Multi-dwelling building";837;939;965;1032;1017;1036;1054;1085;1146
"K-1120 Klepp";"Detached house";4919;4953;4977;5001;5033;5058;5097;5127;5150
"K-1120 Klepp";"Multi-dwelling building";825;1006;1060;1111;1177;1224;1236;1244;1342
"K-1121 Time";"Detached house";4532;4571;4591;4628;4663;4695;4698;4727;4766
"K-1121 Time";"Multi-dwelling building";1335;1335;1373;1419;1450;1485;1491;1498;1578
"K-1122 Gjesdal";"Detached house";3244;3264;3286;3301;3322;3339;3355;3372;3381
"K-1122 Gjesdal";"Multi-dwelling building";451;467;467;505;505;512;512;512;512
"K-1124 Sola";"Detached house";6811;6878;6920;6939;6967;6991;7008;7052;7104
"K-1124 Sola";"Multi-dwelling building";1720;1826;1908;2004;2128;2201;2275;2302;2421
"K-1127 Randaberg";"Detached house";2902;2915;2918;2910;2918;2922;2929;2936;2945
"K-1127 Randaberg";"Multi-dwelling building";637;669;681;699;756;852;907;946;946
"K-1130 Strand";"Detached house";4113;4148;4168;4193;4217;4286;4313;4339;4348
"K-1130 Strand";"Multi-dwelling building";185;214;233;274;274;300;335;343;392
"K-1133 Hjelmeland";"Detached house";1228;1234;1237;1251;1264;1241;1273;1289;1313
"K-1133 Hjelmeland";"Multi-dwelling building";5;5;5;5;5;5;12;12;12
"K-1134 Suldal";"Detached house";1853;1874;1885;1888;1895;1902;1913;1917;1923
"K-1134 Suldal";"Multi-dwelling building";52;58;58;58;66;66;66;66;66
"K-1135 Sauda";"Detached house";1799;1800;1801;1801;1805;1809;1814;1815;1814
"K-1135 Sauda";"Multi-dwelling building";49;54;54;62;62;62;62;68;68
"K-1144 Kvitsøy";"Detached house";241;245;247;248;249;251;252;254;228
"K-1144 Kvitsøy";"Multi-dwelling building";0;0;0;0;0;0;0;0;0
"K-1145 Bokn";"Detached house";353;357;359;360;361;368;377;384;385
"K-1145 Bokn";"Multi-dwelling building";0;0;0;4;4;4;4;4;4
"K-1146 Tysvær";"Detached house";3862;3899;3941;3966;3983;4006;4035;4061;4099
"K-1146 Tysvær";"Multi-dwelling building";129;141;141;160;176;184;185;184;187
"K-1149 Karmøy";"Detached house";14607;14696;14766;14819;14885;14967;15011;15070;15117
"K-1149 Karmøy";"Multi-dwelling building";819;878;903;912;905;906;913;958;1019
"K-1151 Utsira";"Detached house";93;92;98;99;98;97;98;98;99
"K-1151 Utsira";"Multi-dwelling building";0;0;0;0;0;0;0;0;0
"K-1160 Vindafjord";"Detached house";3692;3704;3747;3776;3804;3808;3826;3850;3876
"K-1160 Vindafjord";"Multi-dwelling building";29;30;30;37;43;43;43;48;54
"K-4601 Bergen";"Detached house";35157;35399;35544;35733;35815;35901;36008;36105;36176
"K-4601 Bergen";"Multi-dwelling building";59455;60486;61457;62079;63343;64323;65452;66644;67644
"K-4602 Kinn";"Detached house";5681;5721;5738;5739;5750;5534;5619;5618;5643
"K-4602 Kinn";"Multi-dwelling building";428;476;500;546;552;565;563;633;650
"K-4611 Etne";"Detached house";1809;1814;1764;1775;1779;1795;1815;1830;1838
"K-4611 Etne";"Multi-dwelling building";53;55;59;59;59;59;59;59;59
"K-4612 Sveio";"Detached house";2277;2315;2351;2377;2391;2403;2417;2441;2465
"K-4612 Sveio";"Multi-dwelling building";6;6;9;17;25;25;25;25;25
"K-4613 Bømlo";"Detached house";4523;4569;4607;4645;4682;4696;4711;4730;4765
"K-4613 Bømlo";"Multi-dwelling building";12;39;61;73;73;79;79;91;99
"K-4614 Stord";"Detached house";5705;5737;5769;5797;5820;5850;5879;5901;5924
"K-4614 Stord";"Multi-dwelling building";1413;1420;1308;1326;1423;1469;1485;1452;1406
"K-4615 Fitjar";"Detached house";1195;1210;1229;1238;1245;1261;1270;1277;1284
"K-4615 Fitjar";"Multi-dwelling building";22;31;31;31;39;39;39;39;39
"K-4616 Tysnes";"Detached house";1461;1478;1498;1510;1515;1528;1539;1542;1569
"K-4616 Tysnes";"Multi-dwelling building";51;51;57;78;82;86;86;93;50
"K-4617 Kvinnherad";"Detached house";5031;5059;5094;5098;5117;5128;5140;5164;5186
"K-4617 Kvinnherad";"Multi-dwelling building";171;176;208;207;217;221;221;223;267
"K-4618 Ullensvang";"Detached house";3764;3770;3773;3784;3806;3762;3769;3772;3786
"K-4618 Ullensvang";"Multi-dwelling building";797;797;820;821;807;807;813;813;823
"K-4619 Eidfjord";"Detached house";515;520;518;517;516;519;519;531;537
"K-4619 Eidfjord";"Multi-dwelling building";13;13;10;10;10;10;10;10;10
"K-4620 Ulvik";"Detached house";524;529;529;529;530;529;529;531;530
"K-4620 Ulvik";"Multi-dwelling building";51;51;51;51;48;48;48;48;48
"K-4621 Voss";"Detached house";5510;5541;5579;5602;5622;5699;5720;5739;5758
"K-4621 Voss";"Multi-dwelling building";815;825;962;1054;1082;1123;1137;1172;1182
"K-4622 Kvam";"Detached house";3193;3206;3213;3213;3225;3233;3237;3257;3266
"K-4622 Kvam";"Multi-dwelling building";143;144;143;191;191;208;277;300;309
"K-4623 Samnanger";"Detached house";1002;1007;1013;1019;1029;1026;1031;1030;1033
"K-4623 Samnanger";"Multi-dwelling building";40;40;46;46;52;52;52;52;52
"K-4624 Bjørnafjorden";"Detached house";6990;7123;7212;7274;7414;7455;7519;7575;7624
"K-4624 Bjørnafjorden";"Multi-dwelling building";512;615;739;769;819;869;917;958;1093
"K-4625 Austevoll";"Detached house";2001;2024;2042;2075;2094;2115;2132;2155;2180
"K-4625 Austevoll";"Multi-dwelling building";56;56;68;68;98;119;119;119;119
"K-4626 Øygarden";"Detached house";10998;11189;11339;11476;11566;11611;11653;11689;11779
"K-4626 Øygarden";"Multi-dwelling building";506;554;689;824;1084;1129;1148;1292;1360
"K-4627 Askøy";"Detached house";7677;7743;7820;7860;7963;8006;8040;8058;8080
"K-4627 Askøy";"Multi-dwelling building";589;620;672;688;720;744;756;770;808
"K-4628 Vaksdal";"Detached house";1401;1401;1403;1412;1411;1411;1411;1410;1417
"K-4628 Vaksdal";"Multi-dwelling building";189;190;190;190;184;184;185;185;187
"K-4629 Modalen";"Detached house";164;164;166;167;169;171;155;160;161
"K-4629 Modalen";"Multi-dwelling building";0;0;0;0;0;0;0;0;0
"K-4630 Osterøy";"Detached house";2896;2907;2922;2925;2937;2941;2963;2976;2994
"K-4630 Osterøy";"Multi-dwelling building";83;101;112;112;112;112;112;113;142
"K-4631 Alver";"Detached house";9189;9268;9333;9382;9435;9487;9500;9543;9562
"K-4631 Alver";"Multi-dwelling building";560;586;664;742;792;898;948;1044;1124
"K-4632 Austrheim";"Detached house";1219;1226;1230;1236;1241;1250;1254;1248;1253
"K-4632 Austrheim";"Multi-dwelling building";42;42;42;11;11;11;11;11;11
"K-4633 Fedje";"Detached house";281;282;284;283;286;288;290;292;294
"K-4633 Fedje";"Multi-dwelling building";0;0;0;0;0;0;0;0;0
"K-4634 Masfjorden";"Detached house";792;797;799;811;812;822;829;834;840
"K-4634 Masfjorden";"Multi-dwelling building";2;2;2;2;2;2;2;2;2
"K-4635 Gulen";"Detached house";988;992;1012;1027;1044;1044;1055;1067;1072
"K-4635 Gulen";"Multi-dwelling building";6;6;6;10;15;15;19;19;19
"K-4636 Solund";"Detached house";395;398;411;408;412;397;389;391;386
"K-4636 Solund";"Multi-dwelling building";0;0;0;0;0;0;0;0;0
"K-4637 Hyllestad";"Detached house";741;743;745;745;744;739;744;751;754
"K-4637 Hyllestad";"Multi-dwelling building";0;0;0;0;0;0;0;0;0
"K-4638 Høyanger";"Detached house";1600;1601;1612;1612;1611;1695;1685;1689;1690
"K-4638 Høyanger";"Multi-dwelling building";112;112;112;112;112;112;112;112;112
"K-4639 Vik";"Detached house";1327;1331;1338;1339;1331;1325;1278;1277;1282
"K-4639 Vik";"Multi-dwelling building";54;54;54;57;56;56;56;56;56
"K-4640 Sogndal";"Detached house";4261;4264;4284;4283;4201;4127;4117;4125;4136
"K-4640 Sogndal";"Multi-dwelling building";204;213;223;227;298;316;332;338;418
"K-4641 Aurland";"Detached house";854;848;853;855;849;852;834;831;832
"K-4641 Aurland";"Multi-dwelling building";2;24;24;24;24;56;56;64;72
"K-4642 Lærdal";"Detached house";1056;1061;1066;1067;1072;1074;1073;1073;1076
"K-4642 Lærdal";"Multi-dwelling building";2;2;2;2;2;16;16;16;16
"K-4643 Årdal";"Detached house";1368;1368;1368;1378;1381;1381;1380;1382;1383
"K-4643 Årdal";"Multi-dwelling building";550;550;550;550;550;550;550;546;546
"K-4644 Luster";"Detached house";2403;2416;2421;2407;2397;2377;2291;2287;2332
"K-4644 Luster";"Multi-dwelling building";24;38;63;68;85;99;107;115;116
"K-4645 Askvoll";"Detached house";1388;1399;1410;1413;1416;1423;1432;1433;1434
"K-4645 Askvoll";"Multi-dwelling building";17;17;17;17;17;17;17;17;17
"K-4646 Fjaler";"Detached house";1247;1248;1269;1266;1271;1275;1285;1287;1293
"K-4646 Fjaler";"Multi-dwelling building";23;23;18;23;29;30;30;30;30
"K-4647 Sunnfjord";"Detached house";6616;6651;6696;6763;6781;6795;6757;6788;6795
"K-4647 Sunnfjord";"Multi-dwelling building";881;895;902;970;1003;1010;1087;1140;1181
"K-4648 Bremanger";"Detached house";1713;1705;1691;1687;1691;1680;1678;1684;1691
"K-4648 Bremanger";"Multi-dwelling building";40;40;51;57;61;61;57;58;79
"K-4649 Stad";"Detached house";3189;3212;3244;3269;3284;3538;3560;3583;3606
"K-4649 Stad";"Multi-dwelling building";222;228;245;275;287;286;318;328;373
"K-4650 Gloppen";"Detached house";2130;2144;2163;2172;2186;2201;2221;2238;2242
"K-4650 Gloppen";"Multi-dwelling building";24;24;25;49;61;61;65;65;72
"K-4651 Stryn";"Detached house";2720;2734;2743;2753;2775;2782;2792;2806;2831
"K-4651 Stryn";"Multi-dwelling building";95;107;107;124;117;117;116;117;117
"K-1505 Kristiansund";"Detached house";4664;4694;4715;4728;4753;4760;4772;4784;4825
"K-1505 Kristiansund";"Multi-dwelling building";1547;1571;1588;1588;1661;1616;1615;1626;1659
"K-1506 Molde";"Detached house";7680;7710;7741;7760;7801;7815;7835;7864;7909
"K-1506 Molde";"Multi-dwelling building";2494;2612;2660;2682;2819;2858;2942;2956;2975
"K-1508 Ålesund";"Detached house";12056;12143;12215;12294;12358;15823;15886;15935;16005
"K-1508 Ålesund";"Multi-dwelling building";5828;5857;5946;6017;6101;6482;6671;6775;6969
"K-1511 Vanylven";"Detached house";1699;1705;1708;1716;1720;1725;1710;1709;1710
"K-1511 Vanylven";"Multi-dwelling building";4;4;4;4;4;4;4;4;4
"K-1514 Sande";"Detached house";1171;1173;1175;1170;1169;1160;1153;1150;1143
"K-1514 Sande";"Multi-dwelling building";15;15;27;27;27;27;27;27;27
"K-1515 Herøy (Møre og Romsdal)";"Detached house";3230;3253;3269;3277;3270;3289;3298;3310;3315
"K-1515 Herøy (Møre og Romsdal)";"Multi-dwelling building";47;55;83;80;87;108;108;116;117
"K-1516 Ulstein";"Detached house";2385;2409;2429;2440;2460;2477;2499;2509;2517
"K-1516 Ulstein";"Multi-dwelling building";212;253;253;253;280;280;343;343;343
"K-1517 Hareid";"Detached house";1733;1738;1741;1744;1747;1752;1757;1760;1766
"K-1517 Hareid";"Multi-dwelling building";105;115;120;120;125;125;125;125;125
"K-1520 Ørsta";"Detached house";3427;3429;3443;3462;3462;3381;3396;3412;3416
"K-1520 Ørsta";"Multi-dwelling building";131;131;147;174;174;180;186;194;204
"K-1525 Stranda";"Detached house";1750;1758;1756;1761;1772;1780;1782;1784;1790
"K-1525 Stranda";"Multi-dwelling building";89;97;108;108;109;109;117;117;166
"K-1528 Sykkylven";"Detached house";2635;2641;2648;2654;2654;2659;2670;2676;2688
"K-1528 Sykkylven";"Multi-dwelling building";128;129;129;129;136;136;136;142;142
"K-1531 Sula";"Detached house";2386;2417;2437;2460;2474;2650;2627;2634;2652
"K-1531 Sula";"Multi-dwelling building";125;133;151;165;177;193;194;202;202
"K-1532 Giske";"Detached house";2353;2382;2399;2419;2440;2459;2472;2496;2504
"K-1532 Giske";"Multi-dwelling building";60;60;65;87;87;107;107;107;107
"K-1535 Vestnes";"Detached house";2572;2584;2587;2603;2611;2621;2813;2818;2824
"K-1535 Vestnes";"Multi-dwelling building";244;259;259;259;259;260;260;260;260
"K-1539 Rauma";"Detached house";2570;2586;2586;2586;2601;2605;2435;2437;2444
"K-1539 Rauma";"Multi-dwelling building";107;107;119;134;134;134;143;144;131
"K-1547 Aukra";"Detached house";1216;1230;1240;1253;1257;1277;1287;1294;1303
"K-1547 Aukra";"Multi-dwelling building";0;0;0;0;0;0;0;0;0
"K-1554 Averøy";"Detached house";2381;2399;2416;2435;2452;2460;2452;2441;2447
"K-1554 Averøy";"Multi-dwelling building";57;57;57;57;57;57;57;58;58
"K-1557 Gjemnes";"Detached house";1069;1073;1068;1078;1074;1081;1086;1092;1091
"K-1557 Gjemnes";"Multi-dwelling building";8;16;16;16;16;16;16;16;16
"K-1560 Tingvoll";"Detached house";1288;1292;1306;1318;1325;1328;1333;1342;1347
"K-1560 Tingvoll";"Multi-dwelling building";12;12;12;12;12;12;12;12;12
"K-1563 Sunndal";"Detached house";2019;2015;2018;2022;2031;2038;2041;2037;2029
"K-1563 Sunndal";"Multi-dwelling building";606;606;606;606;606;606;606;614;612
"K-1566 Surnadal";"Detached house";2315;2325;2335;2308;2317;2318;2331;2335;2350
"K-1566 Surnadal";"Multi-dwelling building";103;103;107;136;138;142;143;157;157
"K-1573 Smøla";"Detached house";1010;1024;1024;1025;1040;1051;1063;1060;1066
"K-1573 Smøla";"Multi-dwelling building";8;11;11;11;11;11;11;23;11
"K-1576 Aure";"Detached house";1542;1554;1554;1569;1580;1591;1596;1606;1619
"K-1576 Aure";"Multi-dwelling building";0;0;14;25;33;23;30;30;30
"K-1577 Volda";"Detached house";3398;3415;3424;3422;3428;3527;3547;3559;3569
"K-1577 Volda";"Multi-dwelling building";206;211;206;237;238;253;253;263;263
"K-1578 Fjord";"Detached house";1089;1086;1092;1096;1101;1100;1093;1099;1102
"K-1578 Fjord";"Multi-dwelling building";30;30;38;38;38;38;38;38;38
"K-1579 Hustadvika";"Detached house";4878;4903;4940;4961;4984;5008;5030;5048;5063
"K-1579 Hustadvika";"Multi-dwelling building";36;36;44;44;44;44;44;59;59
"K-1580 Haram";"Detached house";3310;3336;3353;3386;3400;0;0;0;0
"K-1580 Haram";"Multi-dwelling building";172;172;183;184;194;0;0;0;0
"K-5001 Trondheim - Tråante";"Detached house";24019;24212;24447;24604;24722;24858;24967;25036;24564
"K-5001 Trondheim - Tråante";"Multi-dwelling building";38154;39311;40607;41894;43506;44686;45762;46949;48239
"K-5006 Steinkjer - Stïentje";"Detached house";7375;7412;7482;7425;7462;7429;7455;7479;7532
"K-5006 Steinkjer - Stïentje";"Multi-dwelling building";1668;1768;1797;1801;1874;1897;1920;1944;1964
"K-5007 Namsos - Nåavmesjenjaelmie";"Detached house";4595;4609;4641;4663;4672;4723;4719;4730;4717
"K-5007 Namsos - Nåavmesjenjaelmie";"Multi-dwelling building";481;506;572;611;646;654;682;684;701
"K-5014 Frøya";"Detached house";1844;1901;1939;1965;1987;1990;2018;2045;2050
"K-5014 Frøya";"Multi-dwelling building";75;89;89;89;89;83;83;83;97
"K-5020 Osen";"Detached house";586;596;603;600;601;600;600;602;605
"K-5020 Osen";"Multi-dwelling building";0;0;6;6;10;14;20;20;20
"K-5021 Oppdal";"Detached house";2450;2461;2492;2521;2526;2556;2568;2577;2599
"K-5021 Oppdal";"Multi-dwelling building";190;215;217;221;213;221;225;238;279
"K-5022 Rennebu";"Detached house";1073;1085;1089;1097;1098;1094;1107;1108;1110
"K-5022 Rennebu";"Multi-dwelling building";15;15;5;5;5;5;5;5;5
"K-5025 Røros - Rosse";"Detached house";2127;2138;2175;2183;2164;2177;2187;2204;2211
"K-5025 Røros - Rosse";"Multi-dwelling building";0;12;12;22;34;34;34;34;34
"K-5026 Holtålen";"Detached house";1102;1101;1108;1114;1115;1115;1116;1122;1125
"K-5026 Holtålen";"Multi-dwelling building";28;28;20;28;28;28;38;43;47
"K-5027 Midtre Gauldal";"Detached house";2381;2343;2352;2360;2355;2375;2382;2381;2384
"K-5027 Midtre Gauldal";"Multi-dwelling building";95;98;106;106;112;127;127;127;133
"K-5028 Melhus";"Detached house";4853;4873;4899;4916;4938;4960;4993;5021;5005
"K-5028 Melhus";"Multi-dwelling building";338;378;378;544;583;629;699;736;757
"K-5029 Skaun";"Detached house";2379;2388;2404;2428;2436;2449;2456;2465;2472
"K-5029 Skaun";"Multi-dwelling building";95;95;160;160;160;159;169;181;219
"K-5031 Malvik";"Detached house";3879;3918;3946;3988;4015;4040;4065;4088;4101
"K-5031 Malvik";"Multi-dwelling building";527;533;597;598;649;683;692;733;822
"K-5032 Selbu";"Detached house";1825;1833;1842;1843;1851;1848;1850;1855;1859
"K-5032 Selbu";"Multi-dwelling building";14;14;22;22;22;22;22;22;22
"K-5033 Tydal";"Detached house";399;406;420;424;406;404;406;409;415
"K-5033 Tydal";"Multi-dwelling building";0;0;0;0;0;0;0;0;0
"K-5034 Meråker";"Detached house";1146;1144;1150;1155;1154;1161;1161;1163;1157
"K-5034 Meråker";"Multi-dwelling building";17;17;18;18;18;18;18;18;18
"K-5035 Stjørdal";"Detached house";6176;6221;6279;6326;6354;6372;6408;6435;6443
"K-5035 Stjørdal";"Multi-dwelling building";1276;1324;1433;1485;1511;1533;1571;1629;1751
"K-5036 Frosta";"Detached house";1150;1156;1164;1156;1163;1168;1178;1197;1205
"K-5036 Frosta";"Multi-dwelling building";21;21;21;21;21;21;31;41;41
"K-5037 Levanger - Levangke";"Detached house";5887;5951;6014;6049;6068;6115;6151;6168;6191
"K-5037 Levanger - Levangke";"Multi-dwelling building";1042;1117;1182;1260;1297;1339;1383;1460;1494
"K-5038 Verdal";"Detached house";4259;4282;4314;4350;4364;4385;4415;4445;4480
"K-5038 Verdal";"Multi-dwelling building";950;1017;1032;1100;1151;1196;1258;1321;1370
"K-5041 Snåase - Snåsa";"Detached house";943;943;947;938;937;936;935;940;938
"K-5041 Snåase - Snåsa";"Multi-dwelling building";1;1;1;5;31;30;30;30;33
"K-5042 Lierne";"Detached house";682;687;690;692;697;697;693;698;703
"K-5042 Lierne";"Multi-dwelling building";10;10;10;10;10;10;10;10;10
"K-5043 Raarvihke - Røyrvik";"Detached house";229;228;226;227;225;225;225;224;226
"K-5043 Raarvihke - Røyrvik";"Multi-dwelling building";0;0;0;0;0;0;0;5;5
"K-5044 Namsskogan";"Detached house";445;427;427;428;432;432;425;427;426
"K-5044 Namsskogan";"Multi-dwelling building";0;0;0;1;1;1;0;0;0
"K-5045 Grong";"Detached house";999;979;989;989;990;994;995;991;993
"K-5045 Grong";"Multi-dwelling building";41;41;42;48;49;48;57;57;57
"K-5046 Høylandet";"Detached house";489;489;491;488;493;493;494;494;496
"K-5046 Høylandet";"Multi-dwelling building";8;12;12;12;12;12;8;12;12
"K-5047 Overhalla";"Detached house";1309;1316;1328;1328;1337;1347;1357;1341;1348
"K-5047 Overhalla";"Multi-dwelling building";50;55;55;55;55;67;70;70;76
"K-5049 Flatanger";"Detached house";498;502;499;496;499;499;504;507;513
"K-5049 Flatanger";"Multi-dwelling building";0;0;0;6;16;16;28;28;28
"K-5052 Leka";"Detached house";354;354;356;357;358;403;402;399;399
"K-5052 Leka";"Multi-dwelling building";0;0;0;0;0;0;0;0;0
"K-5053 Inderøy";"Detached house";2698;2721;2744;2759;2772;2792;2804;2818;2817
"K-5053 Inderøy";"Multi-dwelling building";98;108;130;133;176;177;200;215;225
"K-5054 Indre Fosen";"Detached house";3989;4017;4031;4052;4068;4133;4137;4138;4134
"K-5054 Indre Fosen";"Multi-dwelling building";101;101;106;120;129;143;143;143;161
"K-5055 Heim";"Detached house";0;0;0;0;0;2404;2398;2399;2401
"K-5055 Heim";"Multi-dwelling building";0;0;0;0;0;101;105;104;110
"K-5056 Hitra";"Detached house";0;0;0;0;0;2260;2284;2306;2317
"K-5056 Hitra";"Multi-dwelling building";0;0;0;0;0;204;222;221;248
"K-5057 Ørland";"Detached house";3960;4001;4059;4126;4167;4183;4200;4159;4164
"K-5057 Ørland";"Multi-dwelling building";72;81;85;95;213;216;216;215;219
"K-5058 Åfjord";"Detached house";1848;1859;1863;1865;1884;1895;1915;1929;1934
"K-5058 Åfjord";"Multi-dwelling building";8;10;33;39;40;40;40;49;57
"K-5059 Orkland";"Detached house";0;0;0;0;0;6074;6112;6153;6195
"K-5059 Orkland";"Multi-dwelling building";0;0;0;0;0;723;755;780;813
"K-5060 Nærøysund";"Detached house";3550;3596;3574;3590;3598;3572;3593;3608;3642
"K-5060 Nærøysund";"Multi-dwelling building";144;178;214;228;260;284;284;341;354
"K-5061 Rindal";"Detached house";733;721;729;732;738;745;751;760;762
"K-5061 Rindal";"Multi-dwelling building";6;6;6;6;6;7;6;6;6
"K-1804 Bodø";"Detached house";9588;9662;9704;9771;9843;9890;9933;9986;10059
"K-1804 Bodø";"Multi-dwelling building";5995;6180;6305;6498;6721;7019;7171;7236;7396
"K-1806 Narvik";"Detached house";0;0;0;0;0;6210;6192;6187;6076
"K-1806 Narvik";"Multi-dwelling building";0;0;0;0;0;1761;1774;1788;1798
"K-1811 Bindal";"Detached house";806;808;804;783;781;780;783;780;780
"K-1811 Bindal";"Multi-dwelling building";0;0;0;0;4;4;4;4;4
"K-1812 Sømna";"Detached house";843;844;850;869;867;869;879;877;885
"K-1812 Sømna";"Multi-dwelling building";0;0;0;0;0;0;0;0;0
"K-1813 Brønnøy";"Detached house";2737;2748;2767;2783;2786;2790;2794;2796;2800
"K-1813 Brønnøy";"Multi-dwelling building";108;119;147;188;188;188;192;211;211
"K-1815 Vega";"Detached house";600;603;610;621;628;634;645;645;653
"K-1815 Vega";"Multi-dwelling building";0;2;2;2;2;2;2;2;2
"K-1816 Vevelstad";"Detached house";262;263;264;265;266;266;263;267;266
"K-1816 Vevelstad";"Multi-dwelling building";3;3;3;3;3;3;3;3;3
"K-1818 Herøy (Nordland)";"Detached house";722;723;735;737;736;741;740;742;751
"K-1818 Herøy (Nordland)";"Multi-dwelling building";52;52;44;44;42;44;42;42;42
"K-1820 Alstahaug";"Detached house";2409;2414;2426;2435;2445;2437;2441;2446;2453
"K-1820 Alstahaug";"Multi-dwelling building";20;19;19;19;19;19;19;34;34
"K-1822 Leirfjord";"Detached house";987;991;999;1012;1015;1018;1022;1029;1039
"K-1822 Leirfjord";"Multi-dwelling building";16;20;20;26;32;32;32;32;32
"K-1824 Vefsn";"Detached house";4152;4153;4097;4116;4131;4133;4133;4123;4129
"K-1824 Vefsn";"Multi-dwelling building";677;677;701;701;753;768;782;796;796
"K-1825 Grane";"Detached house";677;687;686;685;686;682;684;682;682
"K-1825 Grane";"Multi-dwelling building";13;13;13;15;15;15;30;30;30
"K-1826 Aarborte - Hattfjelldal";"Detached house";611;610;609;619;653;655;647;647;648
"K-1826 Aarborte - Hattfjelldal";"Multi-dwelling building";0;0;0;0;0;0;0;0;0
"K-1827 Dønna";"Detached house";902;914;918;901;900;901;903;904;902
"K-1827 Dønna";"Multi-dwelling building";5;1;1;0;0;0;8;8;8
"K-1828 Nesna";"Detached house";752;754;758;758;750;745;739;737;733
"K-1828 Nesna";"Multi-dwelling building";261;264;265;265;265;265;265;265;266
"K-1832 Hemnes";"Detached house";1884;1890;1893;1896;1880;1878;1885;1892;1900
"K-1832 Hemnes";"Multi-dwelling building";32;32;45;46;50;46;45;55;60
"K-1833 Rana - Raane";"Detached house";6856;6882;6882;6893;6904;6904;6900;6902;6885
"K-1833 Rana - Raane";"Multi-dwelling building";1890;1890;1970;2149;2156;2169;2185;2226;2243
"K-1834 Lurøy";"Detached house";851;856;862;868;865;861;859;856;857
"K-1834 Lurøy";"Multi-dwelling building";0;0;0;0;0;0;0;0;0
"K-1835 Træna";"Detached house";210;210;209;209;209;209;209;211;209
"K-1835 Træna";"Multi-dwelling building";0;0;0;0;0;0;0;0;0
"K-1836 Rødøy";"Detached house";673;676;681;681;671;664;659;649;648
"K-1836 Rødøy";"Multi-dwelling building";0;0;0;0;0;0;0;0;0
"K-1837 Meløy";"Detached house";2496;2494;2497;2500;2514;2517;2520;2527;2534
"K-1837 Meløy";"Multi-dwelling building";157;157;157;157;157;172;172;172;172
"K-1838 Gildeskål";"Detached house";950;961;974;982;996;1001;957;954;963
"K-1838 Gildeskål";"Multi-dwelling building";3;14;14;14;22;26;30;30;30
"K-1839 Beiarn";"Detached house";599;599;605;612;624;621;620;621;625
"K-1839 Beiarn";"Multi-dwelling building";0;0;0;9;9;9;9;9;9
"K-1840 Saltdal";"Detached house";1918;1913;1912;1925;1933;1943;1940;1943;1942
"K-1840 Saltdal";"Multi-dwelling building";46;56;60;64;111;110;116;116;117
"K-1841 Fauske - Fuossko";"Detached house";3206;3221;3248;3262;3275;3283;3294;3304;3314
"K-1841 Fauske - Fuossko";"Multi-dwelling building";211;219;240;253;277;322;340;340;347
"K-1845 Sørfold - Fuolldá";"Detached house";975;977;977;991;990;982;984;985;985
"K-1845 Sørfold - Fuolldá";"Multi-dwelling building";0;0;0;0;0;0;0;0;2
"K-1848 Steigen";"Detached house";1240;1257;1266;1307;1316;1323;1333;1338;1345
"K-1848 Steigen";"Multi-dwelling building";8;13;17;17;17;41;41;36;36
"K-1851 Lødingen";"Detached house";994;998;1000;1006;994;995;994;981;978
"K-1851 Lødingen";"Multi-dwelling building";48;48;48;52;52;52;52;52;52
"K-1853 Evenes - Evenássi";"Detached house";645;643;649;651;646;648;649;652;657
"K-1853 Evenes - Evenássi";"Multi-dwelling building";11;11;11;11;21;21;21;21;33
"K-1856 Røst";"Detached house";271;271;270;277;277;278;280;282;282
"K-1856 Røst";"Multi-dwelling building";3;3;3;3;3;3;3;3;3
"K-1857 Værøy";"Detached house";311;316;315;318;315;319;317;317;317
"K-1857 Værøy";"Multi-dwelling building";0;0;0;0;0;0;0;0;0
"K-1859 Flakstad";"Detached house";617;621;627;629;632;631;636;638;641
"K-1859 Flakstad";"Multi-dwelling building";0;0;0;4;4;4;4;4;4
"K-1860 Vestvågøy";"Detached house";4481;4505;4528;4556;4576;4611;4621;4645;4686
"K-1860 Vestvågøy";"Multi-dwelling building";101;101;115;124;123;123;123;131;131
"K-1865 Vågan";"Detached house";3282;3286;3299;3320;3336;3346;3360;3361;3373
"K-1865 Vågan";"Multi-dwelling building";609;626;649;683;696;782;824;836;839
"K-1866 Hadsel";"Detached house";3463;3467;3480;3476;3482;3489;3467;3461;3459
"K-1866 Hadsel";"Multi-dwelling building";182;200;198;206;206;231;231;243;243
"K-1867 Bø";"Detached house";1334;1314;1313;1315;1312;1316;1304;1309;1317
"K-1867 Bø";"Multi-dwelling building";31;47;47;47;47;47;55;59;69
"K-1868 Øksnes";"Detached house";1883;1888;1894;1899;1904;1909;1907;1900;1906
"K-1868 Øksnes";"Multi-dwelling building";7;7;32;38;38;71;71;71;89
"K-1870 Sortland - Suortá";"Detached house";3687;3716;3724;3726;3746;3755;3662;3593;3570
"K-1870 Sortland - Suortá";"Multi-dwelling building";383;432;460;485;525;529;531;553;583
"K-1871 Andøy";"Detached house";2430;2431;2431;2434;2438;2438;2425;2424;2416
"K-1871 Andøy";"Multi-dwelling building";6;6;6;16;16;21;21;21;21
"K-1874 Moskenes";"Detached house";591;596;596;602;603;605;609;608;608
"K-1874 Moskenes";"Multi-dwelling building";0;3;1;1;1;1;1;1;1
"K-1875 Hábmer - Hamarøy";"Detached house";0;0;0;0;0;1441;1443;1437;1439
"K-1875 Hábmer - Hamarøy";"Multi-dwelling building";0;0;0;0;0;29;29;29;29
"K-5501 Tromsø";"Detached house";15350;15428;15474;15545;15616;15642;15606;15621;15669
"K-5501 Tromsø";"Multi-dwelling building";8365;8715;9155;9537;10142;10532;10767;11301;11636
"K-5503 Harstad - Hárstták";"Detached house";7638;7671;7704;7748;7779;7794;7805;7777;7786
"K-5503 Harstad - Hárstták";"Multi-dwelling building";1364;1418;1446;1499;1534;1617;1662;1611;1723
"K-5510 Kvæfjord";"Detached house";1208;1207;1211;1211;1212;1217;1217;1223;1227
"K-5510 Kvæfjord";"Multi-dwelling building";24;27;27;27;28;28;28;28;30
"K-5512 Dielddanuorri - Tjeldsund";"Detached house";1928;1943;1949;1958;1963;1957;1971;1981;1978
"K-5512 Dielddanuorri - Tjeldsund";"Multi-dwelling building";26;26;28;38;44;58;58;58;58
"K-5514 Ibestad";"Detached house";848;842;841;847;849;852;854;857;855
"K-5514 Ibestad";"Multi-dwelling building";0;0;0;0;0;0;0;0;3
"K-5516 Gratangen - Rivtták";"Detached house";653;658;655;660;662;661;664;664;664
"K-5516 Gratangen - Rivtták";"Multi-dwelling building";0;0;0;0;0;0;0;0;0
"K-5518 Loabák - Lavangen";"Detached house";451;456;461;458;459;458;460;460;461
"K-5518 Loabák - Lavangen";"Multi-dwelling building";0;0;0;0;6;6;6;6;6
"K-5520 Bardu";"Detached house";1467;1473;1477;1483;1481;1485;1491;1495;1509
"K-5520 Bardu";"Multi-dwelling building";99;99;99;175;213;213;212;212;212
"K-5522 Salangen";"Detached house";1052;1054;1057;1060;1063;1064;1046;1048;1040
"K-5522 Salangen";"Multi-dwelling building";14;17;22;22;22;22;22;22;24
"K-5524 Målselv";"Detached house";2771;2788;2760;2759;2779;2795;2797;2806;2810
"K-5524 Målselv";"Multi-dwelling building";186;186;192;245;245;245;269;269;269
"K-5526 Sørreisa";"Detached house";1531;1541;1542;1554;1557;1563;1569;1568;1571
"K-5526 Sørreisa";"Multi-dwelling building";0;0;0;0;0;0;0;0;0
"K-5528 Dyrøy";"Detached house";579;584;586;588;589;588;588;591;591
"K-5528 Dyrøy";"Multi-dwelling building";5;5;5;5;5;5;5;5;10
"K-5530 Senja";"Detached house";6349;6321;6327;6327;6315;6314;6306;6155;6091
"K-5530 Senja";"Multi-dwelling building";268;295;311;312;350;358;360;398;473
"K-5532 Balsfjord";"Detached house";2704;2727;2719;2734;2704;2690;2684;2698;2715
"K-5532 Balsfjord";"Multi-dwelling building";26;26;26;32;32;32;32;49;50
"K-5534 Karlsøy";"Detached house";1190;1197;1204;1205;1209;1206;1208;1214;1217
"K-5534 Karlsøy";"Multi-dwelling building";6;6;6;6;18;22;22;22;22
"K-5536 Lyngen - Ivgu - Yykeä";"Detached house";1518;1514;1512;1511;1521;1529;1527;1528;1533
"K-5536 Lyngen - Ivgu - Yykeä";"Multi-dwelling building";6;6;6;6;6;16;20;20;20
"K-5538 Storfjord - Omasvuotna - Omasvuono";"Detached house";823;829;835;840;849;849;858;861;867
"K-5538 Storfjord - Omasvuotna - Omasvuono";"Multi-dwelling building";0;0;0;0;0;0;0;0;0
"K-5540 Gáivuotna - Kåfjord - Kaivuono";"Detached house";1178;1182;1181;1188;1188;1186;1186;1191;1193
"K-5540 Gáivuotna - Kåfjord - Kaivuono";"Multi-dwelling building";0;0;0;0;0;0;0;0;0
"K-5542 Skjervøy";"Detached house";1132;1132;1133;1144;1148;1154;1160;1166;1166
"K-5542 Skjervøy";"Multi-dwelling building";16;16;16;16;16;20;20;20;20
"K-5544 Nordreisa - Ráisa - Raisi";"Detached house";2063;2071;2046;2057;2056;2066;2073;2074;2080
"K-5544 Nordreisa - Ráisa - Raisi";"Multi-dwelling building";62;62;62;69;69;88;94;100;108
"K-5546 Kvænangen";"Detached house";744;749;749;751;756;759;761;762;765
"K-5546 Kvænangen";"Multi-dwelling building";0;0;0;0;0;0;0;0;0
"K-5601 Alta";"Detached house";5478;5509;5573;5654;5710;5785;5837;5909;5972
"K-5601 Alta";"Multi-dwelling building";601;644;701;713;717;833;907;949;979
"K-5603 Hammerfest - Hámmerfeasta";"Detached house";2812;2836;2846;2857;2869;2881;2871;2864;2873
"K-5603 Hammerfest - Hámmerfeasta";"Multi-dwelling building";968;1004;989;994;1018;932;941;902;892
"K-5605 Sør-Varanger";"Detached house";2849;2852;2860;2858;2865;2880;2883;2895;2898
"K-5605 Sør-Varanger";"Multi-dwelling building";464;452;459;459;459;459;459;459;459
"K-5607 Vadsø";"Detached house";1976;1988;1998;1991;1997;2004;2008;2013;2017
"K-5607 Vadsø";"Multi-dwelling building";187;190;196;197;197;192;192;196;193
"K-5610 Kárásjohka - Karasjok";"Detached house";932;937;936;941;941;946;945;950;952
"K-5610 Kárásjohka - Karasjok";"Multi-dwelling building";25;25;25;25;25;25;25;25;25
"K-5612 Guovdageaidnu - Kautokeino";"Detached house";1049;1050;1051;1052;1061;1065;1065;1077;1084
"K-5612 Guovdageaidnu - Kautokeino";"Multi-dwelling building";8;8;8;8;8;8;8;8;8
"K-5614 Loppa";"Detached house";583;580;582;580;579;580;578;577;575
"K-5614 Loppa";"Multi-dwelling building";21;21;21;21;21;21;21;21;21
"K-5616 Hasvik";"Detached house";490;488;489;490;494;496;499;500;499
"K-5616 Hasvik";"Multi-dwelling building";19;19;19;19;23;23;23;23;23
"K-5618 Måsøy";"Detached house";529;534;536;536;539;539;541;541;539
"K-5618 Måsøy";"Multi-dwelling building";23;23;23;23;23;23;23;23;23
"K-5620 Nordkapp";"Detached house";1102;1103;1112;1122;1124;1125;1124;1152;1148
"K-5620 Nordkapp";"Multi-dwelling building";113;113;114;109;109;110;106;108;108
"K-5622 Porsanger - Porsángu - Porsanki";"Detached house";1743;1752;1758;1770;1782;1780;1784;1788;1786
"K-5622 Porsanger - Porsángu - Porsanki";"Multi-dwelling building";42;42;42;42;42;48;54;64;72
"K-5624 Lebesby";"Detached house";536;538;537;539;538;531;533;535;538
"K-5624 Lebesby";"Multi-dwelling building";30;30;30;30;29;29;29;29;29
"K-5626 Gamvik";"Detached house";535;537;537;532;526;526;526;526;527
"K-5626 Gamvik";"Multi-dwelling building";106;106;106;106;106;106;106;106;106
"K-5628 Deatnu - Tana";"Detached house";1403;1404;1420;1430;1437;1439;1448;1457;1463
"K-5628 Deatnu - Tana";"Multi-dwelling building";0;0;0;2;3;3;3;3;3
"K-5630 Berlevåg";"Detached house";464;464;465;496;497;504;504;508;512
"K-5630 Berlevåg";"Multi-dwelling building";0;0;0;0;0;0;0;0;0
"K-5632 Båtsfjord";"Detached house";826;829;823;823;824;825;825;826;826
"K-5632 Båtsfjord";"Multi-dwelling building";91;91;97;97;97;97;97;97;97
"K-5634 Vardø";"Detached house";796;796;794;791;790;790;787;788;789
"K-5634 Vardø";"Multi-dwelling building";43;43;43;43;43;43;43;43;43
"K-5636 Unjárga - Nesseby";"Detached house";479;484;485;486;485;483;476;473;473
"K-5636 Unjárga - Nesseby";"Multi-dwelling building";0;0;0;0;0;0;0;0;0
"K-21-22 Svalbard and Jan Mayen";"Detached house";12;12;12;12;14;14;14;14;23
"K-21-22 Svalbard and Jan Mayen";"Multi-dwelling building";637;634;634;643;662;722;738;714;704
"K-23 Continental shelf";"Detached house";0;0;0;0;0;0;0;0;0
"K-23 Continental shelf";"Multi-dwelling building";0;0;0;0;0;0;0;0;0
"K-Rest Divided municalities and unknown";"Detached house";17749;17792;18226;18275;18329;0;0;0;0
"K-Rest Divided municalities and unknown";"Multi-dwelling building";2365;2442;2533;2569;2715;0;0;0;0
