"06944: Households' income, by region, year and type of household"
"region";"Total income, median (NOK) 2016 All households";"Total income, median (NOK) 2017 All households";"Total income, median (NOK) 2018 All households";"Total income, median (NOK) 2019 All households";"Total income, median (NOK) 2020 All households";"Total income, median (NOK) 2021 All households";"Total income, median (NOK) 2022 All households";"Total income, median (NOK) 2023 All households";"Income after taxes, median (NOK) 2016 All households";"Income after taxes, median (NOK) 2017 All households";"Income after taxes, median (NOK) 2018 All households";"Income after taxes, median (NOK) 2019 All households";"Income after taxes, median (NOK) 2020 All households";"Income after taxes, median (NOK) 2021 All households";"Income after taxes, median (NOK) 2022 All households";"Income after taxes, median (NOK) 2023 All households"
"3101 Halden";.;.;.;.;.;.;.;.;.;.;.;.;.;.;.;.
"3103 Moss";.;.;.;.;.;.;.;.;.;.;.;.;.;.;.;.
"3105 Sarpsborg";.;.;.;.;.;.;.;.;.;.;.;.;.;.;.;.
"3107 Fredrikstad";.;.;.;.;.;.;.;.;.;.;.;.;.;.;.;.
"3110 Hvaler";.;.;.;.;.;.;.;.;.;.;.;.;.;.;.;.
"3112 Råde";.;.;.;.;.;.;.;.;.;.;.;.;.;.;.;.
"3114 Våler (Østfold)";.;.;.;.;.;.;.;.;.;.;.;.;.;.;.;.
"3116 Skiptvet";.;.;.;.;.;.;.;.;.;.;.;.;.;.;.;.
"3118 Indre Østfold";.;.;.;.;.;.;.;.;.;.;.;.;.;.;.;.
"3120 Rakkestad";.;.;.;.;.;.;.;.;.;.;.;.;.;.;.;.
"3122 Marker";.;.;.;.;.;.;.;.;.;.;.;.;.;.;.;.
"3124 Aremark";.;.;.;.;.;.;.;.;.;.;.;.;.;.;.;.
"3201 Bærum";.;.;.;.;.;.;.;.;.;.;.;.;.;.;.;.
"3203 Asker";.;.;.;.;.;.;.;.;.;.;.;.;.;.;.;.
"3205 Lillestrøm";.;.;.;.;.;.;.;.;.;.;.;.;.;.;.;.
"3207 Nordre Follo";.;.;.;.;.;.;.;.;.;.;.;.;.;.;.;.
"3209 Ullensaker";.;.;.;.;.;.;.;.;.;.;.;.;.;.;.;.
"3212 Nesodden";.;.;.;.;.;.;.;.;.;.;.;.;.;.;.;.
"3214 Frogn";.;.;.;.;.;.;.;.;.;.;.;.;.;.;.;.
"3216 Vestby";.;.;.;.;.;.;.;.;.;.;.;.;.;.;.;.
"3218 Ås";.;.;.;.;.;.;.;.;.;.;.;.;.;.;.;.
"3220 Enebakk";.;.;.;.;.;.;.;.;.;.;.;.;.;.;.;.
"3222 Lørenskog";.;.;.;.;.;.;.;.;.;.;.;.;.;.;.;.
"3224 Rælingen";.;.;.;.;.;.;.;.;.;.;.;.;.;.;.;.
"3226 Aurskog-Høland";.;.;.;.;.;.;.;.;.;.;.;.;.;.;.;.
"3228 Nes";.;.;.;.;.;.;.;.;.;.;.;.;.;.;.;.
"3230 Gjerdrum";.;.;.;.;.;.;.;.;.;.;.;.;.;.;.;.
"3232 Nittedal";.;.;.;.;.;.;.;.;.;.;.;.;.;.;.;.
"3234 Lunner";.;.;.;.;.;.;.;.;.;.;.;.;.;.;.;.
"3236 Jevnaker";.;.;.;.;.;.;.;.;.;.;.;.;.;.;.;.
"3238 Nannestad";.;.;.;.;.;.;.;.;.;.;.;.;.;.;.;.
"3240 Eidsvoll";.;.;.;.;.;.;.;.;.;.;.;.;.;.;.;.
"3242 Hurdal";.;.;.;.;.;.;.;.;.;.;.;.;.;.;.;.
"3001 Halden (2020-2023)";.;.;.;.;615000;643000;674000;723000;.;.;.;.;498000;517000;544000;588000
"3002 Moss (2020-2023)";.;.;.;.;646000;676000;707000;756000;.;.;.;.;516000;537000;561000;606000
"3003 Sarpsborg (2020-2023)";.;.;.;.;638000;665000;693000;741000;.;.;.;.;512000;533000;557000;600000
"3004 Fredrikstad (2020-2023)";.;.;.;.;648000;676000;706000;758000;.;.;.;.;519000;541000;566000;610000
"3005 Drammen (2020-2023)";.;.;.;.;674000;699000;735000;780000;.;.;.;.;532000;551000;578000;619000
"3006 Kongsberg (2020-2023)";.;.;.;.;733000;750000;772000;828000;.;.;.;.;567000;582000;600000;646000
"3007 Ringerike (2020-2023)";.;.;.;.;639000;666000;688000;732000;.;.;.;.;509000;529000;547000;587000
"3011 Hvaler (2020-2023)";.;.;.;.;744000;778000;809000;857000;.;.;.;.;587000;610000;627000;674000
"3012 Aremark (2020-2023)";.;.;.;.;653000;700000;714000;781000;.;.;.;.;518000;555000;568000;612000
"3013 Marker (2020-2023)";.;.;.;.;627000;642000;664000;711000;.;.;.;.;513000;525000;543000;577000
"3014 Indre Østfold (2020-2023)";.;.;.;.;658000;690000;721000;764000;.;.;.;.;525000;548000;573000;612000
"3015 Skiptvet (2020-2023)";.;.;.;.;706000;730000;753000;796000;.;.;.;.;559000;576000;598000;633000
"3016 Rakkestad (2020-2023)";.;.;.;.;667000;687000;726000;776000;.;.;.;.;531000;549000;584000;625000
"3017 Råde (2020-2023)";.;.;.;.;745000;779000;731000;847000;.;.;.;.;593000;622000;585000;679000
"3018 Våler (Viken) (2020-2023)";.;.;.;.;801000;831000;861000;892000;.;.;.;.;623000;650000;672000;704000
"3019 Vestby (2020-2023)";.;.;.;.;810000;852000;882000;926000;.;.;.;.;630000;661000;684000;728000
"3020 Nordre Follo (2020-2023)";.;.;.;.;863000;904000;933000;991000;.;.;.;.;662000;689000;714000;766000
"3021 Ås (2020-2023)";.;.;.;.;755000;783000;812000;867000;.;.;.;.;587000;604000;630000;677000
"3022 Frogn (2020-2023)";.;.;.;.;797000;846000;867000;920000;.;.;.;.;619000;650000;671000;717000
"3023 Nesodden (2020-2023)";.;.;.;.;827000;874000;903000;954000;.;.;.;.;638000;670000;691000;740000
"3024 Bærum (2020-2023)";.;.;.;.;898000;941000;974000;1045000;.;.;.;.;674000;704000;724000;784000
"3025 Asker (2020-2023)";.;.;.;.;870000;911000;950000;1013000;.;.;.;.;663000;692000;719000;773000
"3026 Aurskog-Høland (2020-2023)";.;.;.;.;676000;709000;743000;792000;.;.;.;.;542000;562000;595000;637000
"3027 Rælingen (2020-2023)";.;.;.;.;776000;809000;845000;899000;.;.;.;.;602000;626000;652000;701000
"3028 Enebakk (2020-2023)";.;.;.;.;783000;814000;849000;895000;.;.;.;.;614000;631000;660000;704000
"3029 Lørenskog (2020-2023)";.;.;.;.;755000;774000;804000;852000;.;.;.;.;587000;599000;624000;666000
"3030 Lillestrøm (2020-2023)";.;.;.;.;771000;799000;834000;882000;.;.;.;.;598000;615000;643000;688000
"3031 Nittedal (2020-2023)";.;.;.;.;875000;901000;947000;1004000;.;.;.;.;669000;687000;724000;775000
"3032 Gjerdrum (2020-2023)";.;.;.;.;846000;884000;892000;947000;.;.;.;.;659000;681000;689000;736000
"3033 Ullensaker (2020-2023)";.;.;.;.;708000;738000;772000;818000;.;.;.;.;553000;575000;600000;640000
"3034 Nes (2020-2023)";.;.;.;.;753000;778000;822000;866000;.;.;.;.;594000;607000;644000;687000
"3035 Eidsvoll (2020-2023)";.;.;.;.;716000;741000;779000;830000;.;.;.;.;562000;582000;608000;659000
"3036 Nannestad (2020-2023)";.;.;.;.;733000;776000;821000;867000;.;.;.;.;578000;606000;639000;684000
"3037 Hurdal (2020-2023)";.;.;.;.;632000;653000;684000;727000;.;.;.;.;512000;530000;555000;590000
"3038 Hole (2020-2023)";.;.;.;.;814000;843000;881000;935000;.;.;.;.;627000;649000;673000;724000
"3039 Flå (2020-2023)";.;.;.;.;597000;619000;635000;674000;.;.;.;.;481000;487000;501000;535000
"3040 Nesbyen (2020-2023)";.;.;.;.;630000;659000;692000;739000;.;.;.;.;512000;537000;557000;597000
"3041 Gol (2020-2023)";.;.;.;.;617000;636000;671000;707000;.;.;.;.;482000;501000;523000;564000
"3042 Hemsedal (2020-2023)";.;.;.;.;647000;697000;686000;742000;.;.;.;.;508000;531000;523000;574000
"3043 Ål (2020-2023)";.;.;.;.;664000;702000;714000;789000;.;.;.;.;523000;546000;562000;626000
"3044 Hol (2020-2023)";.;.;.;.;660000;686000;715000;750000;.;.;.;.;518000;539000;559000;595000
"3045 Sigdal (2020-2023)";.;.;.;.;649000;670000;707000;760000;.;.;.;.;521000;532000;565000;597000
"3046 Krødsherad (2020-2023)";.;.;.;.;624000;642000;669000;703000;.;.;.;.;496000;509000;528000;559000
"3047 Modum (2020-2023)";.;.;.;.;641000;668000;685000;735000;.;.;.;.;518000;535000;550000;599000
"3048 Øvre Eiker (2020-2023)";.;.;.;.;696000;734000;762000;816000;.;.;.;.;550000;576000;599000;644000
"3049 Lier (2020-2023)";.;.;.;.;806000;836000;869000;925000;.;.;.;.;626000;643000;668000;720000
"3050 Flesberg (2020-2023)";.;.;.;.;724000;755000;815000;829000;.;.;.;.;563000;592000;632000;660000
"3051 Rollag (2020-2023)";.;.;.;.;640000;638000;659000;689000;.;.;.;.;511000;516000;529000;564000
"3052 Nore og Uvdal (2020-2023)";.;.;.;.;644000;662000;654000;694000;.;.;.;.;509000;517000;519000;566000
"3053 Jevnaker (2020-2023)";.;.;.;.;677000;710000;736000;779000;.;.;.;.;538000;566000;589000;626000
"3054 Lunner (2020-2023)";.;.;.;.;753000;777000;803000;853000;.;.;.;.;591000;606000;632000;676000
"0101 Halden (-2019)";562000;580000;591000;610000;.;.;.;.;453000;470000;480000;496000;.;.;.;.
"0102 Sarpsborg (-1991)";.;.;.;.;.;.;.;.;.;.;.;.;.;.;.;.
"0103 Fredrikstad (-1993)";.;.;.;.;.;.;.;.;.;.;.;.;.;.;.;.
"0104 Moss (-2019)";568000;581000;600000;612000;.;.;.;.;456000;465000;480000;492000;.;.;.;.
"0105 Sarpsborg (1992-2019)";578000;593000;607000;625000;.;.;.;.;467000;481000;493000;507000;.;.;.;.
"0106 Fredrikstad (1994-2019)";595000;607000;621000;639000;.;.;.;.;476000;489000;500000;514000;.;.;.;.
"0111 Hvaler (-2019)";690000;703000;719000;730000;.;.;.;.;536000;554000;567000;573000;.;.;.;.
"0113 Borge (-1993)";.;.;.;.;.;.;.;.;.;.;.;.;.;.;.;.
"0114 Varteig (-1991)";.;.;.;.;.;.;.;.;.;.;.;.;.;.;.;.
"0115 Skjeberg (-1991)";.;.;.;.;.;.;.;.;.;.;.;.;.;.;.;.
"0116 Berg  (-1966)";.;.;.;.;.;.;.;.;.;.;.;.;.;.;.;.
"0117 Idd (-1966)";.;.;.;.;.;.;.;.;.;.;.;.;.;.;.;.
"0118 Aremark (-2019)";628000;625000;641000;653000;.;.;.;.;491000;498000;518000;522000;.;.;.;.
"0119 Marker (1964-2019)";567000;585000;597000;623000;.;.;.;.;459000;477000;496000;516000;.;.;.;.
"0121 Rømskog (-2019)";597000;630000;623000;625000;.;.;.;.;475000;497000;489000;504000;.;.;.;.
"0122 Trøgstad (-2019)";605000;605000;622000;643000;.;.;.;.;479000;484000;494000;514000;.;.;.;.
"0123 Spydeberg (-2019)";657000;674000;676000;709000;.;.;.;.;519000;531000;542000;567000;.;.;.;.
"0124 Askim (-2019)";598000;607000;622000;644000;.;.;.;.;478000;487000;500000;514000;.;.;.;.
"0125 Eidsberg (-2019)";565000;578000;590000;619000;.;.;.;.;454000;465000;477000;500000;.;.;.;.
"0127 Skiptvet (-2019)";661000;672000;687000;696000;.;.;.;.;518000;533000;550000;558000;.;.;.;.
"0128 Rakkestad (-2019)";611000;618000;633000;648000;.;.;.;.;486000;495000;508000;524000;.;.;.;.
"0130 Tune (-1991)";.;.;.;.;.;.;.;.;.;.;.;.;.;.;.;.
"0131 Rolvsøy (1911-1993)";.;.;.;.;.;.;.;.;.;.;.;.;.;.;.;.
"0133 Kråkerøy (1908-1993)";.;.;.;.;.;.;.;.;.;.;.;.;.;.;.;.
"0134 Onsøy (-1993)";.;.;.;.;.;.;.;.;.;.;.;.;.;.;.;.
"0135 Råde (-2019)";672000;678000;719000;727000;.;.;.;.;535000;543000;571000;582000;.;.;.;.
"0136 Rygge (-2019)";658000;681000;694000;707000;.;.;.;.;519000;536000;550000;562000;.;.;.;.
"0137 Våler (Østfold) (-2019)";740000;760000;765000;787000;.;.;.;.;581000;593000;603000;616000;.;.;.;.
"0138 Hobøl (-2019)";676000;706000;736000;739000;.;.;.;.;528000;555000;574000;587000;.;.;.;.
"0199 Unknown municipalities, Østfold";.;.;.;.;.;.;.;.;.;.;.;.;.;.;.;.
"0211 Vestby (-2019)";756000;776000;786000;798000;.;.;.;.;587000;604000;615000;626000;.;.;.;.
"0213 Ski (1931-2019)";768000;782000;808000;822000;.;.;.;.;592000;607000;624000;639000;.;.;.;.
"0214 Ås (-2019)";710000;705000;725000;738000;.;.;.;.;553000;552000;568000;577000;.;.;.;.
"0215 Frogn (-2019)";744000;752000;766000;785000;.;.;.;.;576000;583000;591000;609000;.;.;.;.
"0216 Nesodden (-2019)";751000;766000;789000;818000;.;.;.;.;583000;593000;615000;636000;.;.;.;.
"0217 Oppegård (1915-2019)";838000;851000;876000;900000;.;.;.;.;637000;650000;667000;688000;.;.;.;.
"0219 Bærum (-2019)";819000;832000;852000;877000;.;.;.;.;613000;626000;642000;660000;.;.;.;.
"0220 Asker (-2019)";836000;853000;872000;898000;.;.;.;.;629000;644000;659000;680000;.;.;.;.
"0221 Aurskog-Høland (1966-2019)";623000;644000;654000;676000;.;.;.;.;498000;516000;524000;541000;.;.;.;.
"0226 Sørum (-2019)";772000;785000;807000;830000;.;.;.;.;595000;607000;621000;639000;.;.;.;.
"0227 Fet (-2019)";791000;806000;833000;861000;.;.;.;.;608000;622000;641000;663000;.;.;.;.
"0228 Rælingen (1929-2019)";722000;728000;750000;770000;.;.;.;.;556000;565000;582000;598000;.;.;.;.
"0229 Enebakk (-2019)";749000;760000;759000;777000;.;.;.;.;583000;595000;596000;611000;.;.;.;.
"0230 Lørenskog (1908-2019)";704000;713000;734000;745000;.;.;.;.;545000;555000;570000;583000;.;.;.;.
"0231 Skedsmo (-2019)";682000;699000;715000;733000;.;.;.;.;529000;543000;558000;572000;.;.;.;.
"0233 Nittedal (-2019)";800000;815000;843000;867000;.;.;.;.;614000;625000;649000;666000;.;.;.;.
"0234 Gjerdrum (-2019)";818000;829000;849000;869000;.;.;.;.;621000;636000;652000;667000;.;.;.;.
"0235 Ullensaker (-2019)";674000;680000;695000;711000;.;.;.;.;526000;535000;548000;555000;.;.;.;.
"0236 Nes (Akershus) (-2019)";691000;707000;728000;745000;.;.;.;.;543000;560000;573000;589000;.;.;.;.
"0237 Eidsvoll (-2019)";649000;673000;689000;706000;.;.;.;.;512000;531000;545000;558000;.;.;.;.
"0238 Nannestad (-2019)";686000;713000;716000;735000;.;.;.;.;538000;560000;566000;579000;.;.;.;.
"0239 Hurdal (-2019)";578000;597000;619000;637000;.;.;.;.;463000;482000;499000;510000;.;.;.;.
"0299 Unknown municipalities, Akershus";.;.;.;.;.;.;.;.;.;.;.;.;.;.;.;.
"0601 Ringerike (1964-1976)";.;.;.;.;.;.;.;.;.;.;.;.;.;.;.;.
"0602 Drammen (-2019)";588000;604000;623000;641000;.;.;.;.;463000;477000;492000;506000;.;.;.;.
"0604 Kongsberg (-2019)";683000;690000;701000;726000;.;.;.;.;528000;538000;546000;566000;.;.;.;.
"0605 Ringerike (1977-2019)";582000;595000;612000;629000;.;.;.;.;461000;472000;488000;504000;.;.;.;.
"0612 Hole (1977-2019)";729000;767000;789000;806000;.;.;.;.;567000;594000;606000;626000;.;.;.;.
"0615 Flå (-2019)";526000;544000;575000;595000;.;.;.;.;422000;440000;468000;486000;.;.;.;.
"0616 Nes (Buskerud) (-2019)";572000;594000;599000;632000;.;.;.;.;462000;483000;484000;509000;.;.;.;.
"0617 Gol (-2019)";553000;566000;587000;612000;.;.;.;.;440000;451000;463000;484000;.;.;.;.
"0618 Hemsedal (-2019)";569000;606000;621000;643000;.;.;.;.;441000;476000;487000;502000;.;.;.;.
"0619 Ål (-2019)";606000;630000;653000;667000;.;.;.;.;471000;494000;513000;526000;.;.;.;.
"0620 Hol (-2019)";595000;620000;644000;664000;.;.;.;.;462000;489000;507000;522000;.;.;.;.
"0621 Sigdal (-2019)";615000;610000;616000;641000;.;.;.;.;490000;486000;487000;515000;.;.;.;.
"0622 Krødsherad (-2019)";602000;615000;608000;619000;.;.;.;.;479000;490000;487000;492000;.;.;.;.
"0623 Modum (-2019)";581000;601000;626000;638000;.;.;.;.;466000;482000;504000;516000;.;.;.;.
"0624 Øvre Eiker (-2019)";642000;656000;674000;695000;.;.;.;.;507000;521000;533000;549000;.;.;.;.
"0625 Nedre Eiker (-2019)";670000;686000;704000;716000;.;.;.;.;529000;542000;557000;569000;.;.;.;.
"0626 Lier (-2019)";735000;758000;777000;800000;.;.;.;.;569000;585000;599000;621000;.;.;.;.
"0627 Røyken (-2019)";783000;800000;823000;832000;.;.;.;.;600000;619000;637000;648000;.;.;.;.
"0628 Hurum (-2019)";683000;695000;718000;739000;.;.;.;.;537000;549000;570000;586000;.;.;.;.
"0631 Flesberg (-2019)";660000;654000;699000;724000;.;.;.;.;515000;523000;547000;568000;.;.;.;.
"0632 Rollag (-2019)";640000;620000;618000;617000;.;.;.;.;508000;497000;508000;507000;.;.;.;.
"0633 Nore og Uvdal (1962-2019)";579000;613000;644000;651000;.;.;.;.;457000;491000;516000;517000;.;.;.;.
"0699 Unknown municipalities, Buskerud";.;.;.;.;.;.;.;.;.;.;.;.;.;.;.;.
"0301 Oslo - Oslove";587000;604000;624000;648000;661000;696000;729000;782000;446000;460000;475000;493000;501000;525000;548000;592000
"0399 Uoppgitt komm. Oslo";.;.;.;.;.;.;.;.;.;.;.;.;.;.;.;.
"3301 Drammen";.;.;.;.;.;.;.;.;.;.;.;.;.;.;.;.
"3303 Kongsberg";.;.;.;.;.;.;.;.;.;.;.;.;.;.;.;.
"3305 Ringerike";.;.;.;.;.;.;.;.;.;.;.;.;.;.;.;.
"3310 Hole";.;.;.;.;.;.;.;.;.;.;.;.;.;.;.;.
"3312 Lier";.;.;.;.;.;.;.;.;.;.;.;.;.;.;.;.
"3314 Øvre Eiker";.;.;.;.;.;.;.;.;.;.;.;.;.;.;.;.
"3316 Modum";.;.;.;.;.;.;.;.;.;.;.;.;.;.;.;.
"3318 Krødsherad";.;.;.;.;.;.;.;.;.;.;.;.;.;.;.;.
"3320 Flå";.;.;.;.;.;.;.;.;.;.;.;.;.;.;.;.
"3322 Nesbyen";.;.;.;.;.;.;.;.;.;.;.;.;.;.;.;.
"3324 Gol";.;.;.;.;.;.;.;.;.;.;.;.;.;.;.;.
"3326 Hemsedal";.;.;.;.;.;.;.;.;.;.;.;.;.;.;.;.
"3328 Ål";.;.;.;.;.;.;.;.;.;.;.;.;.;.;.;.
"3330 Hol";.;.;.;.;.;.;.;.;.;.;.;.;.;.;.;.
"3332 Sigdal";.;.;.;.;.;.;.;.;.;.;.;.;.;.;.;.
"3334 Flesberg";.;.;.;.;.;.;.;.;.;.;.;.;.;.;.;.
"3336 Rollag";.;.;.;.;.;.;.;.;.;.;.;.;.;.;.;.
"3338 Nore og Uvdal";.;.;.;.;.;.;.;.;.;.;.;.;.;.;.;.
"3401 Kongsvinger";.;.;.;.;592000;620000;650000;697000;.;.;.;.;476000;501000;523000;565000
"3403 Hamar";.;.;.;.;657000;684000;710000;761000;.;.;.;.;521000;539000;560000;603000
"3405 Lillehammer";.;.;.;.;680000;702000;735000;794000;.;.;.;.;536000;554000;577000;623000
"3407 Gjøvik";.;.;.;.;629000;653000;685000;731000;.;.;.;.;504000;520000;546000;587000
"3411 Ringsaker";.;.;.;.;658000;692000;727000;775000;.;.;.;.;525000;550000;577000;621000
"3412 Løten";.;.;.;.;677000;704000;727000;767000;.;.;.;.;539000;562000;582000;626000
"3413 Stange";.;.;.;.;680000;708000;735000;777000;.;.;.;.;541000;563000;585000;626000
"3414 Nord-Odal";.;.;.;.;611000;625000;658000;708000;.;.;.;.;495000;512000;542000;581000
"3415 Sør-Odal";.;.;.;.;680000;718000;742000;789000;.;.;.;.;546000;572000;590000;639000
"3416 Eidskog";.;.;.;.;559000;579000;614000;661000;.;.;.;.;465000;482000;508000;547000
"3417 Grue";.;.;.;.;559000;580000;612000;647000;.;.;.;.;461000;477000;503000;537000
"3418 Åsnes";.;.;.;.;570000;597000;620000;658000;.;.;.;.;469000;488000;512000;544000
"3419 Våler (Innlandet)";.;.;.;.;568000;592000;609000;650000;.;.;.;.;465000;487000;502000;534000
"3420 Elverum";.;.;.;.;645000;671000;701000;748000;.;.;.;.;518000;536000;558000;604000
"3421 Trysil";.;.;.;.;587000;596000;630000;666000;.;.;.;.;477000;484000;512000;546000
"3422 Åmot";.;.;.;.;596000;610000;646000;681000;.;.;.;.;473000;484000;510000;550000
"3423 Stor-Elvdal";.;.;.;.;526000;546000;570000;622000;.;.;.;.;430000;438000;462000;504000
"3424 Rendalen";.;.;.;.;550000;557000;579000;615000;.;.;.;.;445000;464000;478000;507000
"3425 Engerdal";.;.;.;.;589000;632000;661000;734000;.;.;.;.;486000;524000;544000;596000
"3426 Tolga";.;.;.;.;622000;635000;692000;723000;.;.;.;.;516000;513000;554000;600000
"3427 Tynset";.;.;.;.;669000;698000;712000;764000;.;.;.;.;537000;557000;568000;613000
"3428 Alvdal";.;.;.;.;700000;736000;750000;780000;.;.;.;.;556000;581000;587000;620000
"3429 Folldal";.;.;.;.;609000;632000;633000;713000;.;.;.;.;499000;514000;527000;582000
"3430 Os";.;.;.;.;639000;678000;689000;762000;.;.;.;.;524000;536000;542000;605000
"3431 Dovre";.;.;.;.;591000;611000;623000;681000;.;.;.;.;481000;503000;512000;547000
"3432 Lesja";.;.;.;.;646000;674000;723000;774000;.;.;.;.;524000;536000;574000;632000
"3433 Skjåk";.;.;.;.;632000;656000;669000;719000;.;.;.;.;512000;532000;541000;587000
"3434 Lom";.;.;.;.;636000;665000;701000;744000;.;.;.;.;509000;531000;563000;599000
"3435 Vågå";.;.;.;.;635000;655000;694000;743000;.;.;.;.;507000;527000;563000;596000
"3436 Nord-Fron";.;.;.;.;612000;625000;665000;709000;.;.;.;.;492000;507000;538000;582000
"3437 Sel";.;.;.;.;601000;632000;645000;686000;.;.;.;.;488000;512000;528000;570000
"3438 Sør-Fron";.;.;.;.;628000;642000;671000;712000;.;.;.;.;506000;516000;539000;572000
"3439 Ringebu";.;.;.;.;598000;634000;659000;713000;.;.;.;.;489000;511000;541000;581000
"3440 Øyer";.;.;.;.;640000;665000;705000;748000;.;.;.;.;511000;532000;563000;606000
"3441 Gausdal";.;.;.;.;659000;682000;711000;758000;.;.;.;.;521000;542000;563000;611000
"3442 Østre Toten";.;.;.;.;656000;678000;711000;758000;.;.;.;.;529000;543000;570000;613000
"3443 Vestre Toten";.;.;.;.;628000;658000;688000;736000;.;.;.;.;509000;529000;554000;596000
"3446 Gran";.;.;.;.;672000;699000;731000;781000;.;.;.;.;537000;559000;580000;626000
"3447 Søndre Land";.;.;.;.;595000;629000;643000;689000;.;.;.;.;484000;508000;525000;565000
"3448 Nordre Land";.;.;.;.;593000;613000;637000;670000;.;.;.;.;486000;500000;522000;557000
"3449 Sør-Aurdal";.;.;.;.;568000;595000;645000;700000;.;.;.;.;470000;476000;517000;566000
"3450 Etnedal";.;.;.;.;534000;565000;587000;653000;.;.;.;.;452000;457000;483000;527000
"3451 Nord-Aurdal";.;.;.;.;611000;627000;659000;708000;.;.;.;.;490000;501000;523000;568000
"3452 Vestre Slidre";.;.;.;.;634000;652000;695000;752000;.;.;.;.;502000;520000;556000;592000
"3453 Øystre Slidre";.;.;.;.;643000;677000;710000;737000;.;.;.;.;512000;533000;559000;588000
"3454 Vang";.;.;.;.;630000;656000;705000;753000;.;.;.;.;504000;533000;560000;606000
"0401 Hamar (-1991)";.;.;.;.;.;.;.;.;.;.;.;.;.;.;.;.
"0402 Kongsvinger (-2019)";549000;559000;576000;586000;.;.;.;.;443000;455000;465000;477000;.;.;.;.
"0403 Hamar (1992-2019)";591000;606000;630000;646000;.;.;.;.;468000;480000;499000;514000;.;.;.;.
"0412 Ringsaker (-2019)";609000;620000;636000;659000;.;.;.;.;486000;498000;510000;528000;.;.;.;.
"0414 Vang (-1991)";.;.;.;.;.;.;.;.;.;.;.;.;.;.;.;.
"0415 Løten (-2019)";614000;631000;645000;654000;.;.;.;.;490000;504000;518000;529000;.;.;.;.
"0417 Stange (-2019)";610000;625000;643000;670000;.;.;.;.;489000;500000;515000;536000;.;.;.;.
"0418 Nord-Odal (-2019)";561000;581000;592000;613000;.;.;.;.;455000;470000;485000;501000;.;.;.;.
"0419 Sør-Odal (-2019)";620000;636000;657000;672000;.;.;.;.;492000;507000;524000;541000;.;.;.;.
"0420 Eidskog (-2019)";517000;533000;542000;561000;.;.;.;.;424000;438000;446000;465000;.;.;.;.
"0423 Grue (-2019)";513000;526000;531000;546000;.;.;.;.;416000;429000;439000;452000;.;.;.;.
"0425 Åsnes (-2019)";527000;531000;544000;557000;.;.;.;.;432000;438000;452000;458000;.;.;.;.
"0426 Våler (Hedmark) (-2019)";534000;542000;550000;558000;.;.;.;.;440000;449000;454000;469000;.;.;.;.
"0427 Elverum (-2019)";592000;605000;622000;639000;.;.;.;.;474000;487000;499000;514000;.;.;.;.
"0428 Trysil (-2019)";518000;537000;563000;580000;.;.;.;.;427000;442000;459000;471000;.;.;.;.
"0429 Åmot (-2019)";540000;548000;571000;582000;.;.;.;.;439000;437000;451000;465000;.;.;.;.
"0430 Stor-Elvdal (-2019)";489000;486000;512000;528000;.;.;.;.;397000;403000;418000;431000;.;.;.;.
"0432 Rendalen (1965-2019)";487000;489000;509000;523000;.;.;.;.;401000;405000;420000;434000;.;.;.;.
"0434 Engerdal (1911-2019)";548000;558000;586000;594000;.;.;.;.;447000;457000;479000;488000;.;.;.;.
"0435 Tolga-Os (1966-1975)";.;.;.;.;.;.;.;.;.;.;.;.;.;.;.;.
"0436 Tolga (-2019)";576000;590000;614000;624000;.;.;.;.;466000;480000;502000;515000;.;.;.;.
"0437 Tynset (-2019)";595000;627000;642000;655000;.;.;.;.;480000;502000;515000;525000;.;.;.;.
"0438 Alvdal (-2019)";607000;618000;651000;688000;.;.;.;.;476000;486000;513000;549000;.;.;.;.
"0439 Folldal (1914-2019)";553000;548000;579000;591000;.;.;.;.;437000;445000;471000;491000;.;.;.;.
"0441 Os (Hedmark) (1976-2019)";572000;585000;597000;643000;.;.;.;.;467000;474000;485000;521000;.;.;.;.
"0499 Unknown municipalities, Hedmark";.;.;.;.;.;.;.;.;.;.;.;.;.;.;.;.
"0501 Lillehammer (-2019)";624000;636000;652000;675000;.;.;.;.;490000;499000;514000;533000;.;.;.;.
"0502 Gjøvik (-2019)";578000;590000;612000;627000;.;.;.;.;464000;474000;490000;504000;.;.;.;.
"0511 Dovre (-2019)";552000;570000;572000;604000;.;.;.;.;453000;466000;472000;491000;.;.;.;.
"0512 Lesja (-2019)";574000;599000;620000;642000;.;.;.;.;463000;481000;490000;520000;.;.;.;.
"0513 Skjåk (-2019)";553000;574000;596000;618000;.;.;.;.;447000;460000;489000;497000;.;.;.;.
"0514 Lom (-2019)";624000;634000;638000;629000;.;.;.;.;500000;499000;511000;512000;.;.;.;.
"0515 Vågå (-2019)";566000;595000;636000;630000;.;.;.;.;458000;476000;511000;501000;.;.;.;.
"0516 Nord-Fron (1977-2019)";568000;574000;596000;614000;.;.;.;.;453000;462000;479000;493000;.;.;.;.
"0517 Sel (1908-2019)";550000;567000;578000;589000;.;.;.;.;448000;464000;470000;483000;.;.;.;.
"0518 Fron (1966-1976)";.;.;.;.;.;.;.;.;.;.;.;.;.;.;.;.
"0519 Sør-Fron (-2019)";585000;594000;612000;627000;.;.;.;.;464000;474000;484000;502000;.;.;.;.
"0520 Ringebu (-2019)";544000;570000;594000;608000;.;.;.;.;447000;465000;487000;494000;.;.;.;.
"0521 Øyer (-2019)";598000;611000;640000;645000;.;.;.;.;478000;490000;509000;518000;.;.;.;.
"0522 Gausdal (1962-2019)";606000;613000;638000;650000;.;.;.;.;482000;488000;508000;513000;.;.;.;.
"0528 Østre Toten (-2019)";602000;617000;641000;652000;.;.;.;.;479000;495000;514000;525000;.;.;.;.
"0529 Vestre Toten (-2019)";592000;614000;624000;632000;.;.;.;.;477000;494000;505000;514000;.;.;.;.
"0532 Jevnaker (-2019)";620000;639000;655000;669000;.;.;.;.;493000;512000;523000;540000;.;.;.;.
"0533 Lunner (-2019)";699000;711000;728000;748000;.;.;.;.;545000;561000;570000;587000;.;.;.;.
"0534 Gran (-2019)";613000;626000;641000;660000;.;.;.;.;489000;502000;516000;530000;.;.;.;.
"0536 Søndre Land (-2019)";549000;559000;576000;603000;.;.;.;.;443000;453000;469000;491000;.;.;.;.
"0538 Nordre Land (-2019)";551000;564000;590000;591000;.;.;.;.;441000;456000;480000;481000;.;.;.;.
"0540 Sør-Aurdal (-2019)";534000;529000;562000;569000;.;.;.;.;434000;436000;452000;464000;.;.;.;.
"0541 Etnedal (-2019)";496000;505000;539000;544000;.;.;.;.;414000;410000;443000;456000;.;.;.;.
"0542 Nord-Aurdal (-2019)";553000;567000;584000;601000;.;.;.;.;440000;453000;469000;484000;.;.;.;.
"0543 Vestre Slidre (-2019)";561000;590000;617000;628000;.;.;.;.;443000;464000;485000;504000;.;.;.;.
"0544 Øystre Slidre (-2019)";600000;611000;615000;635000;.;.;.;.;476000;481000;493000;507000;.;.;.;.
"0545 Vang (-2019)";572000;599000;617000;631000;.;.;.;.;453000;477000;486000;496000;.;.;.;.
"0599 Unknown municipalities, Oppland";.;.;.;.;.;.;.;.;.;.;.;.;.;.;.;.
"3801 Horten (2020-2023)";.;.;.;.;644000;679000;709000;756000;.;.;.;.;518000;543000;567000;611000
"3802 Holmestrand (2020-2023)";.;.;.;.;711000;744000;782000;836000;.;.;.;.;564000;585000;617000;662000
"3803 Tønsberg (2020-2023)";.;.;.;.;671000;702000;733000;779000;.;.;.;.;530000;551000;575000;618000
"3804 Sandefjord (2020-2023)";.;.;.;.;649000;678000;712000;757000;.;.;.;.;520000;541000;568000;610000
"3805 Larvik (2020-2023)";.;.;.;.;648000;681000;710000;759000;.;.;.;.;522000;543000;569000;613000
"3806 Porsgrunn (2020-2023)";.;.;.;.;659000;688000;722000;778000;.;.;.;.;526000;545000;574000;621000
"3807 Skien (2020-2023)";.;.;.;.;644000;674000;706000;750000;.;.;.;.;517000;538000;563000;603000
"3808 Notodden (2020-2023)";.;.;.;.;632000;652000;686000;739000;.;.;.;.;504000;520000;546000;589000
"3811 Færder (2020-2023)";.;.;.;.;712000;745000;778000;831000;.;.;.;.;568000;588000;616000;664000
"3812 Siljan (2020-2023)";.;.;.;.;776000;823000;857000;892000;.;.;.;.;608000;644000;676000;716000
"3813 Bamble (2020-2023)";.;.;.;.;734000;761000;791000;835000;.;.;.;.;583000;604000;627000;669000
"3814 Kragerø (2020-2023)";.;.;.;.;612000;645000;671000;713000;.;.;.;.;494000;518000;540000;580000
"3815 Drangedal (2020-2023)";.;.;.;.;616000;650000;681000;712000;.;.;.;.;500000;526000;548000;583000
"3816 Nome (2020-2023)";.;.;.;.;631000;663000;682000;734000;.;.;.;.;510000;533000;548000;601000
"3817 Midt-Telemark (2020-2023)";.;.;.;.;641000;672000;699000;731000;.;.;.;.;512000;533000;556000;588000
"3818 Tinn (2020-2023)";.;.;.;.;617000;641000;662000;712000;.;.;.;.;499000;514000;531000;572000
"3819 Hjartdal (2020-2023)";.;.;.;.;675000;703000;756000;810000;.;.;.;.;547000;559000;598000;650000
"3820 Seljord (2020-2023)";.;.;.;.;652000;666000;713000;756000;.;.;.;.;526000;536000;569000;605000
"3821 Kviteseid (2020-2023)";.;.;.;.;659000;669000;698000;765000;.;.;.;.;525000;539000;556000;614000
"3822 Nissedal (2020-2023)";.;.;.;.;657000;682000;723000;756000;.;.;.;.;538000;556000;579000;611000
"3823 Fyresdal (2020-2023)";.;.;.;.;625000;655000;659000;726000;.;.;.;.;509000;519000;530000;581000
"3824 Tokke (2020-2023)";.;.;.;.;657000;694000;705000;747000;.;.;.;.;524000;542000;561000;599000
"3825 Vinje (2020-2023)";.;.;.;.;680000;716000;733000;766000;.;.;.;.;527000;554000;573000;607000
"3901 Horten";.;.;.;.;.;.;.;.;.;.;.;.;.;.;.;.
"3903 Holmestrand";.;.;.;.;.;.;.;.;.;.;.;.;.;.;.;.
"3905 Tønsberg";.;.;.;.;.;.;.;.;.;.;.;.;.;.;.;.
"3907 Sandefjord";.;.;.;.;.;.;.;.;.;.;.;.;.;.;.;.
"3909 Larvik";.;.;.;.;.;.;.;.;.;.;.;.;.;.;.;.
"3911 Færder";.;.;.;.;.;.;.;.;.;.;.;.;.;.;.;.
"4001 Porsgrunn";.;.;.;.;.;.;.;.;.;.;.;.;.;.;.;.
"4003 Skien";.;.;.;.;.;.;.;.;.;.;.;.;.;.;.;.
"4005 Notodden";.;.;.;.;.;.;.;.;.;.;.;.;.;.;.;.
"4010 Siljan";.;.;.;.;.;.;.;.;.;.;.;.;.;.;.;.
"4012 Bamble";.;.;.;.;.;.;.;.;.;.;.;.;.;.;.;.
"4014 Kragerø";.;.;.;.;.;.;.;.;.;.;.;.;.;.;.;.
"4016 Drangedal";.;.;.;.;.;.;.;.;.;.;.;.;.;.;.;.
"4018 Nome";.;.;.;.;.;.;.;.;.;.;.;.;.;.;.;.
"4020 Midt-Telemark";.;.;.;.;.;.;.;.;.;.;.;.;.;.;.;.
"4022 Seljord";.;.;.;.;.;.;.;.;.;.;.;.;.;.;.;.
"4024 Hjartdal";.;.;.;.;.;.;.;.;.;.;.;.;.;.;.;.
"4026 Tinn";.;.;.;.;.;.;.;.;.;.;.;.;.;.;.;.
"4028 Kviteseid";.;.;.;.;.;.;.;.;.;.;.;.;.;.;.;.
"4030 Nissedal";.;.;.;.;.;.;.;.;.;.;.;.;.;.;.;.
"4032 Fyresdal";.;.;.;.;.;.;.;.;.;.;.;.;.;.;.;.
"4034 Tokke";.;.;.;.;.;.;.;.;.;.;.;.;.;.;.;.
"4036 Vinje";.;.;.;.;.;.;.;.;.;.;.;.;.;.;.;.
"0701 Horten (2002-2019)";599000;607000;622000;638000;.;.;.;.;478000;489000;502000;512000;.;.;.;.
"0702 Holmestrand (-2017)";630000;643000;.;.;.;.;.;.;499000;510000;.;.;.;.;.;.
"0703 Horten (-1987)";.;.;.;.;.;.;.;.;.;.;.;.;.;.;.;.
"0704 Tønsberg (1988-2019)";597000;618000;634000;647000;.;.;.;.;469000;489000;502000;513000;.;.;.;.
"0705 Tønsberg (-1987)";.;.;.;.;.;.;.;.;.;.;.;.;.;.;.;.
"0706 Sandefjord (-2016)";594000;.;.;.;.;.;.;.;474000;.;.;.;.;.;.;.
"0707 Larvik (-1987)";.;.;.;.;.;.;.;.;.;.;.;.;.;.;.;.
"0708 Stavern (1944-1987)";.;.;.;.;.;.;.;.;.;.;.;.;.;.;.;.
"0709 Larvik (1988-2017)";602000;610000;.;.;.;.;.;.;481000;489000;.;.;.;.;.;.
"0710 Sandefjord (2017-2019)";.;614000;629000;649000;.;.;.;.;.;491000;504000;520000;.;.;.;.
"0711 Svelvik (1964-2019)";640000;645000;666000;682000;.;.;.;.;504000;518000;535000;550000;.;.;.;.
"0712 Larvik (2018-2019)";.;.;627000;640000;.;.;.;.;.;.;502000;515000;.;.;.;.
"0713 Sande (Vestfold) (-2019)";698000;714000;731000;746000;.;.;.;.;547000;562000;573000;590000;.;.;.;.
"0714 Hof (-2017)";650000;657000;.;.;.;.;.;.;511000;521000;.;.;.;.;.;.
"0715 Holmestrand (2018-2019)";.;.;661000;670000;.;.;.;.;.;.;528000;537000;.;.;.;.
"0716 Re (2002-2019)";665000;674000;701000;725000;.;.;.;.;522000;534000;556000;574000;.;.;.;.
"0716u Våle (-2001)";.;.;.;.;.;.;.;.;.;.;.;.;.;.;.;.
"0717 Borre (-1987)";.;.;.;.;.;.;.;.;.;.;.;.;.;.;.;.
"0718 Ramnes (-2001)";.;.;.;.;.;.;.;.;.;.;.;.;.;.;.;.
"0719 Andebu (-2016)";640000;.;.;.;.;.;.;.;508000;.;.;.;.;.;.;.
"0720 Stokke (-2016)";653000;.;.;.;.;.;.;.;515000;.;.;.;.;.;.;.
"0721 Sem (-1987)";.;.;.;.;.;.;.;.;.;.;.;.;.;.;.;.
"0722 Nøtterøy (-2017)";669000;685000;.;.;.;.;.;.;529000;543000;.;.;.;.;.;.
"0723 Tjøme (-2017)";628000;641000;.;.;.;.;.;.;494000;506000;.;.;.;.;.;.
"0724 Sandar (-1967)";.;.;.;.;.;.;.;.;.;.;.;.;.;.;.;.
"0725 Tjølling (-1987)";.;.;.;.;.;.;.;.;.;.;.;.;.;.;.;.
"0726 Brunlanes (-1987)";.;.;.;.;.;.;.;.;.;.;.;.;.;.;.;.
"0727 Hedrum (-1987)";.;.;.;.;.;.;.;.;.;.;.;.;.;.;.;.
"0728 Lardal (-2017)";626000;623000;.;.;.;.;.;.;489000;499000;.;.;.;.;.;.
"0729 Færder (2018-2019)";.;.;680000;702000;.;.;.;.;.;.;542000;560000;.;.;.;.
"0799 Unknown municipalities, Vestfold";.;.;.;.;.;.;.;.;.;.;.;.;.;.;.;.
"0805 Porsgrunn (-2019)";598000;614000;631000;650000;.;.;.;.;477000;490000;506000;522000;.;.;.;.
"0806 Skien (-2019)";588000;602000;615000;639000;.;.;.;.;469000;483000;495000;513000;.;.;.;.
"0807 Notodden (1913-2019)";558000;572000;598000;608000;.;.;.;.;444000;458000;481000;490000;.;.;.;.
"0811 Siljan (-2019)";715000;733000;743000;757000;.;.;.;.;567000;582000;591000;600000;.;.;.;.
"0814 Bamble (-2019)";677000;686000;708000;728000;.;.;.;.;533000;545000;563000;579000;.;.;.;.
"0815 Kragerø (1960-2019)";543000;558000;578000;598000;.;.;.;.;440000;456000;471000;487000;.;.;.;.
"0817 Drangedal (-2019)";566000;573000;593000;617000;.;.;.;.;453000;463000;480000;498000;.;.;.;.
"0819 Nome (1964-2019)";567000;586000;597000;615000;.;.;.;.;459000;475000;483000;503000;.;.;.;.
"0821 Bø (Telemark) (-2019)";584000;589000;600000;626000;.;.;.;.;466000;468000;482000;494000;.;.;.;.
"0822 Sauherad (-2019)";623000;634000;645000;668000;.;.;.;.;498000;510000;518000;540000;.;.;.;.
"0826 Tinn (-2019)";575000;583000;596000;615000;.;.;.;.;460000;468000;482000;493000;.;.;.;.
"0827 Hjartdal (-2019)";602000;616000;648000;718000;.;.;.;.;491000;508000;534000;577000;.;.;.;.
"0828 Seljord (-2019)";579000;596000;615000;642000;.;.;.;.;461000;485000;501000;521000;.;.;.;.
"0829 Kviteseid (-2019)";606000;617000;652000;661000;.;.;.;.;476000;490000;514000;523000;.;.;.;.
"0830 Nissedal (-2019)";601000;621000;655000;653000;.;.;.;.;475000;492000;513000;523000;.;.;.;.
"0831 Fyresdal (-2019)";580000;602000;606000;622000;.;.;.;.;466000;474000;483000;497000;.;.;.;.
"0833 Tokke (1964-2019)";607000;611000;635000;656000;.;.;.;.;481000;483000;504000;522000;.;.;.;.
"0834 Vinje (-2019)";617000;624000;642000;670000;.;.;.;.;484000;492000;507000;521000;.;.;.;.
"0899 Unknown municipalities, Telemark";.;.;.;.;.;.;.;.;.;.;.;.;.;.;.;.
"4201 Risør";.;.;.;.;608000;642000;670000;715000;.;.;.;.;491000;519000;541000;580000
"4202 Grimstad";.;.;.;.;685000;714000;746000;806000;.;.;.;.;544000;566000;592000;642000
"4203 Arendal";.;.;.;.;650000;674000;708000;757000;.;.;.;.;519000;538000;565000;607000
"4204 Kristiansand";.;.;.;.;668000;699000;728000;775000;.;.;.;.;531000;554000;576000;618000
"4205 Lindesnes";.;.;.;.;662000;702000;716000;770000;.;.;.;.;527000;554000;573000;619000
"4206 Farsund";.;.;.;.;684000;702000;736000;770000;.;.;.;.;545000;562000;590000;624000
"4207 Flekkefjord";.;.;.;.;699000;718000;731000;778000;.;.;.;.;552000;568000;580000;626000
"4211 Gjerstad";.;.;.;.;613000;619000;659000;703000;.;.;.;.;498000;504000;536000;585000
"4212 Vegårshei";.;.;.;.;654000;693000;717000;790000;.;.;.;.;529000;552000;579000;619000
"4213 Tvedestrand";.;.;.;.;633000;675000;685000;727000;.;.;.;.;510000;540000;549000;591000
"4214 Froland";.;.;.;.;698000;734000;757000;825000;.;.;.;.;553000;577000;600000;656000
"4215 Lillesand";.;.;.;.;756000;783000;800000;853000;.;.;.;.;598000;614000;628000;676000
"4216 Birkenes";.;.;.;.;701000;738000;763000;805000;.;.;.;.;560000;590000;604000;646000
"4217 Åmli";.;.;.;.;634000;636000;642000;686000;.;.;.;.;512000;509000;523000;568000
"4218 Iveland";.;.;.;.;681000;720000;730000;757000;.;.;.;.;537000;578000;582000;618000
"4219 Evje og Hornnes";.;.;.;.;635000;653000;673000;728000;.;.;.;.;514000;524000;540000;597000
"4220 Bygland";.;.;.;.;611000;635000;678000;725000;.;.;.;.;494000;515000;545000;586000
"4221 Valle";.;.;.;.;705000;719000;735000;845000;.;.;.;.;551000;571000;596000;652000
"4222 Bykle";.;.;.;.;663000;664000;732000;791000;.;.;.;.;517000;525000;559000;609000
"4223 Vennesla";.;.;.;.;654000;690000;713000;761000;.;.;.;.;525000;549000;570000;617000
"4224 Åseral";.;.;.;.;754000;732000;795000;840000;.;.;.;.;599000;580000;629000;671000
"4225 Lyngdal";.;.;.;.;685000;718000;743000;787000;.;.;.;.;545000;566000;589000;628000
"4226 Hægebostad";.;.;.;.;745000;811000;872000;890000;.;.;.;.;584000;630000;661000;711000
"4227 Kvinesdal";.;.;.;.;681000;700000;740000;783000;.;.;.;.;540000;553000;579000;626000
"4228 Sirdal";.;.;.;.;773000;814000;847000;869000;.;.;.;.;607000;626000;655000;672000
"0901 Risør (-2019)";564000;569000;586000;599000;.;.;.;.;454000;463000;474000;485000;.;.;.;.
"0903 Arendal (-1991)";.;.;.;.;.;.;.;.;.;.;.;.;.;.;.;.
"0904 Grimstad (-2019)";638000;649000;666000;679000;.;.;.;.;505000;516000;531000;543000;.;.;.;.
"0906 Arendal (1992-2019)";600000;608000;624000;638000;.;.;.;.;478000;488000;500000;510000;.;.;.;.
"0911 Gjerstad (-2019)";545000;565000;588000;612000;.;.;.;.;443000;463000;479000;503000;.;.;.;.
"0912 Vegårshei (-2019)";577000;578000;609000;656000;.;.;.;.;467000;466000;493000;532000;.;.;.;.
"0914 Tvedestrand (-2019)";591000;582000;616000;629000;.;.;.;.;471000;473000;498000;506000;.;.;.;.
"0918 Moland (1962-1991)";.;.;.;.;.;.;.;.;.;.;.;.;.;.;.;.
"0919 Froland (-2019)";659000;659000;669000;685000;.;.;.;.;519000;527000;537000;554000;.;.;.;.
"0920 Øyestad (-1991)";.;.;.;.;.;.;.;.;.;.;.;.;.;.;.;.
"0921 Tromøy (-1991)";.;.;.;.;.;.;.;.;.;.;.;.;.;.;.;.
"0922 Hisøy (-1991)";.;.;.;.;.;.;.;.;.;.;.;.;.;.;.;.
"0923 Fjære (-1970)";.;.;.;.;.;.;.;.;.;.;.;.;.;.;.;.
"0924 Landvik (-1970)";.;.;.;.;.;.;.;.;.;.;.;.;.;.;.;.
"0926 Lillesand (1962-2019)";698000;709000;732000;753000;.;.;.;.;546000;558000;572000;593000;.;.;.;.
"0928 Birkenes (-2019)";644000;669000;688000;696000;.;.;.;.;514000;534000;550000;560000;.;.;.;.
"0929 Åmli (-2019)";567000;577000;610000;626000;.;.;.;.;457000;473000;492000;516000;.;.;.;.
"0932 Mykland (-1966)";.;.;.;.;.;.;.;.;.;.;.;.;.;.;.;.
"0933 Herefoss (-1966)";.;.;.;.;.;.;.;.;.;.;.;.;.;.;.;.
"0935 Iveland (-2019)";614000;642000;668000;679000;.;.;.;.;489000;505000;533000;547000;.;.;.;.
"0937 Evje og Hornnes (1960-2019)";591000;602000;619000;636000;.;.;.;.;472000;489000;504000;517000;.;.;.;.
"0938 Bygland (-2019)";574000;593000;618000;637000;.;.;.;.;460000;482000;504000;506000;.;.;.;.
"0940 Valle (-2019)";624000;628000;646000;700000;.;.;.;.;489000;494000;515000;553000;.;.;.;.
"0941 Bykle (-2019)";609000;636000;631000;696000;.;.;.;.;477000;495000;488000;532000;.;.;.;.
"0999 Unknown municipalities, Aust-Agder";.;.;.;.;.;.;.;.;.;.;.;.;.;.;.;.
"1001 Kristiansand (-2019)";618000;620000;636000;654000;.;.;.;.;487000;493000;507000;521000;.;.;.;.
"1002 Mandal (-2019)";612000;622000;638000;654000;.;.;.;.;487000;496000;511000;521000;.;.;.;.
"1003 Farsund (-2019)";638000;634000;658000;687000;.;.;.;.;505000;506000;525000;547000;.;.;.;.
"1004 Flekkefjord (-2019)";637000;645000;659000;696000;.;.;.;.;504000;512000;525000;553000;.;.;.;.
"1014 Vennesla (-2019)";618000;627000;644000;660000;.;.;.;.;496000;503000;512000;526000;.;.;.;.
"1017 Songdalen (1964-2019)";621000;642000;641000;656000;.;.;.;.;495000;508000;513000;530000;.;.;.;.
"1018 Søgne (-2019)";686000;687000;693000;722000;.;.;.;.;541000;542000;556000;577000;.;.;.;.
"1021 Marnardal (1964-2019)";640000;635000;675000;707000;.;.;.;.;503000;507000;533000;553000;.;.;.;.
"1026 Åseral (-2019)";602000;623000;675000;715000;.;.;.;.;478000;511000;534000;575000;.;.;.;.
"1027 Audnedal (1964-2019)";662000;702000;699000;690000;.;.;.;.;528000;554000;550000;557000;.;.;.;.
"1029 Lindesnes (1964-2019)";595000;614000;630000;654000;.;.;.;.;481000;497000;512000;533000;.;.;.;.
"1032 Lyngdal (-2019)";636000;653000;663000;672000;.;.;.;.;503000;521000;530000;543000;.;.;.;.
"1034 Hægebostad (-2019)";713000;698000;748000;763000;.;.;.;.;548000;548000;586000;605000;.;.;.;.
"1037 Kvinesdal (-2019)";621000;643000;649000;668000;.;.;.;.;491000;506000;509000;528000;.;.;.;.
"1046 Sirdal (1960-2019)";718000;722000;764000;757000;.;.;.;.;559000;561000;601000;595000;.;.;.;.
"1099 Unknown municipalities, Vest-Agder";.;.;.;.;.;.;.;.;.;.;.;.;.;.;.;.
"1101 Eigersund";678000;682000;703000;736000;739000;767000;781000;833000;530000;540000;553000;580000;580000;604000;615000;660000
"1102 Sandnes (-2019)";739000;743000;760000;786000;.;.;.;.;567000;575000;590000;606000;.;.;.;.
"1103 Stavanger";706000;711000;727000;751000;764000;800000;837000;896000;538000;545000;559000;576000;585000;609000;636000;685000
"1106 Haugesund";581000;597000;619000;639000;647000;672000;706000;756000;457000;471000;486000;503000;508000;526000;552000;594000
"1108 Sandnes";.;.;.;.;791000;829000;859000;920000;.;.;.;.;610000;636000;660000;713000
"1111 Sokndal";648000;652000;661000;688000;696000;743000;780000;850000;510000;517000;525000;547000;548000;584000;614000;668000
"1112 Lund";642000;663000;684000;702000;716000;743000;791000;822000;511000;533000;548000;562000;572000;594000;630000;656000
"1114 Bjerkreim";801000;810000;829000;859000;858000;879000;926000;983000;624000;633000;647000;669000;670000;681000;723000;774000
"1119 Hå";712000;732000;747000;756000;760000;797000;815000;880000;557000;575000;586000;596000;599000;622000;640000;698000
"1120 Klepp";749000;757000;778000;800000;805000;849000;879000;942000;577000;589000;601000;622000;623000;655000;678000;734000
"1121 Time";751000;756000;767000;785000;791000;820000;857000;930000;578000;583000;596000;610000;612000;635000;660000;723000
"1122 Gjesdal";799000;804000;824000;834000;846000;885000;932000;977000;619000;631000;636000;651000;658000;685000;719000;761000
"1124 Sola";829000;826000;848000;876000;892000;918000;959000;1027000;628000;630000;646000;665000;672000;692000;725000;780000
"1127 Randaberg";808000;798000;812000;834000;841000;895000;918000;973000;614000;619000;632000;645000;646000;679000;704000;757000
"1129 Forsand (-2019)";727000;726000;742000;785000;.;.;.;.;569000;572000;588000;621000;.;.;.;.
"1130 Strand";693000;701000;736000;762000;781000;821000;849000;903000;544000;555000;580000;598000;610000;638000;659000;704000
"1133 Hjelmeland";713000;732000;743000;755000;763000;805000;805000;870000;561000;571000;582000;605000;595000;628000;640000;687000
"1134 Suldal";682000;697000;729000;748000;733000;784000;820000;880000;532000;547000;569000;590000;585000;622000;647000;701000
"1135 Sauda";617000;635000;657000;675000;681000;707000;746000;796000;485000;504000;521000;536000;548000;565000;594000;637000
"1141 Finnøy (-2019)";697000;697000;738000;775000;.;.;.;.;542000;549000;587000;608000;.;.;.;.
"1142 Rennesøy (-2019)";852000;850000;863000;906000;.;.;.;.;645000;655000;666000;689000;.;.;.;.
"1144 Kvitsøy";784000;763000;796000;806000;801000;864000;886000;890000;617000;613000;634000;649000;644000;697000;711000;724000
"1145 Bokn";717000;719000;744000;757000;779000;833000;875000;915000;572000;570000;577000;578000;606000;622000;677000;714000
"1146 Tysvær";768000;774000;788000;819000;824000;846000;881000;938000;598000;606000;618000;640000;639000;661000;688000;737000
"1149 Karmøy";678000;688000;711000;738000;738000;784000;820000;878000;532000;543000;560000;580000;580000;611000;636000;689000
"1151 Utsira";722000;740000;747000;790000;750000;845000;740000;890000;552000;576000;608000;577000;607000;643000;592000;712000
"1154 Vindafjord (1965-2005)";.;.;.;.;.;.;.;.;.;.;.;.;.;.;.;.
"1159 Ølen (2002-2005)";.;.;.;.;.;.;.;.;.;.;.;.;.;.;.;.
"1160 Vindafjord";668000;669000;702000;738000;742000;767000;801000;849000;524000;530000;550000;578000;582000;602000;630000;672000
"1199 Unknown municipalities, Rogaland";.;.;.;.;.;.;.;.;.;.;.;.;.;.;.;.
"4601 Bergen";.;.;.;.;682000;713000;749000;803000;.;.;.;.;532000;553000;581000;628000
"4602 Kinn";.;.;.;.;745000;771000;790000;836000;.;.;.;.;583000;601000;616000;661000
"4611 Etne";.;.;.;.;703000;747000;798000;849000;.;.;.;.;562000;586000;632000;668000
"4612 Sveio";.;.;.;.;773000;802000;841000;890000;.;.;.;.;605000;625000;655000;698000
"4613 Bømlo";.;.;.;.;789000;820000;851000;910000;.;.;.;.;619000;645000;663000;714000
"4614 Stord";.;.;.;.;734000;771000;813000;874000;.;.;.;.;578000;606000;637000;684000
"4615 Fitjar";.;.;.;.;802000;823000;849000;915000;.;.;.;.;628000;645000;660000;719000
"4616 Tysnes";.;.;.;.;656000;704000;726000;762000;.;.;.;.;537000;568000;585000;622000
"4617 Kvinnherad";.;.;.;.;705000;767000;779000;840000;.;.;.;.;563000;605000;615000;665000
"4618 Ullensvang";.;.;.;.;683000;711000;745000;807000;.;.;.;.;541000;560000;589000;645000
"4619 Eidfjord";.;.;.;.;714000;766000;801000;835000;.;.;.;.;548000;591000;624000;663000
"4620 Ulvik";.;.;.;.;659000;697000;736000;793000;.;.;.;.;544000;568000;598000;653000
"4621 Voss";.;.;.;.;706000;728000;778000;830000;.;.;.;.;561000;575000;610000;662000
"4622 Kvam";.;.;.;.;735000;761000;803000;855000;.;.;.;.;582000;600000;633000;681000
"4623 Samnanger";.;.;.;.;731000;760000;800000;847000;.;.;.;.;584000;612000;634000;683000
"4624 Bjørnafjorden";.;.;.;.;798000;835000;868000;924000;.;.;.;.;625000;648000;675000;726000
"4625 Austevoll";.;.;.;.;879000;927000;945000;980000;.;.;.;.;675000;699000;724000;761000
"4626 Øygarden";.;.;.;.;805000;845000;880000;924000;.;.;.;.;630000;658000;684000;726000
"4627 Askøy";.;.;.;.;849000;896000;929000;983000;.;.;.;.;657000;687000;718000;772000
"4628 Vaksdal";.;.;.;.;676000;696000;740000;781000;.;.;.;.;543000;556000;592000;631000
"4629 Modalen";.;.;.;.;773000;788000;764000;784000;.;.;.;.;608000;615000;594000;602000
"4630 Osterøy";.;.;.;.;731000;756000;781000;835000;.;.;.;.;579000;597000;623000;665000
"4631 Alver";.;.;.;.;777000;801000;841000;891000;.;.;.;.;612000;629000;660000;705000
"4632 Austrheim";.;.;.;.;735000;796000;847000;918000;.;.;.;.;584000;614000;646000;708000
"4633 Fedje";.;.;.;.;666000;687000;733000;756000;.;.;.;.;539000;545000;593000;631000
"4634 Masfjorden";.;.;.;.;787000;809000;847000;903000;.;.;.;.;601000;629000;659000;710000
"4635 Gulen";.;.;.;.;713000;731000;772000;831000;.;.;.;.;562000;568000;599000;648000
"4636 Solund";.;.;.;.;724000;763000;798000;839000;.;.;.;.;578000;606000;632000;666000
"4637 Hyllestad";.;.;.;.;602000;652000;657000;692000;.;.;.;.;478000;512000;519000;566000
"4638 Høyanger";.;.;.;.;667000;694000;724000;766000;.;.;.;.;533000;559000;576000;609000
"4639 Vik";.;.;.;.;699000;736000;760000;817000;.;.;.;.;560000;582000;609000;650000
"4640 Sogndal";.;.;.;.;742000;776000;814000;869000;.;.;.;.;587000;608000;642000;689000
"4641 Aurland";.;.;.;.;669000;705000;730000;791000;.;.;.;.;524000;557000;594000;637000
"4642 Lærdal";.;.;.;.;709000;723000;768000;823000;.;.;.;.;570000;576000;621000;661000
"4643 Årdal";.;.;.;.;707000;732000;762000;818000;.;.;.;.;555000;577000;598000;645000
"4644 Luster";.;.;.;.;697000;739000;766000;829000;.;.;.;.;561000;586000;610000;660000
"4645 Askvoll";.;.;.;.;702000;729000;756000;801000;.;.;.;.;563000;575000;608000;651000
"4646 Fjaler";.;.;.;.;578000;608000;626000;705000;.;.;.;.;471000;495000;506000;562000
"4647 Sunnfjord";.;.;.;.;771000;806000;835000;884000;.;.;.;.;600000;623000;646000;687000
"4648 Bremanger";.;.;.;.;680000;702000;731000;790000;.;.;.;.;544000;566000;590000;634000
"4649 Stad";.;.;.;.;726000;771000;790000;846000;.;.;.;.;572000;604000;617000;669000
"4650 Gloppen";.;.;.;.;738000;752000;779000;837000;.;.;.;.;585000;595000;616000;667000
"4651 Stryn";.;.;.;.;669000;708000;728000;797000;.;.;.;.;539000;566000;586000;643000
"1201 Bergen (1972-2019)";626000;636000;651000;675000;.;.;.;.;487000;498000;510000;528000;.;.;.;.
"1211 Etne (-2019)";658000;682000;690000;713000;.;.;.;.;523000;547000;554000;574000;.;.;.;.
"1214 Ølen (1916-2001)";.;.;.;.;.;.;.;.;.;.;.;.;.;.;.;.
"1216 Sveio (-2019)";721000;728000;746000;746000;.;.;.;.;566000;569000;585000;592000;.;.;.;.
"1219 Bømlo (1916-2019)";710000;726000;746000;769000;.;.;.;.;551000;564000;584000;604000;.;.;.;.
"1221 Stord (-2019)";693000;704000;721000;745000;.;.;.;.;544000;555000;568000;584000;.;.;.;.
"1222 Fitjar (-2019)";756000;748000;772000;807000;.;.;.;.;581000;573000;604000;633000;.;.;.;.
"1223 Tysnes (-2019)";630000;637000;649000;669000;.;.;.;.;497000;510000;527000;541000;.;.;.;.
"1224 Kvinnherad (-2019)";643000;659000;678000;696000;.;.;.;.;512000;529000;540000;556000;.;.;.;.
"1227 Jondal (-2019)";639000;657000;671000;676000;.;.;.;.;513000;534000;550000;548000;.;.;.;.
"1228 Odda (1913-2019)";591000;613000;632000;645000;.;.;.;.;468000;491000;502000;511000;.;.;.;.
"1230 Ullensvang (-1976)";.;.;.;.;.;.;.;.;.;.;.;.;.;.;.;.
"1231 Ullensvang (1977-2019)";661000;676000;695000;726000;.;.;.;.;522000;543000;557000;567000;.;.;.;.
"1232 Eidfjord (-2019)";644000;694000;722000;721000;.;.;.;.;506000;538000;550000;559000;.;.;.;.
"1233 Ulvik (-2019)";586000;628000;628000;664000;.;.;.;.;477000;502000;528000;543000;.;.;.;.
"1234 Granvin (-2019)";619000;637000;660000;683000;.;.;.;.;484000;510000;528000;543000;.;.;.;.
"1235 Voss (-2019)";648000;660000;674000;697000;.;.;.;.;510000;522000;536000;552000;.;.;.;.
"1238 Kvam (-2019)";674000;678000;699000;730000;.;.;.;.;530000;540000;553000;574000;.;.;.;.
"1241 Fusa (-2019)";739000;731000;762000;776000;.;.;.;.;576000;577000;598000;619000;.;.;.;.
"1242 Samnanger (1907-2019)";678000;679000;700000;718000;.;.;.;.;534000;547000;562000;580000;.;.;.;.
"1243 Os (Hordaland) (-2019)";737000;747000;763000;792000;.;.;.;.;575000;586000;597000;621000;.;.;.;.
"1244 Austevoll (-2019)";825000;821000;858000;870000;.;.;.;.;634000;628000;665000;676000;.;.;.;.
"1245 Sund (-2019)";733000;745000;760000;782000;.;.;.;.;575000;586000;596000;614000;.;.;.;.
"1246 Fjell (-2019)";791000;792000;799000;813000;.;.;.;.;611000;616000;622000;635000;.;.;.;.
"1247 Askøy (-2019)";788000;809000;823000;836000;.;.;.;.;608000;628000;640000;653000;.;.;.;.
"1248 Laksevåg (1918-1971)";.;.;.;.;.;.;.;.;.;.;.;.;.;.;.;.
"1249 Fana (-1971)";.;.;.;.;.;.;.;.;.;.;.;.;.;.;.;.
"1250 Arna (1964-1971)";.;.;.;.;.;.;.;.;.;.;.;.;.;.;.;.
"1251 Vaksdal (1964-2019)";604000;614000;643000;659000;.;.;.;.;486000;499000;516000;531000;.;.;.;.
"1252 Modalen (1910-2019)";712000;726000;775000;718000;.;.;.;.;545000;565000;617000;579000;.;.;.;.
"1253 Osterøy (1964-2019)";674000;686000;708000;727000;.;.;.;.;531000;544000;561000;576000;.;.;.;.
"1255 Åsane (-1971)";.;.;.;.;.;.;.;.;.;.;.;.;.;.;.;.
"1256 Meland (1924-2019)";770000;785000;805000;827000;.;.;.;.;597000;616000;633000;648000;.;.;.;.
"1259 Øygarden (1964-2019)";707000;698000;731000;755000;.;.;.;.;553000;559000;579000;591000;.;.;.;.
"1260 Radøy (1964-2019)";652000;679000;689000;709000;.;.;.;.;520000;540000;551000;569000;.;.;.;.
"1263 Lindås (-2019)";724000;740000;764000;784000;.;.;.;.;567000;580000;598000;613000;.;.;.;.
"1264 Austrheim (1910-2019)";677000;689000;711000;742000;.;.;.;.;527000;540000;559000;578000;.;.;.;.
"1265 Fedje (1948-2019)";639000;654000;670000;696000;.;.;.;.;519000;538000;548000;560000;.;.;.;.
"1266 Masfjorden (-2019)";709000;717000;745000;774000;.;.;.;.;555000;561000;591000;608000;.;.;.;.
"1299 Unknown municipalities, Hordaland";.;.;.;.;.;.;.;.;.;.;.;.;.;.;.;.
"1301 Bergen (-1971)";.;.;.;.;.;.;.;.;.;.;.;.;.;.;.;.
"1401 Flora (1964-2019)";692000;693000;704000;732000;.;.;.;.;535000;547000;553000;572000;.;.;.;.
"1411 Gulen (-2019)";662000;661000;688000;712000;.;.;.;.;519000;530000;547000;568000;.;.;.;.
"1412 Solund (-2019)";637000;634000;657000;677000;.;.;.;.;516000;517000;531000;532000;.;.;.;.
"1413 Hyllestad (-2019)";584000;567000;579000;599000;.;.;.;.;459000;444000;463000;478000;.;.;.;.
"1416 Høyanger (1964-2019)";596000;622000;632000;661000;.;.;.;.;473000;496000;503000;528000;.;.;.;.
"1417 Vik (-2019)";626000;652000;670000;692000;.;.;.;.;497000;513000;530000;557000;.;.;.;.
"1418 Balestrand (-2019)";594000;626000;632000;685000;.;.;.;.;479000;497000;507000;551000;.;.;.;.
"1419 Leikanger (-2019)";754000;756000;786000;827000;.;.;.;.;585000;593000;611000;640000;.;.;.;.
"1420 Sogndal (-2019)";673000;665000;704000;717000;.;.;.;.;525000;525000;558000;568000;.;.;.;.
"1421 Aurland (-2019)";578000;621000;637000;654000;.;.;.;.;463000;488000;514000;515000;.;.;.;.
"1422 Lærdal (-2019)";656000;664000;680000;676000;.;.;.;.;521000;524000;544000;552000;.;.;.;.
"1424 Årdal (-2019)";651000;666000;693000;707000;.;.;.;.;507000;523000;544000;558000;.;.;.;.
"1426 Luster (-2019)";646000;654000;684000;714000;.;.;.;.;511000;519000;538000;564000;.;.;.;.
"1428 Askvoll (-2019)";659000;658000;661000;705000;.;.;.;.;516000;522000;526000;562000;.;.;.;.
"1429 Fjaler (-2019)";529000;559000;566000;591000;.;.;.;.;430000;456000;466000;486000;.;.;.;.
"1430 Gaular (-2019)";709000;734000;783000;806000;.;.;.;.;554000;587000;609000;626000;.;.;.;.
"1431 Jølster (-2019)";673000;695000;741000;771000;.;.;.;.;529000;544000;582000;608000;.;.;.;.
"1432 Førde (-2019)";700000;718000;737000;755000;.;.;.;.;539000;555000;572000;585000;.;.;.;.
"1433 Naustdal (-2019)";708000;731000;726000;766000;.;.;.;.;554000;570000;576000;606000;.;.;.;.
"1438 Bremanger (-2019)";606000;615000;622000;654000;.;.;.;.;492000;500000;503000;525000;.;.;.;.
"1439 Vågsøy (1964-2019)";669000;669000;696000;713000;.;.;.;.;526000;533000;552000;567000;.;.;.;.
"1441 Selje (-2019)";651000;685000;709000;732000;.;.;.;.;517000;540000;554000;573000;.;.;.;.
"1443 Eid (-2019)";663000;696000;713000;717000;.;.;.;.;523000;545000;568000;570000;.;.;.;.
"1444 Hornindal (-2019)";691000;708000;737000;716000;.;.;.;.;551000;565000;583000;571000;.;.;.;.
"1445 Gloppen (-2019)";662000;687000;697000;727000;.;.;.;.;525000;545000;556000;573000;.;.;.;.
"1448 Stryn (-1976)";.;.;.;.;.;.;.;.;.;.;.;.;.;.;.;.
"1449 Stryn (1977-2019)";629000;651000;671000;687000;.;.;.;.;495000;516000;530000;553000;.;.;.;.
"1499 Unknown municipalities, Sogn og Fjordane";.;.;.;.;.;.;.;.;.;.;.;.;.;.;.;.
"1501 Ålesund (-1976)";.;.;.;.;.;.;.;.;.;.;.;.;.;.;.;.
"1502 Molde (-2019)";648000;653000;672000;686000;.;.;.;.;508000;516000;530000;546000;.;.;.;.
"1503 Kristiansund  (-2007)";.;.;.;.;.;.;.;.;.;.;.;.;.;.;.;.
"1504 Ålesund (1977-2019)";641000;655000;672000;686000;.;.;.;.;500000;515000;529000;540000;.;.;.;.
"1505 Kristiansund";587000;592000;617000;634000;636000;659000;689000;740000;467000;475000;495000;508000;511000;528000;552000;595000
"1506 Molde";.;.;.;.;694000;729000;762000;811000;.;.;.;.;548000;574000;597000;640000
"1507 Ålesund (2020-2023)";.;.;.;.;702000;740000;772000;823000;.;.;.;.;551000;579000;604000;649000
"1508 Ålesund";.;.;.;.;.;.;.;.;.;.;.;.;.;.;.;.
"1511 Vanylven";641000;659000;670000;707000;688000;718000;751000;806000;509000;528000;537000;560000;558000;586000;606000;650000
"1514 Sande";621000;638000;651000;663000;660000;684000;698000;767000;498000;511000;517000;536000;532000;543000;561000;613000
"1515 Herøy (Møre og Romsdal)";710000;710000;732000;757000;757000;803000;823000;879000;558000;558000;575000;598000;594000;625000;638000;693000
"1516 Ulstein";676000;687000;720000;764000;764000;792000;809000;860000;527000;542000;561000;591000;595000;611000;628000;678000
"1517 Hareid";641000;653000;661000;709000;706000;739000;761000;790000;507000;513000;523000;562000;551000;579000;600000;640000
"1519 Volda (-2019)";638000;640000;659000;675000;.;.;.;.;508000;514000;527000;543000;.;.;.;.
"1520 Ørsta";654000;664000;691000;718000;715000;742000;772000;827000;515000;524000;543000;563000;565000;584000;609000;653000
"1523 Ørskog (1977-2019)";663000;696000;694000;709000;.;.;.;.;526000;551000;560000;572000;.;.;.;.
"1524 Norddal (-2019)";627000;669000;675000;687000;.;.;.;.;499000;533000;540000;546000;.;.;.;.
"1525 Stranda";650000;664000;671000;688000;699000;742000;775000;805000;511000;533000;545000;551000;554000;591000;612000;648000
"1526 Stordal (-2019)";624000;636000;628000;672000;.;.;.;.;488000;512000;501000;523000;.;.;.;.
"1527 Ørskog (-1976)";.;.;.;.;.;.;.;.;.;.;.;.;.;.;.;.
"1528 Sykkylven";676000;685000;706000;708000;744000;764000;775000;820000;533000;539000;554000;563000;585000;598000;613000;652000
"1529 Skodje (-2019)";754000;775000;790000;818000;.;.;.;.;584000;600000;620000;640000;.;.;.;.
"1531 Sula";717000;737000;742000;764000;772000;817000;862000;905000;562000;577000;582000;602000;605000;637000;671000;720000
"1532 Giske";766000;787000;810000;845000;837000;890000;924000;967000;589000;612000;628000;654000;648000;679000;713000;749000
"1534 Haram (-2019)";670000;682000;693000;719000;.;.;.;.;525000;536000;548000;568000;.;.;.;.
"1535 Vestnes";604000;626000;653000;683000;689000;717000;729000;766000;480000;500000;515000;541000;549000;564000;578000;625000
"1539 Rauma";609000;623000;633000;650000;649000;691000;724000;764000;482000;499000;504000;521000;519000;548000;573000;616000
"1543 Nesset (-2019)";627000;645000;658000;694000;.;.;.;.;509000;518000;524000;556000;.;.;.;.
"1545 Midsund (1965-2019)";640000;638000;659000;692000;.;.;.;.;503000;510000;525000;546000;.;.;.;.
"1546 Sandøy (-2019)";700000;698000;683000;693000;.;.;.;.;539000;549000;547000;554000;.;.;.;.
"1547 Aukra";722000;701000;710000;752000;751000;775000;793000;845000;556000;549000;557000;592000;593000;601000;618000;670000
"1548 Fræna (-2019)";667000;681000;702000;718000;.;.;.;.;530000;540000;554000;568000;.;.;.;.
"1551 Eide (-2019)";684000;677000;707000;714000;.;.;.;.;535000;545000;563000;568000;.;.;.;.
"1554 Averøy";688000;675000;707000;749000;755000;785000;804000;859000;530000;539000;551000;588000;591000;618000;631000;673000
"1556 Frei (-2007)";.;.;.;.;.;.;.;.;.;.;.;.;.;.;.;.
"1557 Gjemnes";654000;683000;696000;693000;712000;755000;750000;789000;511000;537000;554000;556000;556000;582000;588000;632000
"1560 Tingvoll";606000;615000;636000;660000;670000;710000;740000;784000;487000;487000;498000;529000;530000;562000;590000;625000
"1563 Sunndal";617000;641000;661000;683000;694000;723000;752000;794000;483000;505000;519000;535000;546000;564000;587000;621000
"1566 Surnadal";635000;645000;648000;657000;652000;678000;711000;752000;506000;516000;521000;530000;529000;544000;567000;609000
"1567 Rindal (-2018)";629000;637000;666000;.;.;.;.;.;497000;504000;533000;.;.;.;.;.
"1569 Aure (-2005)";.;.;.;.;.;.;.;.;.;.;.;.;.;.;.;.
"1571 Halsa (-2019)";595000;616000;629000;629000;.;.;.;.;465000;500000;515000;516000;.;.;.;.
"1572 Tustna (-2005)";.;.;.;.;.;.;.;.;.;.;.;.;.;.;.;.
"1573 Smøla";573000;602000;606000;625000;643000;652000;682000;735000;457000;476000;484000;502000;516000;521000;548000;594000
"1576 Aure";590000;600000;620000;645000;671000;701000;724000;764000;468000;480000;500000;526000;533000;551000;569000;611000
"1577 Volda";.;.;.;.;678000;711000;740000;781000;.;.;.;.;540000;566000;591000;632000
"1578 Fjord";.;.;.;.;686000;687000;728000;766000;.;.;.;.;548000;547000;580000;626000
"1579 Hustadvika";.;.;.;.;718000;747000;788000;844000;.;.;.;.;567000;585000;613000;662000
"1580 Haram";.;.;.;.;.;.;.;.;.;.;.;.;.;.;.;.
"1599 Unknown municipalities, Møre og Romsdal";.;.;.;.;.;.;.;.;.;.;.;.;.;.;.;.
"5001 Trondheim - Tråante";.;.;655000;673000;685000;712000;744000;794000;.;.;513000;527000;534000;553000;577000;622000
"5004 Steinkjer (2018-2019)";.;.;626000;640000;.;.;.;.;.;.;508000;522000;.;.;.;.
"5005 Namsos (2018-2019)";.;.;655000;666000;.;.;.;.;.;.;525000;536000;.;.;.;.
"5006 Steinkjer - Stïentje";.;.;.;.;642000;670000;694000;745000;.;.;.;.;519000;539000;560000;603000
"5007 Namsos - Nåavmesjenjaelmie";.;.;.;.;665000;699000;731000;769000;.;.;.;.;536000;558000;581000;620000
"5011 Hemne (2018-2019)";.;.;669000;683000;.;.;.;.;.;.;531000;543000;.;.;.;.
"5012 Snillfjord (2018-2019)";.;.;663000;691000;.;.;.;.;.;.;505000;518000;.;.;.;.
"5013 Hitra (2018-2019)";.;.;582000;618000;.;.;.;.;.;.;467000;494000;.;.;.;.
"5014 Frøya";.;.;640000;648000;674000;712000;742000;763000;.;.;505000;514000;530000;549000;573000;601000
"5015 Ørland (2018-2019)";.;.;646000;665000;.;.;.;.;.;.;511000;527000;.;.;.;.
"5016 Agdenes (2018-2019)";.;.;603000;612000;.;.;.;.;.;.;495000;495000;.;.;.;.
"5017 Bjugn (2018-2019)";.;.;615000;637000;.;.;.;.;.;.;494000;511000;.;.;.;.
"5018 Åfjord (2018-2019)";.;.;638000;676000;.;.;.;.;.;.;513000;542000;.;.;.;.
"5019 Roan (2018-2019)";.;.;647000;622000;.;.;.;.;.;.;516000;504000;.;.;.;.
"5020 Osen";.;.;594000;594000;596000;630000;672000;690000;.;.;488000;486000;491000;502000;544000;580000
"5021 Oppdal";.;.;637000;654000;658000;682000;718000;764000;.;.;514000;530000;530000;546000;568000;616000
"5022 Rennebu";.;.;595000;614000;623000;658000;674000;703000;.;.;496000;511000;511000;536000;546000;581000
"5023 Meldal (2018-2019)";.;.;597000;627000;.;.;.;.;.;.;493000;510000;.;.;.;.
"5024 Orkdal (2018-2019)";.;.;668000;695000;.;.;.;.;.;.;532000;553000;.;.;.;.
"5025 Røros - Rosse";.;.;609000;617000;638000;675000;694000;730000;.;.;485000;498000;509000;539000;557000;598000
"5026 Holtålen";.;.;617000;640000;667000;694000;728000;758000;.;.;506000;523000;536000;560000;589000;619000
"5027 Midtre Gauldal";.;.;640000;666000;668000;703000;720000;779000;.;.;513000;534000;523000;554000;581000;622000
"5028 Melhus";.;.;719000;742000;740000;779000;814000;873000;.;.;568000;588000;586000;613000;640000;694000
"5029 Skaun";.;.;801000;831000;847000;872000;911000;976000;.;.;626000;647000;662000;675000;708000;758000
"5030 Klæbu (2018-2019)";.;.;756000;801000;.;.;.;.;.;.;599000;633000;.;.;.;.
"5031 Malvik";.;.;808000;831000;837000;870000;905000;958000;.;.;629000;646000;647000;668000;699000;746000
"5032 Selbu";.;.;659000;682000;673000;714000;745000;795000;.;.;529000;549000;550000;571000;600000;646000
"5033 Tydal";.;.;655000;651000;653000;682000;723000;749000;.;.;520000;529000;532000;547000;590000;607000
"5034 Meråker";.;.;562000;578000;600000;612000;640000;660000;.;.;464000;478000;496000;503000;529000;548000
"5035 Stjørdal";.;.;689000;693000;708000;733000;776000;820000;.;.;549000;555000;564000;582000;615000;656000
"5036 Frosta";.;.;607000;632000;650000;716000;741000;784000;.;.;500000;521000;537000;574000;595000;638000
"5037 Levanger - Levangke";.;.;680000;696000;706000;730000;758000;803000;.;.;544000;556000;562000;578000;603000;641000
"5038 Verdal";.;.;630000;646000;646000;673000;697000;744000;.;.;508000;524000;521000;541000;565000;607000
"5039 Verran (2018-2019)";.;.;545000;567000;.;.;.;.;.;.;462000;472000;.;.;.;.
"5040 Namdalseid (2018-2019)";.;.;604000;607000;.;.;.;.;.;.;490000;493000;.;.;.;.
"5041 Snåase - Snåsa";.;.;626000;631000;639000;684000;718000;760000;.;.;508000;524000;523000;549000;576000;611000
"5042 Lierne";.;.;681000;678000;685000;714000;739000;784000;.;.;543000;533000;538000;555000;592000;622000
"5043 Raarvihke - Røyrvik";.;.;623000;666000;698000;662000;666000;755000;.;.;507000;545000;540000;533000;542000;638000
"5044 Namsskogan";.;.;579000;593000;605000;611000;641000;661000;.;.;476000;487000;501000;497000;525000;550000
"5045 Grong";.;.;590000;629000;620000;655000;675000;716000;.;.;472000;511000;512000;533000;542000;581000
"5046 Høylandet";.;.;646000;669000;697000;696000;715000;759000;.;.;533000;560000;564000;568000;586000;630000
"5047 Overhalla";.;.;753000;755000;770000;796000;847000;878000;.;.;594000;604000;607000;627000;666000;695000
"5048 Fosnes (2018-2019)";.;.;561000;589000;.;.;.;.;.;.;449000;474000;.;.;.;.
"5049 Flatanger";.;.;645000;669000;703000;767000;747000;798000;.;.;523000;534000;541000;588000;591000;627000
"5050 Vikna (2018-2019)";.;.;687000;697000;.;.;.;.;.;.;543000;551000;.;.;.;.
"5051 Nærøy (2018-2019)";.;.;634000;657000;.;.;.;.;.;.;506000;533000;.;.;.;.
"5052 Leka";.;.;586000;577000;614000;682000;695000;755000;.;.;478000;494000;502000;541000;554000;597000
"5053 Inderøy";.;.;691000;719000;737000;747000;784000;836000;.;.;552000;576000;583000;599000;624000;673000
"5054 Indre Fosen";.;.;633000;659000;660000;692000;700000;750000;.;.;516000;531000;532000;551000;565000;609000
"5055 Heim";.;.;.;.;674000;704000;734000;787000;.;.;.;.;539000;557000;578000;623000
"5056 Hitra";.;.;.;.;629000;658000;677000;729000;.;.;.;.;502000;521000;535000;584000
"5057 Ørland";.;.;.;.;663000;691000;715000;777000;.;.;.;.;523000;544000;564000;615000
"5058 Åfjord";.;.;.;.;667000;672000;716000;756000;.;.;.;.;535000;550000;576000;615000
"5059 Orkland";.;.;.;.;662000;698000;736000;780000;.;.;.;.;534000;557000;583000;626000
"5060 Nærøysund";.;.;.;.;683000;728000;766000;805000;.;.;.;.;543000;566000;596000;635000
"5061 Rindal";.;.;.;701000;698000;717000;729000;796000;.;.;.;567000;560000;577000;592000;648000
"1601 Trondheim (-2017)";634000;640000;.;.;.;.;.;.;493000;501000;.;.;.;.;.;.
"1612 Hemne (-2017)";629000;637000;.;.;.;.;.;.;500000;508000;.;.;.;.;.;.
"1613 Snillfjord (1924-2017)";638000;611000;.;.;.;.;.;.;490000;474000;.;.;.;.;.;.
"1617 Hitra (-2017)";556000;572000;.;.;.;.;.;.;441000;463000;.;.;.;.;.;.
"1620 Frøya (1964-2017)";594000;614000;.;.;.;.;.;.;467000;482000;.;.;.;.;.;.
"1621 Ørland (-2017)";604000;629000;.;.;.;.;.;.;480000;498000;.;.;.;.;.;.
"1622 Agdenes (-2017)";592000;606000;.;.;.;.;.;.;473000;497000;.;.;.;.;.;.
"1624 Rissa (-2017)";613000;608000;.;.;.;.;.;.;494000;492000;.;.;.;.;.;.
"1627 Bjugn (-2017)";570000;575000;.;.;.;.;.;.;461000;464000;.;.;.;.;.;.
"1630 Åfjord (-2017)";608000;637000;.;.;.;.;.;.;487000;508000;.;.;.;.;.;.
"1632 Roan (-2017)";578000;608000;.;.;.;.;.;.;469000;494000;.;.;.;.;.;.
"1633 Osen (-2017)";570000;571000;.;.;.;.;.;.;465000;464000;.;.;.;.;.;.
"1634 Oppdal (-2017)";589000;609000;.;.;.;.;.;.;475000;493000;.;.;.;.;.;.
"1635 Rennebu (-2017)";586000;596000;.;.;.;.;.;.;476000;488000;.;.;.;.;.;.
"1636 Meldal (-2017)";579000;579000;.;.;.;.;.;.;470000;477000;.;.;.;.;.;.
"1638 Orkdal (-2017)";649000;654000;.;.;.;.;.;.;516000;518000;.;.;.;.;.;.
"1640 Røros (-2017)";581000;596000;.;.;.;.;.;.;463000;476000;.;.;.;.;.;.
"1644 Holtålen (1972-2017)";599000;608000;.;.;.;.;.;.;489000;498000;.;.;.;.;.;.
"1645 Haltdalen (-1971)";.;.;.;.;.;.;.;.;.;.;.;.;.;.;.;.
"1648 Midtre Gauldal (1964-2017)";598000;613000;.;.;.;.;.;.;474000;493000;.;.;.;.;.;.
"1653 Melhus (-2017)";704000;706000;.;.;.;.;.;.;549000;560000;.;.;.;.;.;.
"1657 Skaun (-2017)";774000;791000;.;.;.;.;.;.;605000;617000;.;.;.;.;.;.
"1662 Klæbu (-2017)";751000;750000;.;.;.;.;.;.;584000;592000;.;.;.;.;.;.
"1663 Malvik (-2017)";781000;787000;.;.;.;.;.;.;606000;612000;.;.;.;.;.;.
"1664 Selbu (-2017)";617000;640000;.;.;.;.;.;.;499000;521000;.;.;.;.;.;.
"1665 Tydal (-2017)";581000;605000;.;.;.;.;.;.;479000;496000;.;.;.;.;.;.
"1699 Unknown municipalities, Sør-Trøndelag";.;.;.;.;.;.;.;.;.;.;.;.;.;.;.;.
"1702 Steinkjer (-2017)";601000;615000;.;.;.;.;.;.;486000;496000;.;.;.;.;.;.
"1703 Namsos (-2017)";621000;642000;.;.;.;.;.;.;495000;515000;.;.;.;.;.;.
"1711 Meråker (-2017)";533000;548000;.;.;.;.;.;.;439000;454000;.;.;.;.;.;.
"1714 Stjørdal (-2017)";663000;676000;.;.;.;.;.;.;526000;535000;.;.;.;.;.;.
"1717 Frosta (-2017)";605000;616000;.;.;.;.;.;.;486000;501000;.;.;.;.;.;.
"1718 Leksvik (-2017)";598000;620000;.;.;.;.;.;.;488000;507000;.;.;.;.;.;.
"1719 Levanger (1962-2017)";643000;655000;.;.;.;.;.;.;515000;525000;.;.;.;.;.;.
"1721 Verdal (-2017)";599000;623000;.;.;.;.;.;.;484000;499000;.;.;.;.;.;.
"1723 Mosvik  (-2011)";.;.;.;.;.;.;.;.;.;.;.;.;.;.;.;.
"1724 Verran (-2017)";521000;530000;.;.;.;.;.;.;433000;446000;.;.;.;.;.;.
"1725 Namdalseid (-2017)";596000;606000;.;.;.;.;.;.;484000;495000;.;.;.;.;.;.
"1729 Inderøy (-2011)";.;.;.;.;.;.;.;.;.;.;.;.;.;.;.;.
"1736 Snåase - Snåsa (-2017)";570000;605000;.;.;.;.;.;.;468000;498000;.;.;.;.;.;.
"1738 Lierne (1964-2017)";625000;621000;.;.;.;.;.;.;495000;497000;.;.;.;.;.;.
"1739 Raarvihke - Røyrvik (1923-2017)";618000;612000;.;.;.;.;.;.;496000;495000;.;.;.;.;.;.
"1740 Namsskogan (1923-2017)";539000;561000;.;.;.;.;.;.;442000;466000;.;.;.;.;.;.
"1742 Grong (-2017)";548000;566000;.;.;.;.;.;.;439000;450000;.;.;.;.;.;.
"1743 Høylandet (-2017)";613000;637000;.;.;.;.;.;.;502000;516000;.;.;.;.;.;.
"1744 Overhalla (-2017)";719000;729000;.;.;.;.;.;.;570000;578000;.;.;.;.;.;.
"1748 Fosnes (-2017)";559000;565000;.;.;.;.;.;.;468000;463000;.;.;.;.;.;.
"1749 Flatanger (-2017)";607000;627000;.;.;.;.;.;.;496000;502000;.;.;.;.;.;.
"1750 Vikna (-2017)";639000;661000;.;.;.;.;.;.;506000;529000;.;.;.;.;.;.
"1751 Nærøy (-2017)";589000;600000;.;.;.;.;.;.;470000;478000;.;.;.;.;.;.
"1755 Leka (-2017)";589000;573000;.;.;.;.;.;.;465000;466000;.;.;.;.;.;.
"1756 Inderøy (2012-2017)";672000;676000;.;.;.;.;.;.;534000;540000;.;.;.;.;.;.
"1799 Unknown municipalities, Nord-Trøndelag";.;.;.;.;.;.;.;.;.;.;.;.;.;.;.;.
"1804 Bodø";674000;685000;699000;720000;725000;751000;772000;827000;527000;537000;550000;566000;567000;586000;604000;649000
"1805 Narvik (-2019)";616000;637000;648000;675000;.;.;.;.;491000;507000;514000;538000;.;.;.;.
"1806 Narvik";.;.;.;.;672000;695000;724000;780000;.;.;.;.;535000;548000;573000;620000
"1811 Bindal";531000;574000;583000;592000;603000;656000;629000;669000;439000;465000;483000;499000;493000;538000;514000;560000
"1812 Sømna";582000;596000;594000;627000;636000;678000;697000;728000;460000;464000;478000;504000;512000;539000;550000;576000
"1813 Brønnøy";615000;630000;645000;668000;673000;727000;717000;758000;488000;503000;515000;529000;536000;572000;565000;603000
"1814 Brønnøy (-1976)";.;.;.;.;.;.;.;.;.;.;.;.;.;.;.;.
"1815 Vega";552000;580000;612000;614000;632000;710000;659000;714000;451000;472000;477000;498000;496000;563000;536000;583000
"1816 Vevelstad";555000;567000;543000;607000;599000;638000;652000;735000;449000;461000;444000;473000;480000;508000;521000;575000
"1818 Herøy (Nordland)";592000;598000;605000;631000;651000;679000;687000;742000;470000;481000;494000;516000;526000;551000;554000;595000
"1820 Alstahaug";614000;621000;652000;675000;683000;700000;727000;765000;489000;495000;518000;544000;544000;555000;577000;610000
"1822 Leirfjord";600000;615000;617000;635000;677000;708000;732000;769000;480000;498000;500000;514000;547000;568000;592000;626000
"1824 Vefsn";595000;605000;624000;649000;650000;676000;707000;762000;473000;488000;501000;516000;519000;535000;559000;610000
"1825 Grane";571000;596000;614000;627000;610000;639000;649000;704000;469000;487000;496000;515000;503000;525000;534000;574000
"1826 Aarborte - Hattfjelldal";527000;543000;574000;585000;593000;622000;638000;675000;440000;450000;475000;486000;491000;509000;526000;567000
"1827 Dønna";535000;557000;586000;597000;624000;657000;694000;729000;433000;450000;475000;480000;509000;528000;553000;595000
"1828 Nesna";534000;575000;581000;619000;618000;672000;677000;721000;424000;456000;460000;486000;494000;525000;536000;564000
"1832 Hemnes";575000;589000;596000;627000;630000;657000;680000;735000;468000;478000;489000;507000;515000;529000;552000;598000
"1833 Rana - Raane";628000;649000;666000;688000;692000;717000;748000;812000;500000;516000;531000;548000;551000;565000;590000;647000
"1834 Lurøy";616000;623000;649000;658000;674000;693000;694000;754000;475000;488000;497000;520000;523000;542000;552000;591000
"1835 Træna";571000;581000;627000;651000;584000;632000;613000;643000;450000;446000;477000;511000;466000;491000;483000;530000
"1836 Rødøy";573000;603000;607000;641000;707000;727000;750000;767000;462000;474000;485000;521000;565000;571000;575000;624000
"1837 Meløy";639000;654000;659000;680000;702000;725000;747000;786000;505000;520000;527000;545000;553000;574000;591000;627000
"1838 Gildeskål";557000;572000;582000;624000;651000;668000;693000;715000;446000;463000;475000;497000;521000;533000;557000;574000
"1839 Beiarn";525000;537000;554000;566000;576000;609000;597000;614000;429000;446000;458000;477000;483000;501000;513000;514000
"1840 Saltdal";602000;636000;641000;663000;668000;703000;713000;765000;481000;506000;514000;537000;540000;561000;578000;617000
"1841 Fauske - Fuosko";614000;629000;635000;656000;658000;689000;724000;765000;484000;505000;510000;525000;530000;548000;577000;617000
"1842 Skjerstad (-2004)";.;.;.;.;.;.;.;.;.;.;.;.;.;.;.;.
"1843 Bodin (-1967)";.;.;.;.;.;.;.;.;.;.;.;.;.;.;.;.
"1845 Sørfold - Fuolldá";614000;616000;617000;642000;650000;670000;691000;736000;493000;494000;504000;520000;527000;539000;560000;603000
"1848 Steigen";552000;580000;613000;619000;630000;660000;697000;756000;446000;464000;490000;497000;513000;523000;553000;602000
"1849 Hamarøy - Hábmer (-2019)";555000;578000;565000;587000;.;.;.;.;430000;455000;450000;466000;.;.;.;.
"1850 Divtasvuodna - Tysfjord (-2019)";562000;571000;564000;585000;.;.;.;.;454000;465000;468000;482000;.;.;.;.
"1851 Lødingen";553000;569000;581000;607000;626000;642000;657000;693000;449000;459000;467000;487000;505000;523000;535000;557000
"1852 Tjeldsund (1909-2019)";595000;612000;644000;635000;.;.;.;.;486000;502000;522000;514000;.;.;.;.
"1853 Evenes - Evenássi";569000;585000;596000;633000;669000;675000;700000;760000;460000;475000;483000;524000;531000;549000;570000;600000
"1854 Ballangen (1925-2019)";541000;545000;574000;607000;.;.;.;.;445000;453000;469000;492000;.;.;.;.
"1855 Ankenes (-1973)";.;.;.;.;.;.;.;.;.;.;.;.;.;.;.;.
"1856 Røst";576000;590000;565000;618000;627000;657000;620000;731000;459000;471000;462000;498000;493000;508000;496000;565000
"1857 Værøy";515000;523000;531000;540000;542000;580000;573000;610000;417000;424000;427000;442000;437000;455000;449000;478000
"1858 Moskenes (1916-1975)";.;.;.;.;.;.;.;.;.;.;.;.;.;.;.;.
"1859 Flakstad";631000;675000;633000;662000;670000;665000;705000;738000;497000;527000;510000;537000;545000;537000;567000;595000
"1860 Vestvågøy";601000;619000;637000;661000;667000;686000;713000;759000;478000;491000;503000;521000;529000;542000;567000;611000
"1865 Vågan";585000;605000;614000;630000;637000;654000;678000;718000;467000;480000;492000;505000;508000;526000;541000;575000
"1866 Hadsel";588000;613000;629000;646000;653000;676000;700000;750000;473000;494000;507000;513000;520000;539000;556000;601000
"1867 Bø";484000;510000;531000;551000;548000;583000;603000;658000;403000;428000;444000;461000;462000;483000;500000;536000
"1868 Øksnes";580000;587000;608000;635000;632000;651000;663000;698000;461000;466000;481000;506000;507000;520000;527000;565000
"1870 Sortland - Suortá";614000;618000;633000;656000;667000;697000;720000;763000;491000;495000;504000;526000;534000;551000;570000;612000
"1871 Andøy";583000;591000;611000;641000;660000;667000;697000;750000;471000;482000;497000;519000;532000;538000;559000;603000
"1874 Moskenes";512000;528000;541000;566000;563000;558000;585000;620000;414000;440000;448000;472000;455000;452000;465000;501000
"1875 Hábmer - Hamarøy";.;.;.;.;599000;623000;681000;716000;.;.;.;.;475000;487000;537000;576000
"1899 Unknown municipalities, Nordland";.;.;.;.;.;.;.;.;.;.;.;.;.;.;.;.
"5501 Tromsø";.;.;.;.;.;.;.;.;.;.;.;.;.;.;.;.
"5503 Harstad - Hárstták";.;.;.;.;.;.;.;.;.;.;.;.;.;.;.;.
"5510 Kvæfjord";.;.;.;.;.;.;.;.;.;.;.;.;.;.;.;.
"5512 Dielddanuorri - Tjeldsund";.;.;.;.;.;.;.;.;.;.;.;.;.;.;.;.
"5514 Ibestad";.;.;.;.;.;.;.;.;.;.;.;.;.;.;.;.
"5516 Gratangen - Rivtták";.;.;.;.;.;.;.;.;.;.;.;.;.;.;.;.
"5518 Loabák - Lavangen";.;.;.;.;.;.;.;.;.;.;.;.;.;.;.;.
"5520 Bardu";.;.;.;.;.;.;.;.;.;.;.;.;.;.;.;.
"5522 Salangen";.;.;.;.;.;.;.;.;.;.;.;.;.;.;.;.
"5524 Målselv";.;.;.;.;.;.;.;.;.;.;.;.;.;.;.;.
"5526 Sørreisa";.;.;.;.;.;.;.;.;.;.;.;.;.;.;.;.
"5528 Dyrøy";.;.;.;.;.;.;.;.;.;.;.;.;.;.;.;.
"5530 Senja";.;.;.;.;.;.;.;.;.;.;.;.;.;.;.;.
"5532 Balsfjord";.;.;.;.;.;.;.;.;.;.;.;.;.;.;.;.
"5534 Karlsøy";.;.;.;.;.;.;.;.;.;.;.;.;.;.;.;.
"5536 Lyngen - Ivgu - Yykeä";.;.;.;.;.;.;.;.;.;.;.;.;.;.;.;.
"5538 Storfjord - Omasvuotna - Omasvuono";.;.;.;.;.;.;.;.;.;.;.;.;.;.;.;.
"5540 Gáivuotna - Kåfjord - Kaivuono";.;.;.;.;.;.;.;.;.;.;.;.;.;.;.;.
"5542 Skjervøy";.;.;.;.;.;.;.;.;.;.;.;.;.;.;.;.
"5544 Nordreisa - Ráisa - Raisi";.;.;.;.;.;.;.;.;.;.;.;.;.;.;.;.
"5546 Kvænangen";.;.;.;.;.;.;.;.;.;.;.;.;.;.;.;.
"5601 Alta";.;.;.;.;.;.;.;.;.;.;.;.;.;.;.;.
"5603 Hammerfest - Hámmerfeasta";.;.;.;.;.;.;.;.;.;.;.;.;.;.;.;.
"5605 Sør-Varanger";.;.;.;.;.;.;.;.;.;.;.;.;.;.;.;.
"5607 Vadsø";.;.;.;.;.;.;.;.;.;.;.;.;.;.;.;.
"5610 Kárásjohka - Karasjok";.;.;.;.;.;.;.;.;.;.;.;.;.;.;.;.
"5612 Guovdageaidnu - Kautokeino";.;.;.;.;.;.;.;.;.;.;.;.;.;.;.;.
"5614 Loppa";.;.;.;.;.;.;.;.;.;.;.;.;.;.;.;.
"5616 Hasvik";.;.;.;.;.;.;.;.;.;.;.;.;.;.;.;.
"5618 Måsøy";.;.;.;.;.;.;.;.;.;.;.;.;.;.;.;.
"5620 Nordkapp";.;.;.;.;.;.;.;.;.;.;.;.;.;.;.;.
"5622 Porsanger - Porsángu - Porsanki";.;.;.;.;.;.;.;.;.;.;.;.;.;.;.;.
"5624 Lebesby";.;.;.;.;.;.;.;.;.;.;.;.;.;.;.;.
"5626 Gamvik";.;.;.;.;.;.;.;.;.;.;.;.;.;.;.;.
"5628 Deatnu - Tana";.;.;.;.;.;.;.;.;.;.;.;.;.;.;.;.
"5630 Berlevåg";.;.;.;.;.;.;.;.;.;.;.;.;.;.;.;.
"5632 Båtsfjord";.;.;.;.;.;.;.;.;.;.;.;.;.;.;.;.
"5634 Vardø";.;.;.;.;.;.;.;.;.;.;.;.;.;.;.;.
"5636 Unjárga - Nesseby";.;.;.;.;.;.;.;.;.;.;.;.;.;.;.;.
"5401 Tromsø (2020-2023)";.;.;.;.;704000;731000;761000;801000;.;.;.;.;544000;563000;585000;618000
"5402 Harstad - Hárstták (2020-2023)";.;.;.;.;677000;705000;736000;788000;.;.;.;.;534000;554000;580000;623000
"5403 Alta (2020-2023)";.;.;.;.;730000;757000;792000;840000;.;.;.;.;589000;610000;638000;680000
"5404 Vardø (2020-2023)";.;.;.;.;523000;566000;584000;609000;.;.;.;.;436000;459000;483000;492000
"5405 Vadsø (2020-2023)";.;.;.;.;676000;696000;731000;771000;.;.;.;.;545000;563000;583000;622000
"5406 Hammerfest - Hámmerfeasta (2020-2023)";.;.;.;.;687000;721000;742000;786000;.;.;.;.;555000;578000;593000;635000
"5411 Kvæfjord (2020-2023)";.;.;.;.;661000;697000;724000;782000;.;.;.;.;533000;562000;574000;629000
"5412 Dielddanuorri - Tjeldsund (2020-2023)";.;.;.;.;657000;679000;709000;761000;.;.;.;.;532000;543000;571000;606000
"5413 Ibestad (2020-2023)";.;.;.;.;581000;587000;628000;656000;.;.;.;.;473000;482000;496000;533000
"5414 Gratangen (2020-2023)";.;.;.;.;568000;580000;602000;661000;.;.;.;.;462000;474000;482000;536000
"5415 Loabák - Lavangen (2020-2023)";.;.;.;.;671000;678000;666000;723000;.;.;.;.;547000;544000;547000;575000
"5416 Bardu (2020-2023)";.;.;.;.;708000;731000;757000;811000;.;.;.;.;556000;569000;590000;637000
"5417 Salangen (2020-2023)";.;.;.;.;603000;658000;683000;719000;.;.;.;.;487000;522000;549000;577000
"5418 Målselv (2020-2023)";.;.;.;.;694000;717000;743000;784000;.;.;.;.;541000;556000;579000;624000
"5419 Sørreisa (2020-2023)";.;.;.;.;707000;720000;731000;782000;.;.;.;.;556000;572000;580000;621000
"5420 Dyrøy (2020-2023)";.;.;.;.;596000;627000;657000;692000;.;.;.;.;487000;501000;535000;559000
"5421 Senja (2020-2023)";.;.;.;.;664000;685000;716000;757000;.;.;.;.;531000;547000;565000;602000
"5422 Balsfjord (2020-2023)";.;.;.;.;627000;643000;661000;701000;.;.;.;.;503000;511000;533000;569000
"5423 Karlsøy (2020-2023)";.;.;.;.;617000;623000;657000;692000;.;.;.;.;516000;518000;553000;582000
"5424 Lyngen (2020-2023)";.;.;.;.;624000;649000;668000;706000;.;.;.;.;525000;540000;558000;596000
"5425 Storfjord - Omasvuotna - Omasvuono (2020-2023)";.;.;.;.;617000;646000;672000;695000;.;.;.;.;520000;532000;550000;589000
"5426 Gáivuotna - Kåfjord - Kaivuono (2020-2023)";.;.;.;.;582000;614000;639000;697000;.;.;.;.;488000;513000;534000;586000
"5427 Skjervøy (2020-2023)";.;.;.;.;612000;630000;668000;692000;.;.;.;.;517000;532000;554000;581000
"5428 Nordreisa - Ráisa - Raisi (2020-2023)";.;.;.;.;652000;680000;703000;773000;.;.;.;.;539000;561000;580000;635000
"5429 Kvænangen (2020-2023)";.;.;.;.;575000;625000;642000;643000;.;.;.;.;475000;514000;521000;529000
"5430 Guovdageaidnu - Kautokeino (2020-2023)";.;.;.;.;693000;717000;746000;819000;.;.;.;.;561000;579000;604000;657000
"5432 Loppa (2020-2023)";.;.;.;.;529000;559000;560000;600000;.;.;.;.;454000;474000;474000;517000
"5433 Hasvik (2020-2023)";.;.;.;.;558000;590000;620000;637000;.;.;.;.;451000;477000;505000;530000
"5434 Måsøy (2020-2023)";.;.;.;.;588000;611000;643000;707000;.;.;.;.;493000;511000;532000;575000
"5435 Nordkapp (2020-2023)";.;.;.;.;614000;642000;679000;704000;.;.;.;.;501000;518000;550000;577000
"5436 Porsanger - Porsángu - Porsanki (2020-2023)";.;.;.;.;649000;666000;709000;768000;.;.;.;.;524000;542000;574000;622000
"5437 Kárásjohka - Karasjok (2020-2023)";.;.;.;.;688000;718000;739000;785000;.;.;.;.;555000;576000;598000;638000
"5438 Lebesby (2020-2023)";.;.;.;.;570000;598000;661000;672000;.;.;.;.;467000;492000;521000;541000
"5439 Gamvik (2020-2023)";.;.;.;.;507000;526000;540000;617000;.;.;.;.;412000;419000;440000;511000
"5440 Berlevåg (2020-2023)";.;.;.;.;586000;612000;618000;656000;.;.;.;.;494000;506000;518000;560000
"5441 Deatnu - Tana (2020-2023)";.;.;.;.;627000;656000;684000;724000;.;.;.;.;516000;537000;565000;602000
"5442 Unjárga - Nesseby (2020-2023)";.;.;.;.;574000;577000;618000;680000;.;.;.;.;464000;468000;514000;557000
"5443 Båtsfjord (2020-2023)";.;.;.;.;609000;630000;654000;693000;.;.;.;.;503000;522000;539000;585000
"5444 Sør-Varanger (2020-2023)";.;.;.;.;668000;698000;719000;771000;.;.;.;.;539000;559000;580000;623000
"1901 Harstad (-2012)";.;.;.;.;.;.;.;.;.;.;.;.;.;.;.;.
"1902 Tromsø (-2019)";658000;673000;682000;703000;.;.;.;.;509000;520000;529000;547000;.;.;.;.
"1903 Harstad - Hárstták (2013-2019)";626000;629000;645000;668000;.;.;.;.;495000;501000;513000;530000;.;.;.;.
"1911 Kvæfjord (-2019)";586000;599000;626000;648000;.;.;.;.;463000;484000;505000;524000;.;.;.;.
"1913 Skånland (1926-2019)";617000;616000;633000;657000;.;.;.;.;500000;504000;506000;532000;.;.;.;.
"1915 Bjarkøy (-2012)";.;.;.;.;.;.;.;.;.;.;.;.;.;.;.;.
"1917 Ibestad (-2019)";539000;561000;585000;576000;.;.;.;.;430000;459000;473000;479000;.;.;.;.
"1919 Gratangen (1926-2019)";530000;545000;567000;561000;.;.;.;.;438000;451000;458000;456000;.;.;.;.
"1920 Loabák - Lavangen (1907-2019)";589000;622000;642000;683000;.;.;.;.;489000;512000;521000;554000;.;.;.;.
"1921 Salangen (-1976)";.;.;.;.;.;.;.;.;.;.;.;.;.;.;.;.
"1922 Bardu (-2019)";635000;642000;676000;683000;.;.;.;.;494000;506000;524000;532000;.;.;.;.
"1923 Salangen (1977-2019)";563000;558000;572000;594000;.;.;.;.;442000;446000;464000;478000;.;.;.;.
"1924 Målselv (-2019)";651000;677000;685000;688000;.;.;.;.;507000;525000;527000;542000;.;.;.;.
"1925 Sørreisa (-2019)";646000;658000;665000;694000;.;.;.;.;507000;519000;524000;550000;.;.;.;.
"1926 Dyrøy (-2019)";517000;547000;547000;570000;.;.;.;.;425000;449000;449000;466000;.;.;.;.
"1927 Tranøy (-2019)";557000;563000;603000;620000;.;.;.;.;456000;465000;491000;495000;.;.;.;.
"1928 Torsken (-2019)";501000;518000;529000;577000;.;.;.;.;403000;423000;423000;459000;.;.;.;.
"1929 Berg (-2019)";568000;586000;606000;590000;.;.;.;.;460000;467000;482000;473000;.;.;.;.
"1931 Lenvik (-2019)";613000;645000;652000;678000;.;.;.;.;489000;511000;520000;541000;.;.;.;.
"1933 Balsfjord (-2019)";570000;585000;602000;616000;.;.;.;.;461000;472000;488000;500000;.;.;.;.
"1936 Karlsøy (-2019)";554000;564000;578000;595000;.;.;.;.;459000;472000;484000;500000;.;.;.;.
"1938 Lyngen (-2019)";569000;579000;608000;615000;.;.;.;.;476000;490000;505000;512000;.;.;.;.
"1939 Storfjord - Omasvuotna - Omasvuono (1931-2019)";578000;611000;622000;651000;.;.;.;.;470000;499000;513000;548000;.;.;.;.
"1940 Gáivuotna - Kåfjord - Kaivuono (1931-2019)";541000;554000;556000;572000;.;.;.;.;458000;457000;465000;476000;.;.;.;.
"1941 Skjervøy (-2019)";577000;586000;605000;630000;.;.;.;.;487000;495000;511000;526000;.;.;.;.
"1942 Nordreisa - Ráisa - Raisi (-2019)";582000;601000;614000;638000;.;.;.;.;481000;500000;511000;528000;.;.;.;.
"1943 Kvænangen (-2019)";546000;577000;567000;574000;.;.;.;.;458000;487000;476000;467000;.;.;.;.
"1999 Unknown municipalities, Troms";.;.;.;.;.;.;.;.;.;.;.;.;.;.;.;.
"2001 Hammerfest (-1991)";.;.;.;.;.;.;.;.;.;.;.;.;.;.;.;.
"2002 Vardø (-2019)";500000;498000;504000;520000;.;.;.;.;402000;407000;417000;434000;.;.;.;.
"2003 Vadsø (-2019)";596000;620000;636000;657000;.;.;.;.;484000;507000;515000;534000;.;.;.;.
"2004 Hammerfest (1992-2019)";642000;666000;663000;691000;.;.;.;.;521000;539000;539000;558000;.;.;.;.
"2011 Guovdageaidnu - Kautokeino (-2019)";611000;646000;654000;681000;.;.;.;.;503000;529000;540000;554000;.;.;.;.
"2012 Alta (-2019)";665000;676000;697000;721000;.;.;.;.;541000;550000;564000;583000;.;.;.;.
"2014 Loppa (-2019)";467000;473000;505000;507000;.;.;.;.;409000;403000;433000;436000;.;.;.;.
"2015 Hasvik (-2019)";499000;519000;516000;526000;.;.;.;.;405000;417000;421000;435000;.;.;.;.
"2016 Sørøysund (-1991)";.;.;.;.;.;.;.;.;.;.;.;.;.;.;.;.
"2017 Kvalsund (-2019)";556000;567000;593000;602000;.;.;.;.;460000;467000;497000;500000;.;.;.;.
"2018 Måsøy (-2019)";483000;508000;565000;596000;.;.;.;.;407000;437000;468000;490000;.;.;.;.
"2019 Nordkapp (-2019)";549000;585000;595000;621000;.;.;.;.;449000;478000;487000;506000;.;.;.;.
"2020 Porsanger - Porsángu - Porsanki (1964-2019)";594000;612000;630000;642000;.;.;.;.;484000;498000;520000;526000;.;.;.;.
"2021 Kárásjohka - Karasjok (-2019)";639000;623000;647000;694000;.;.;.;.;519000;517000;533000;562000;.;.;.;.
"2022 Lebesby (-2019)";524000;527000;564000;572000;.;.;.;.;422000;424000;454000;469000;.;.;.;.
"2023 Gamvik (1914-2019)";500000;497000;507000;518000;.;.;.;.;422000;416000;416000;425000;.;.;.;.
"2024 Berlevåg (1914-2019)";505000;532000;541000;573000;.;.;.;.;428000;445000;453000;476000;.;.;.;.
"2025 Deatnu - Tana (-2019)";578000;576000;598000;618000;.;.;.;.;473000;473000;497000;513000;.;.;.;.
"2027 Unjárga - Nesseby (-2019)";524000;543000;529000;537000;.;.;.;.;427000;452000;447000;445000;.;.;.;.
"2028 Båtsfjord (1955-2019)";561000;573000;574000;602000;.;.;.;.;461000;469000;465000;506000;.;.;.;.
"2030 Sør-Varanger (-2019)";627000;621000;639000;662000;.;.;.;.;504000;503000;523000;539000;.;.;.;.
"2099 Unknown municipalities, Finnmark";.;.;.;.;.;.;.;.;.;.;.;.;.;.;.;.
"2111 Longyearbyen planning area";.;.;.;.;.;.;.;.;.;.;.;.;.;.;.;.
"2112 Ny-Ålesund planning area";.;.;.;.;.;.;.;.;.;.;.;.;.;.;.;.
"2115 Sveagruva planning area";.;.;.;.;.;.;.;.;.;.;.;.;.;.;.;.
"2121 Bjørnøya naturereserve";.;.;.;.;.;.;.;.;.;.;.;.;.;.;.;.
"2131 Hopen naturereserve";.;.;.;.;.;.;.;.;.;.;.;.;.;.;.;.
"2199 Unknown munipalities in Svalbard";.;.;.;.;.;.;.;.;.;.;.;.;.;.;.;.
"2211 Jan Mayen";.;.;.;.;.;.;.;.;.;.;.;.;.;.;.;.
"2299 Unknown  in Jan Mayen";.;.;.;.;.;.;.;.;.;.;.;.;.;.;.;.
"2300 Continental shelf";.;.;.;.;.;.;.;.;.;.;.;.;.;.;.;.
"2311 The continental shelf south of 62 degrees north latitude";.;.;.;.;.;.;.;.;.;.;.;.;.;.;.;.
"2321 The continental shelf north of 62 degrees north latitude";.;.;.;.;.;.;.;.;.;.;.;.;.;.;.;.
"2399 The continental shelf, unspecified";.;.;.;.;.;.;.;.;.;.;.;.;.;.;.;.
"2599 Foreign countries, unspecified";.;.;.;.;.;.;.;.;.;.;.;.;.;.;.;.
"9999 Unknown municipality";.;.;.;.;.;.;.;.;.;.;.;.;.;.;.;.
