"sourceCode","sourceName","targetCode","targetName","changeOccurred"
"1103","Stavanger","1103","Stavanger","2020-01-01"
"1141","Finnøy","1103","Stavanger","2020-01-01"
"1142","Rennesøy","1103","Stavanger","2020-01-01"
"1102","Sandnes","1108","Sandnes","2020-01-01"
"1129","Forsand","1108","Sandnes","2020-01-01"
"1502","Molde","1506","Molde","2020-01-01"
"1543","Nesset","1506","Molde","2020-01-01"
"1545","Midsund","1506","Molde","2020-01-01"
"1504","Ålesund","1507","Ålesund","2020-01-01"
"1523","Ørskog","1507","Ålesund","2020-01-01"
"1529","Skodje","1507","Ålesund","2020-01-01"
"1534","Haram","1507","Ålesund","2020-01-01"
"1546","Sandøy","1507","Ålesund","2020-01-01"
"1514","Sande (Møre og Romsdal)","1514","Sande","2020-01-01"
"1444","Hornindal","1577","Volda","2020-01-01"
"1519","Volda","1577","Volda","2020-01-01"
"1524","Norddal","1578","Fjord","2020-01-01"
"1526","Stordal","1578","Fjord","2020-01-01"
"1548","Fræna","1579","Hustadvika","2020-01-01"
"1551","Eide","1579","Hustadvika","2020-01-01"
"1805","Narvik","1806","Narvik","2020-01-01"
"1850","Tysfjord - Divtasvuodna","1806","Narvik","2020-01-01"
"1854","Ballangen","1806","Narvik","2020-01-01"
"1826","Hattfjelldal","1826","Aarborte - Hattfjelldal","2020-01-01"
"1867","Bø (Nordland)","1867","Bø","2020-01-01"
"1849","Hábmer - Hamarøy","1875","Hábmer - Hamarøy","2020-01-01"
"1850","Tysfjord - Divtasvuodna","1875","Hábmer - Hamarøy","2020-01-01"
"0101","Halden","3001","Halden","2020-01-01"
"0104","Moss","3002","Moss","2020-01-01"
"0136","Rygge","3002","Moss","2020-01-01"
"0105","Sarpsborg","3003","Sarpsborg","2020-01-01"
"0106","Fredrikstad","3004","Fredrikstad","2020-01-01"
"0602","Drammen","3005","Drammen","2020-01-01"
"0625","Nedre Eiker","3005","Drammen","2020-01-01"
"0711","Svelvik","3005","Drammen","2020-01-01"
"0604","Kongsberg","3006","Kongsberg","2020-01-01"
"0605","Ringerike","3007","Ringerike","2020-01-01"
"0111","Hvaler","3011","Hvaler","2020-01-01"
"0118","Aremark","3012","Aremark","2020-01-01"
"0119","Marker","3013","Marker","2020-01-01"
"0122","Trøgstad","3014","Indre Østfold","2020-01-01"
"0123","Spydeberg","3014","Indre Østfold","2020-01-01"
"0124","Askim","3014","Indre Østfold","2020-01-01"
"0125","Eidsberg","3014","Indre Østfold","2020-01-01"
"0138","Hobøl","3014","Indre Østfold","2020-01-01"
"0127","Skiptvet","3015","Skiptvet","2020-01-01"
"0128","Rakkestad","3016","Rakkestad","2020-01-01"
"0135","Råde","3017","Råde","2020-01-01"
"0137","Våler (Østfold)","3018","Våler (Viken)","2020-01-01"
"0211","Vestby","3019","Vestby","2020-01-01"
"0213","Ski","3020","Nordre Follo","2020-01-01"
"0217","Oppegård","3020","Nordre Follo","2020-01-01"
"0214","Ås","3021","Ås","2020-01-01"
"0215","Frogn","3022","Frogn","2020-01-01"
"0216","Nesodden","3023","Nesodden","2020-01-01"
"0219","Bærum","3024","Bærum","2020-01-01"
"0220","Asker","3025","Asker","2020-01-01"
"0627","Røyken","3025","Asker","2020-01-01"
"0628","Hurum","3025","Asker","2020-01-01"
"0121","Rømskog","3026","Aurskog-Høland","2020-01-01"
"0221","Aurskog-Høland","3026","Aurskog-Høland","2020-01-01"
"0228","Rælingen","3027","Rælingen","2020-01-01"
"0229","Enebakk","3028","Enebakk","2020-01-01"
"0230","Lørenskog","3029","Lørenskog","2020-01-01"
"0226","Sørum","3030","Lillestrøm","2020-01-01"
"0227","Fet","3030","Lillestrøm","2020-01-01"
"0231","Skedsmo","3030","Lillestrøm","2020-01-01"
"0233","Nittedal","3031","Nittedal","2020-01-01"
"0234","Gjerdrum","3032","Gjerdrum","2020-01-01"
"0235","Ullensaker","3033","Ullensaker","2020-01-01"
"0236","Nes (Akershus)","3034","Nes","2020-01-01"
"0237","Eidsvoll","3035","Eidsvoll","2020-01-01"
"0238","Nannestad","3036","Nannestad","2020-01-01"
"0239","Hurdal","3037","Hurdal","2020-01-01"
"0612","Hole","3038","Hole","2020-01-01"
"0615","Flå","3039","Flå","2020-01-01"
"0616","Nes (Buskerud)","3040","Nesbyen","2020-01-01"
"0617","Gol","3041","Gol","2020-01-01"
"0618","Hemsedal","3042","Hemsedal","2020-01-01"
"0619","Ål","3043","Ål","2020-01-01"
"0620","Hol","3044","Hol","2020-01-01"
"0621","Sigdal","3045","Sigdal","2020-01-01"
"0622","Krødsherad","3046","Krødsherad","2020-01-01"
"0623","Modum","3047","Modum","2020-01-01"
"0624","Øvre Eiker","3048","Øvre Eiker","2020-01-01"
"0626","Lier","3049","Lier","2020-01-01"
"0631","Flesberg","3050","Flesberg","2020-01-01"
"0632","Rollag","3051","Rollag","2020-01-01"
"0633","Nore og Uvdal","3052","Nore og Uvdal","2020-01-01"
"0532","Jevnaker","3053","Jevnaker","2020-01-01"
"0533","Lunner","3054","Lunner","2020-01-01"
"0402","Kongsvinger","3401","Kongsvinger","2020-01-01"
"0403","Hamar","3403","Hamar","2020-01-01"
"0501","Lillehammer","3405","Lillehammer","2020-01-01"
"0502","Gjøvik","3407","Gjøvik","2020-01-01"
"0412","Ringsaker","3411","Ringsaker","2020-01-01"
"0415","Løten","3412","Løten","2020-01-01"
"0417","Stange","3413","Stange","2020-01-01"
"0418","Nord-Odal","3414","Nord-Odal","2020-01-01"
"0419","Sør-Odal","3415","Sør-Odal","2020-01-01"
"0420","Eidskog","3416","Eidskog","2020-01-01"
"0423","Grue","3417","Grue","2020-01-01"
"0425","Åsnes","3418","Åsnes","2020-01-01"
"0426","Våler (Hedmark)","3419","Våler (Innlandet)","2020-01-01"
"0427","Elverum","3420","Elverum","2020-01-01"
"0428","Trysil","3421","Trysil","2020-01-01"
"0429","Åmot","3422","Åmot","2020-01-01"
"0430","Stor-Elvdal","3423","Stor-Elvdal","2020-01-01"
"0432","Rendalen","3424","Rendalen","2020-01-01"
"0434","Engerdal","3425","Engerdal","2020-01-01"
"0436","Tolga","3426","Tolga","2020-01-01"
"0437","Tynset","3427","Tynset","2020-01-01"
"0438","Alvdal","3428","Alvdal","2020-01-01"
"0439","Folldal","3429","Folldal","2020-01-01"
"0441","Os (Hedmark)","3430","Os","2020-01-01"
"0511","Dovre","3431","Dovre","2020-01-01"
"0512","Lesja","3432","Lesja","2020-01-01"
"0513","Skjåk","3433","Skjåk","2020-01-01"
"0514","Lom","3434","Lom","2020-01-01"
"0515","Vågå","3435","Vågå","2020-01-01"
"0516","Nord-Fron","3436","Nord-Fron","2020-01-01"
"0517","Sel","3437","Sel","2020-01-01"
"0519","Sør-Fron","3438","Sør-Fron","2020-01-01"
"0520","Ringebu","3439","Ringebu","2020-01-01"
"0521","Øyer","3440","Øyer","2020-01-01"
"0522","Gausdal","3441","Gausdal","2020-01-01"
"0528","Østre Toten","3442","Østre Toten","2020-01-01"
"0529","Vestre Toten","3443","Vestre Toten","2020-01-01"
"0534","Gran","3446","Gran","2020-01-01"
"0536","Søndre Land","3447","Søndre Land","2020-01-01"
"0538","Nordre Land","3448","Nordre Land","2020-01-01"
"0540","Sør-Aurdal","3449","Sør-Aurdal","2020-01-01"
"0541","Etnedal","3450","Etnedal","2020-01-01"
"0542","Nord-Aurdal","3451","Nord-Aurdal","2020-01-01"
"0543","Vestre Slidre","3452","Vestre Slidre","2020-01-01"
"0544","Øystre Slidre","3453","Øystre Slidre","2020-01-01"
"0545","Vang","3454","Vang","2020-01-01"
"0701","Horten","3801","Horten","2020-01-01"
"0713","Sande (Vestfold)","3802","Holmestrand","2020-01-01"
"0715","Holmestrand","3802","Holmestrand","2020-01-01"
"0704","Tønsberg","3803","Tønsberg","2020-01-01"
"0716","Re","3803","Tønsberg","2020-01-01"
"0710","Sandefjord","3804","Sandefjord","2020-01-01"
"0712","Larvik","3805","Larvik","2020-01-01"
"0805","Porsgrunn","3806","Porsgrunn","2020-01-01"
"0806","Skien","3807","Skien","2020-01-01"
"0807","Notodden","3808","Notodden","2020-01-01"
"0729","Færder","3811","Færder","2020-01-01"
"0811","Siljan","3812","Siljan","2020-01-01"
"0814","Bamble","3813","Bamble","2020-01-01"
"0815","Kragerø","3814","Kragerø","2020-01-01"
"0817","Drangedal","3815","Drangedal","2020-01-01"
"0819","Nome","3816","Nome","2020-01-01"
"0821","Bø (Telemark)","3817","Midt-Telemark","2020-01-01"
"0822","Sauherad","3817","Midt-Telemark","2020-01-01"
"0826","Tinn","3818","Tinn","2020-01-01"
"0827","Hjartdal","3819","Hjartdal","2020-01-01"
"0828","Seljord","3820","Seljord","2020-01-01"
"0829","Kviteseid","3821","Kviteseid","2020-01-01"
"0830","Nissedal","3822","Nissedal","2020-01-01"
"0831","Fyresdal","3823","Fyresdal","2020-01-01"
"0833","Tokke","3824","Tokke","2020-01-01"
"0834","Vinje","3825","Vinje","2020-01-01"
"0901","Risør","4201","Risør","2020-01-01"
"0904","Grimstad","4202","Grimstad","2020-01-01"
"0906","Arendal","4203","Arendal","2020-01-01"
"1001","Kristiansand","4204","Kristiansand","2020-01-01"
"1017","Songdalen","4204","Kristiansand","2020-01-01"
"1018","Søgne","4204","Kristiansand","2020-01-01"
"1002","Mandal","4205","Lindesnes","2020-01-01"
"1021","Marnardal","4205","Lindesnes","2020-01-01"
"1029","Lindesnes","4205","Lindesnes","2020-01-01"
"1003","Farsund","4206","Farsund","2020-01-01"
"1004","Flekkefjord","4207","Flekkefjord","2020-01-01"
"0911","Gjerstad","4211","Gjerstad","2020-01-01"
"0912","Vegårshei","4212","Vegårshei","2020-01-01"
"0914","Tvedestrand","4213","Tvedestrand","2020-01-01"
"0919","Froland","4214","Froland","2020-01-01"
"0926","Lillesand","4215","Lillesand","2020-01-01"
"0928","Birkenes","4216","Birkenes","2020-01-01"
"0929","Åmli","4217","Åmli","2020-01-01"
"0935","Iveland","4218","Iveland","2020-01-01"
"0937","Evje og Hornnes","4219","Evje og Hornnes","2020-01-01"
"0938","Bygland","4220","Bygland","2020-01-01"
"0940","Valle","4221","Valle","2020-01-01"
"0941","Bykle","4222","Bykle","2020-01-01"
"1014","Vennesla","4223","Vennesla","2020-01-01"
"1026","Åseral","4224","Åseral","2020-01-01"
"1027","Audnedal","4225","Lyngdal","2020-01-01"
"1032","Lyngdal","4225","Lyngdal","2020-01-01"
"1034","Hægebostad","4226","Hægebostad","2020-01-01"
"1037","Kvinesdal","4227","Kvinesdal","2020-01-01"
"1046","Sirdal","4228","Sirdal","2020-01-01"
"1201","Bergen","4601","Bergen","2020-01-01"
"1401","Flora","4602","Kinn","2020-01-01"
"1439","Vågsøy","4602","Kinn","2020-01-01"
"1211","Etne","4611","Etne","2020-01-01"
"1216","Sveio","4612","Sveio","2020-01-01"
"1219","Bømlo","4613","Bømlo","2020-01-01"
"1221","Stord","4614","Stord","2020-01-01"
"1222","Fitjar","4615","Fitjar","2020-01-01"
"1223","Tysnes","4616","Tysnes","2020-01-01"
"1224","Kvinnherad","4617","Kvinnherad","2020-01-01"
"1227","Jondal","4618","Ullensvang","2020-01-01"
"1228","Odda","4618","Ullensvang","2020-01-01"
"1231","Ullensvang","4618","Ullensvang","2020-01-01"
"1232","Eidfjord","4619","Eidfjord","2020-01-01"
"1233","Ulvik","4620","Ulvik","2020-01-01"
"1234","Granvin","4621","Voss","2020-01-01"
"1235","Voss","4621","Voss","2020-01-01"
"1238","Kvam","4622","Kvam","2020-01-01"
"1242","Samnanger","4623","Samnanger","2020-01-01"
"1241","Fusa","4624","Bjørnafjorden","2020-01-01"
"1243","Os (Hordaland)","4624","Bjørnafjorden","2020-01-01"
"1244","Austevoll","4625","Austevoll","2020-01-01"
"1245","Sund","4626","Øygarden","2020-01-01"
"1246","Fjell","4626","Øygarden","2020-01-01"
"1259","Øygarden","4626","Øygarden","2020-01-01"
"1247","Askøy","4627","Askøy","2020-01-01"
"1251","Vaksdal","4628","Vaksdal","2020-01-01"
"1252","Modalen","4629","Modalen","2020-01-01"
"1253","Osterøy","4630","Osterøy","2020-01-01"
"1256","Meland","4631","Alver","2020-01-01"
"1260","Radøy","4631","Alver","2020-01-01"
"1263","Lindås","4631","Alver","2020-01-01"
"1264","Austrheim","4632","Austrheim","2020-01-01"
"1265","Fedje","4633","Fedje","2020-01-01"
"1266","Masfjorden","4634","Masfjorden","2020-01-01"
"1411","Gulen","4635","Gulen","2020-01-01"
"1412","Solund","4636","Solund","2020-01-01"
"1413","Hyllestad","4637","Hyllestad","2020-01-01"
"1416","Høyanger","4638","Høyanger","2020-01-01"
"1417","Vik","4639","Vik","2020-01-01"
"1418","Balestrand","4640","Sogndal","2020-01-01"
"1419","Leikanger","4640","Sogndal","2020-01-01"
"1420","Sogndal","4640","Sogndal","2020-01-01"
"1421","Aurland","4641","Aurland","2020-01-01"
"1422","Lærdal","4642","Lærdal","2020-01-01"
"1424","Årdal","4643","Årdal","2020-01-01"
"1426","Luster","4644","Luster","2020-01-01"
"1428","Askvoll","4645","Askvoll","2020-01-01"
"1429","Fjaler","4646","Fjaler","2020-01-01"
"1430","Gaular","4647","Sunnfjord","2020-01-01"
"1431","Jølster","4647","Sunnfjord","2020-01-01"
"1432","Førde","4647","Sunnfjord","2020-01-01"
"1433","Naustdal","4647","Sunnfjord","2020-01-01"
"1438","Bremanger","4648","Bremanger","2020-01-01"
"1441","Selje","4649","Stad","2020-01-01"
"1443","Eid","4649","Stad","2020-01-01"
"1445","Gloppen","4650","Gloppen","2020-01-01"
"1449","Stryn","4651","Stryn","2020-01-01"
"5001","Trondheim","5001","Trondheim","2020-01-01"
"5030","Klæbu","5001","Trondheim","2020-01-01"
"5004","Steinkjer","5006","Steinkjer","2020-01-01"
"5039","Verran","5006","Steinkjer","2020-01-01"
"5005","Namsos - Nåavmesjenjaelmie","5007","Namsos - Nåavmesjenjaelmie","2020-01-01"
"5040","Namdalseid","5007","Namsos - Nåavmesjenjaelmie","2020-01-01"
"5048","Fosnes","5007","Namsos - Nåavmesjenjaelmie","2020-01-01"
"1571","Halsa","5055","Heim","2020-01-01"
"5011","Hemne","5055","Heim","2020-01-01"
"5012","Snillfjord","5055","Heim","2020-01-01"
"5012","Snillfjord","5056","Hitra","2020-01-01"
"5013","Hitra","5056","Hitra","2020-01-01"
"5015","Ørland","5057","Ørland","2020-01-01"
"5017","Bjugn","5057","Ørland","2020-01-01"
"5018","Åfjord","5058","Åfjord","2020-01-01"
"5019","Roan","5058","Åfjord","2020-01-01"
"5012","Snillfjord","5059","Orkland","2020-01-01"
"5016","Agdenes","5059","Orkland","2020-01-01"
"5023","Meldal","5059","Orkland","2020-01-01"
"5024","Orkdal","5059","Orkland","2020-01-01"
"5050","Vikna","5060","Nærøysund","2020-01-01"
"5051","Nærøy","5060","Nærøysund","2020-01-01"
"1902","Tromsø","5401","Tromsø","2020-01-01"
"1903","Harstad - Hárstták","5402","Harstad - Hárstták","2020-01-01"
"2012","Alta","5403","Alta","2020-01-01"
"2002","Vardø","5404","Vardø","2020-01-01"
"2003","Vadsø","5405","Vadsø","2020-01-01"
"2004","Hammerfest - Hámmerfeasta","5406","Hammerfest - Hámmerfeasta","2020-01-01"
"2017","Kvalsund","5406","Hammerfest - Hámmerfeasta","2020-01-01"
"1911","Kvæfjord","5411","Kvæfjord","2020-01-01"
"1852","Dielddanuorri - Tjeldsund","5412","Dielddanuorri - Tjeldsund","2020-01-01"
"1913","Skånland","5412","Dielddanuorri - Tjeldsund","2020-01-01"
"1917","Ibestad","5413","Ibestad","2020-01-01"
"1919","Gratangen","5414","Gratangen","2020-01-01"
"1920","Loabák - Lavangen","5415","Loabák - Lavangen","2020-01-01"
"1922","Bardu","5416","Bardu","2020-01-01"
"1923","Salangen","5417","Salangen","2020-01-01"
"1924","Målselv","5418","Målselv","2020-01-01"
"1925","Sørreisa","5419","Sørreisa","2020-01-01"
"1926","Dyrøy","5420","Dyrøy","2020-01-01"
"1927","Tranøy","5421","Senja","2020-01-01"
"1928","Torsken","5421","Senja","2020-01-01"
"1929","Berg","5421","Senja","2020-01-01"
"1931","Lenvik","5421","Senja","2020-01-01"
"1933","Balsfjord","5422","Balsfjord","2020-01-01"
"1936","Karlsøy","5423","Karlsøy","2020-01-01"
"1938","Lyngen","5424","Lyngen","2020-01-01"
"1939","Storfjord - Omasvuotna - Omasvuono","5425","Storfjord - Omasvuotna - Omasvuono","2020-01-01"
"1940","Gáivuotna - Kåfjord - Kaivuono","5426","Gáivuotna - Kåfjord - Kaivuono","2020-01-01"
"1941","Skjervøy","5427","Skjervøy","2020-01-01"
"1942","Nordreisa - Ráisa - Raisi","5428","Nordreisa - Ráisa - Raisi","2020-01-01"
"1943","Kvænangen","5429","Kvænangen","2020-01-01"
"2011","Guovdageaidnu - Kautokeino","5430","Guovdageaidnu - Kautokeino","2020-01-01"
"2014","Loppa","5432","Loppa","2020-01-01"
"2015","Hasvik","5433","Hasvik","2020-01-01"
"2018","Måsøy","5434","Måsøy","2020-01-01"
"2019","Nordkapp","5435","Nordkapp","2020-01-01"
"2020","Porsanger - Porsángu - Porsanki","5436","Porsanger - Porsángu - Porsanki","2020-01-01"
"2021","Kárášjohka - Karasjok","5437","Kárášjohka - Karasjok","2020-01-01"
"2022","Lebesby","5438","Lebesby","2020-01-01"
"2023","Gamvik","5439","Gamvik","2020-01-01"
"2024","Berlevåg","5440","Berlevåg","2020-01-01"
"2025","Deatnu - Tana","5441","Deatnu - Tana","2020-01-01"
"2027","Unjárga - Nesseby","5442","Unjárga - Nesseby","2020-01-01"
"2028","Båtsfjord","5443","Båtsfjord","2020-01-01"
"2030","Sør-Varanger","5444","Sør-Varanger","2020-01-01"
