"13227: Public charging points and municipal zero-emission vehicles, 2020 municipal structure, by region and year"
"region";"2015 Electric car per charging point (number)";"2015 Electric cars (number)";"2015 Charging point (number)";"2015 Normal charging (number)";"2015 Fast charging (number)";"2015 Lightning charging (number)";"2016 Electric car per charging point (number)";"2016 Electric cars (number)";"2016 Charging point (number)";"2016 Normal charging (number)";"2016 Fast charging (number)";"2016 Lightning charging (number)";"2017 Electric car per charging point (number)";"2017 Electric cars (number)";"2017 Charging point (number)";"2017 Normal charging (number)";"2017 Fast charging (number)";"2017 Lightning charging (number)";"2018 Electric car per charging point (number)";"2018 Electric cars (number)";"2018 Charging point (number)";"2018 Normal charging (number)";"2018 Fast charging (number)";"2018 Lightning charging (number)";"2019 Electric car per charging point (number)";"2019 Electric cars (number)";"2019 Charging point (number)";"2019 Normal charging (number)";"2019 Fast charging (number)";"2019 Lightning charging (number)";"2020 Electric car per charging point (number)";"2020 Electric cars (number)";"2020 Charging point (number)";"2020 Normal charging (number)";"2020 Fast charging (number)";"2020 Lightning charging (number)";"2021 Electric car per charging point (number)";"2021 Electric cars (number)";"2021 Charging point (number)";"2021 Normal charging (number)";"2021 Fast charging (number)";"2021 Lightning charging (number)";"2022 Electric car per charging point (number)";"2022 Electric cars (number)";"2022 Charging point (number)";"2022 Normal charging (number)";"2022 Fast charging (number)";"2022 Lightning charging (number)";"2023 Electric car per charging point (number)";"2023 Electric cars (number)";"2023 Charging point (number)";"2023 Normal charging (number)";"2023 Fast charging (number)";"2023 Lightning charging (number)"
"0301 Oslo";6;11699;2111;2067;44;0;8;16773;2111;2067;44;0;13;24808;1941;1881;60;0;17;36148;2066;1969;97;0;24;49688;2106;1987;119;0;22;67782;3080;2796;284;0;28;89723;3254;2919;335;0;31;111301;3545;3063;469;13;37;119721;3208;2622;497;89
"1101 Eigersund";13;67;5;4;1;0;17;84;5;4;1;0;13;119;9;6;3;0;13;199;15;12;3;0;19;287;15;12;3;0;15;393;27;19;8;0;20;633;31;21;10;0;29;888;31;21;10;0;38;1099;29;19;10;0
"1103 Stavanger";13;2175;168;161;7;0;17;2839;168;161;7;0;26;3973;152;145;7;0;35;6391;185;164;21;0;24;8707;364;331;33;0;23;10758;468;375;93;0;27;14188;518;411;107;0;33;17863;548;425;123;0;34;20562;599;411;186;2
"1106 Haugesund";10;419;42;41;1;0;14;570;42;41;1;0;23;837;37;36;1;0;27;1144;42;38;4;0;36;1508;42;38;4;0;32;2005;63;48;15;0;37;2778;75;60;15;0;47;3619;77;63;14;0;52;4171;80;40;34;6
"1108 Sandnes";29;1294;45;42;3;0;38;1726;45;42;3;0;42;2464;58;51;7;0;79;4329;55;45;10;0;55;5811;105;77;24;4;31;6865;220;155;61;4;41;8912;220;155;61;4;49;10923;225;155;64;6;55;12368;224;144;66;14
"1111 Sokndal";0;13;..;..;..;..;0;21;..;..;..;..;0;28;..;..;..;..;0;43;..;..;..;..;16;63;4;3;1;0;16;81;5;3;2;0;22;112;5;3;2;0;22;153;7;5;2;0;26;184;7;5;2;0
"1112 Lund";2;8;4;2;2;0;2;9;4;2;2;0;2;14;8;4;4;0;2;18;8;4;4;0;5;36;8;4;4;0;4;52;12;4;8;0;4;81;20;4;16;0;8;153;20;4;16;0;10;193;20;4;16;0
"1114 Bjerkreim";7;26;4;2;2;0;8;33;4;2;2;0;11;43;4;2;2;0;3;62;20;4;16;0;4;75;20;4;16;0;4;94;26;6;20;0;5;142;28;8;20;0;7;195;28;8;20;0;9;238;28;8;20;0
"1119 Hå";0;121;..;..;..;..;0;176;..;..;..;..;0;258;..;..;..;..;96;382;4;2;2;0;131;525;4;2;2;0;113;676;6;2;4;0;12;961;81;71;10;0;18;1279;73;63;10;0;20;1592;79;63;16;0
"1120 Klepp";21;236;11;9;2;0;28;312;11;9;2;0;112;446;4;2;2;0;174;695;4;2;2;0;221;885;4;2;2;0;185;1112;6;2;4;0;249;1491;6;2;4;0;321;1923;6;0;6;0;259;2327;9;3;6;0
"1121 Time";75;226;3;2;1;0;98;293;3;2;1;0;131;393;3;2;1;0;86;600;7;4;3;0;112;783;7;4;3;0;56;1015;18;4;14;0;81;1455;18;4;14;0;103;1855;18;4;14;0;133;2262;17;3;14;0
"1122 Gjesdal";26;183;7;5;2;0;33;231;7;5;2;0;48;337;7;3;4;0;61;491;8;4;4;0;48;618;13;4;9;0;37;733;20;4;16;0;36;1008;28;4;24;0;41;1273;31;5;26;0;48;1473;31;5;26;0
"1124 Sola";13;623;47;46;1;0;17;799;47;46;1;0;16;1159;73;72;1;0;24;1895;79;75;4;0;19;2513;135;131;4;0;21;2873;134;129;5;0;26;3502;134;129;5;0;29;4260;149;131;18;0;20;4828;244;218;26;0
"1127 Randaberg";83;250;3;2;1;0;113;339;3;2;1;0;239;477;2;1;1;0;126;756;6;3;3;0;164;983;6;3;3;0;68;1164;17;7;10;0;68;1425;21;11;10;0;73;1686;23;7;16;0;81;1861;23;7;16;0
"1130 Strand";82;164;2;2;0;0;95;190;2;2;0;0;125;249;2;2;0;0;93;371;4;2;2;0;69;553;8;4;4;0;71;853;12;4;8;0;33;1260;38;26;12;0;37;1574;42;26;16;0;50;1857;37;24;13;0
"1133 Hjelmeland";0;14;..;..;..;..;0;19;..;..;..;..;0;25;..;..;..;..;9;37;4;2;2;0;16;63;4;2;2;0;16;97;6;2;4;0;23;139;6;2;4;0;38;230;6;2;4;0;45;270;6;2;4;0
"1134 Suldal";2;10;6;5;1;0;2;14;6;5;1;0;3;21;7;6;1;0;4;38;10;9;1;0;5;54;10;9;1;0;8;83;11;9;2;0;7;124;19;12;7;0;11;194;17;10;7;0;12;267;23;12;11;0
"1135 Sauda";1;3;3;2;1;0;2;7;3;2;1;0;4;11;3;2;1;0;6;19;3;2;1;0;11;34;3;2;1;0;4;58;16;4;12;0;7;104;16;4;12;0;11;173;16;4;12;0;14;230;16;4;12;0
"1144 Kvitsøy";0;14;..;..;..;..;0;13;..;..;..;..;0;15;..;..;..;..;0;28;..;..;..;..;0;32;..;..;..;..;0;30;..;..;..;..;0;34;..;..;..;..;0;41;..;..;..;..;24;47;2;2;0;0
"1145 Bokn";0;25;..;..;..;..;0;31;..;..;..;..;0;33;..;..;..;..;0;40;..;..;..;..;6;51;8;8;0;0;8;60;8;8;0;0;9;72;8;8;0;0;11;90;8;8;0;0;14;101;7;2;5;0
"1146 Tysvær";9;183;20;10;10;0;12;243;20;10;10;0;17;349;20;10;10;0;18;455;25;12;13;0;16;583;36;14;22;0;12;713;58;14;44;0;17;961;56;12;44;0;24;1175;50;12;38;0;36;1417;39;3;36;0
"1149 Karmøy";17;541;32;29;3;0;26;825;32;29;3;0;33;1228;37;31;6;0;68;1700;25;19;6;0;76;2197;29;20;9;0;70;2678;38;20;18;0;74;3621;49;25;24;0;63;4480;71;29;42;0;69;5241;76;29;47;0
"1151 Utsira";0;2;..;..;..;..;0;2;..;..;..;..;0;2;..;..;..;..;0;2;..;..;..;..;0;2;..;..;..;..;0;3;..;..;..;..;0;7;..;..;..;..;0;10;..;..;..;..;0;16;..;..;..;..
"1160 Vindafjord";8;62;8;6;2;0;10;79;8;6;2;0;17;118;7;5;2;0;11;171;15;8;7;0;14;257;19;10;9;0;12;351;30;10;20;0;16;517;32;12;20;0;25;737;30;11;19;0;31;863;28;9;19;0
"1505 Kristiansund";19;171;9;8;1;0;24;220;9;8;1;0;32;284;9;8;1;0;58;408;7;6;1;0;37;554;15;14;1;0;23;780;34;24;10;0;23;1257;54;32;22;0;31;1951;62;40;22;0;31;2418;78;48;30;0
"1506 Molde";6;177;28;27;1;0;9;248;28;27;1;0;12;343;28;27;1;0;16;500;31;27;4;0;11;743;65;55;10;0;13;1049;80;58;22;0;21;1616;78;56;22;0;28;2563;93;65;28;0;25;3265;132;83;49;0
"1507 Ålesund";11;508;47;44;3;0;15;703;47;44;3;0;18;901;51;46;5;0;13;1180;89;64;25;0;19;1650;89;64;25;0;19;2432;126;68;58;0;29;3890;132;68;64;0;40;6458;160;70;84;6;39;8016;208;102;96;10
"1508 Ålesund";.;.;.;.;.;.;.;.;.;.;.;.;.;.;.;.;.;.;.;.;.;.;.;.;.;.;.;.;.;.;.;.;.;.;.;.;.;.;.;.;.;.;.;.;.;.;.;.;.;.;.;.;.;.
"1511 Vanylven";0;9;..;..;..;..;0;11;..;..;..;..;0;12;..;..;..;..;7;22;3;2;1;0;10;30;3;2;1;0;12;49;4;2;2;0;22;87;4;2;2;0;80;160;2;0;2;0;106;211;2;0;2;0
"1514 Sande";0;7;..;..;..;..;0;10;..;..;..;..;0;12;..;..;..;..;0;22;..;..;..;..;0;25;..;..;..;..;0;44;..;..;..;..;0;71;..;..;..;..;0;137;..;..;..;..;0;176;..;..;..;..
"1515 Herøy (Møre og Romsdal)";8;47;6;6;0;0;10;59;6;6;0;0;7;79;11;10;1;0;7;101;15;13;2;0;10;154;15;13;2;0;14;241;17;13;4;0;26;438;17;13;4;0;44;745;17;13;4;0;45;955;21;17;4;0
"1516 Ulstein";13;51;4;4;0;0;18;73;4;4;0;0;27;106;4;4;0;0;15;151;10;8;2;0;23;234;10;8;2;0;18;362;20;9;11;0;28;566;20;9;11;0;43;860;20;9;11;0;71;1137;16;5;11;0
"1517 Hareid";0;23;..;..;..;..;0;28;..;..;..;..;37;37;1;1;0;0;7;52;7;7;0;0;13;94;7;7;0;0;20;142;7;7;0;0;17;226;13;13;0;0;11;358;33;33;0;0;14;471;33;33;0;0
"1520 Ørsta";11;42;4;4;0;0;14;57;4;4;0;0;22;87;4;4;0;0;30;118;4;4;0;0;15;177;12;12;0;0;30;301;10;10;0;0;13;464;35;15;20;0;19;766;41;21;20;0;23;968;43;23;20;0
"1525 Stranda";0;11;53;52;1;0;0;20;53;52;1;0;1;30;52;51;1;0;1;43;51;50;1;0;1;58;51;50;1;0;1;87;60;51;9;0;3;152;60;51;9;0;4;255;62;53;9;0;6;319;51;42;9;0
"1528 Sykkylven";17;104;6;6;0;0;20;119;6;6;0;0;33;132;4;4;0;0;34;134;4;4;0;0;44;175;4;4;0;0;56;223;4;4;0;0;31;340;11;7;4;0;44;488;11;7;4;0;72;644;9;5;4;0
"1531 Sula";0;60;..;..;..;..;0;84;..;..;..;..;0;123;..;..;..;..;42;167;4;4;0;0;58;230;4;4;0;0;79;316;4;4;0;0;53;527;10;4;6;0;88;878;10;4;6;0;111;1114;10;4;6;0
"1532 Giske";33;65;2;2;0;0;48;95;2;2;0;0;66;131;2;2;0;0;87;174;2;2;0;0;9;257;28;26;2;0;10;386;39;27;12;0;15;598;39;27;12;0;25;976;39;27;12;0;19;1190;63;51;12;0
"1535 Vestnes";11;42;4;2;2;0;19;74;4;2;2;0;28;111;4;2;2;0;44;174;4;2;2;0;61;243;4;2;2;0;49;294;6;2;4;0;68;407;6;2;4;0;92;551;6;2;4;0;108;647;6;2;4;0
"1539 Rauma";1;39;75;74;1;0;1;58;75;74;1;0;1;92;77;75;2;0;2;132;85;75;10;0;2;187;85;75;10;0;2;249;112;81;31;0;3;303;118;81;33;4;4;453;120;83;33;4;9;540;60;13;31;16
"1547 Aukra";0;19;..;..;..;..;0;33;..;..;..;..;0;44;..;..;..;..;0;68;..;..;..;..;0;98;..;..;..;..;0;149;..;..;..;..;0;216;..;..;..;..;0;338;..;..;..;..;50;401;8;2;6;0
"1554 Averøy";61;303;5;5;0;0;74;370;5;5;0;0;85;425;5;5;0;0;109;545;5;5;0;0;113;563;5;5;0;0;41;577;14;7;7;0;47;654;14;7;7;0;60;846;14;7;7;0;62;984;16;3;7;6
"1557 Gjemnes";0;16;..;..;..;..;0;20;..;..;..;..;7;26;4;2;2;0;11;45;4;2;2;0;16;65;4;2;2;0;14;83;6;2;4;0;22;130;6;2;4;0;32;192;6;2;4;0;39;234;6;2;4;0
"1560 Tingvoll";1;6;8;2;6;0;1;9;8;2;6;0;1;16;16;4;12;0;2;27;16;4;12;0;3;42;16;4;12;0;3;53;20;4;16;0;4;91;24;4;16;4;8;185;24;4;16;4;10;239;24;4;16;4
"1563 Sunndal";7;22;3;2;1;0;8;23;3;2;1;0;3;24;8;4;4;0;6;45;8;4;4;0;9;73;8;4;4;0;9;104;12;4;8;0;15;178;12;4;8;0;13;361;28;14;14;0;13;462;35;14;15;6
"1566 Surnadal";2;16;7;6;1;0;3;22;7;6;1;0;4;30;7;6;1;0;8;38;5;4;1;0;12;62;5;4;1;0;18;110;6;4;2;0;12;183;15;5;10;0;18;348;19;9;10;0;21;415;20;10;10;0
"1573 Smøla";2;7;4;4;0;0;3;10;4;4;0;0;1;11;8;7;1;0;3;19;6;5;1;0;5;28;6;5;1;0;5;38;7;5;2;0;7;72;11;9;2;0;7;125;17;15;2;0;14;159;11;9;2;0
"1576 Aure";7;13;2;2;0;0;9;17;2;2;0;0;11;22;2;2;0;0;0;43;..;..;..;..;0;53;..;..;..;..;12;71;6;2;4;0;12;108;9;3;6;0;22;194;9;3;6;0;26;236;9;3;6;0
"1577 Volda";7;52;8;7;1;0;10;76;8;7;1;0;8;100;12;9;3;0;11;147;13;9;4;0;17;223;13;9;4;0;17;293;17;9;8;0;22;469;21;13;8;0;26;747;29;13;16;0;20;926;47;8;33;6
"1578 Fjord";1;12;24;23;1;0;1;17;24;23;1;0;1;26;18;17;1;0;2;32;18;17;1;0;3;49;18;17;1;0;4;77;19;17;2;0;6;119;19;17;2;0;8;177;22;20;2;0;30;212;7;5;2;0
"1579 Hustadvika";40;80;2;2;0;0;56;112;2;2;0;0;74;147;2;2;0;0;107;214;2;2;0;0;153;305;2;2;0;0;28;416;15;4;11;0;43;638;15;4;11;0;37;1042;28;17;11;0;36;1299;36;19;17;0
"1580 Haram";.;.;.;.;.;.;.;.;.;.;.;.;.;.;.;.;.;.;.;.;.;.;.;.;.;.;.;.;.;.;.;.;.;.;.;.;.;.;.;.;.;.;.;.;.;.;.;.;.;.;.;.;.;.
"1804 Bodø";12;847;71;67;4;0;16;1167;71;67;4;0;25;1598;63;59;4;0;27;2113;79;76;3;0;24;2607;109;104;5;0;25;3107;122;104;18;0;25;4011;162;139;21;2;31;5248;169;143;24;2;35;5971;172;131;35;6
"1806 Narvik";10;143;15;9;6;0;14;213;15;9;6;0;17;311;18;10;8;0;26;468;18;10;8;0;37;671;18;10;8;0;18;878;48;34;14;0;27;1295;48;34;14;0;28;1836;66;36;30;0;21;2308;112;41;65;6
"1811 Bindal";0;4;..;..;..;..;0;5;..;..;..;..;0;6;..;..;..;..;0;13;..;..;..;..;0;21;..;..;..;..;0;24;..;..;..;..;0;35;..;..;..;..;30;59;2;2;0;0;43;85;2;2;0;0
"1812 Sømna";0;7;..;..;..;..;0;11;..;..;..;..;0;12;..;..;..;..;0;20;..;..;..;..;0;24;..;..;..;..;0;33;..;..;..;..;0;55;..;..;..;..;0;99;..;..;..;..;0;134;..;..;..;..
"1813 Brønnøy";0;19;..;..;..;..;0;39;..;..;..;..;0;52;..;..;..;..;8;77;10;8;2;0;6;101;18;16;2;0;7;136;20;16;4;0;11;218;20;16;4;0;14;360;26;22;4;0;10;442;44;40;4;0
"1815 Vega";0;4;..;..;..;..;0;6;..;..;..;..;0;6;..;..;..;..;0;12;..;..;..;..;0;17;..;..;..;..;0;21;..;..;..;..;27;27;1;1;0;0;38;38;1;1;0;0;16;49;3;3;0;0
"1816 Vevelstad";0;1;..;..;..;..;0;2;..;..;..;..;0;6;..;..;..;..;0;8;..;..;..;..;0;9;..;..;..;..;0;12;..;..;..;..;0;14;..;..;..;..;0;19;..;..;..;..;0;30;..;..;..;..
"1818 Herøy (Nordland)";0;1;..;..;..;..;0;1;..;..;..;..;0;2;..;..;..;..;0;8;..;..;..;..;0;14;..;..;..;..;0;20;..;..;..;..;0;45;..;..;..;..;0;62;..;..;..;..;0;78;..;..;..;..
"1820 Alstahaug";0;25;..;..;..;..;0;36;..;..;..;..;8;47;6;4;2;0;12;72;6;4;2;0;13;103;8;6;2;0;14;167;12;8;4;0;19;282;15;9;6;0;28;415;15;9;6;0;20;514;26;16;6;4
"1822 Leirfjord";7;20;3;3;0;0;10;30;3;3;0;0;15;46;3;3;0;0;21;62;3;3;0;0;23;70;3;3;0;0;32;95;3;3;0;0;44;132;3;3;0;0;65;195;3;3;0;0;23;227;10;6;3;1
"1824 Vefsn";6;135;22;11;11;0;8;167;22;11;11;0;12;264;22;11;11;0;19;399;21;11;10;0;21;489;23;13;10;0;14;574;40;16;24;0;18;818;45;21;24;0;20;1209;61;25;36;0;26;1475;56;21;35;0
"1825 Grane";0;2;..;..;..;..;0;3;..;..;..;..;1;6;8;4;4;0;2;13;8;4;4;0;2;18;8;4;4;0;2;25;12;4;8;0;4;47;12;4;8;0;6;75;12;4;8;0;8;99;12;4;8;0
"1826 Hattfjelldal";0;1;..;..;..;..;0;2;..;..;..;..;1;2;3;2;1;0;1;3;3;2;1;0;4;8;2;2;0;0;5;9;2;2;0;0;2;9;4;2;2;0;4;30;8;4;4;0;9;35;4;2;2;0
"1827 Dønna";0;3;..;..;..;..;0;9;..;..;..;..;0;14;..;..;..;..;0;17;..;..;..;..;0;21;..;..;..;..;0;25;..;..;..;..;0;37;..;..;..;..;0;54;..;..;..;..;8;67;8;8;0;0
"1828 Nesna";1;2;2;2;0;0;2;4;2;2;0;0;3;6;2;2;0;0;6;11;2;2;0;0;6;11;2;2;0;0;9;18;2;2;0;0;8;31;4;4;0;0;15;61;4;4;0;0;40;79;2;2;0;0
"1832 Hemnes";2;4;2;1;1;0;6;11;2;1;1;0;5;32;6;2;4;0;7;43;6;3;3;0;10;62;6;3;3;0;10;79;8;2;6;0;16;125;8;2;6;0;28;221;8;2;6;0;24;285;12;4;8;0
"1833 Rana";3;50;19;17;2;0;5;93;19;17;2;0;4;130;31;22;9;0;7;200;29;22;7;0;6;297;51;36;15;0;7;443;67;39;28;0;9;776;85;47;38;0;14;1422;101;49;52;0;19;1826;95;40;55;0
"1834 Lurøy";0;1;..;..;..;..;0;1;..;..;..;..;0;1;..;..;..;..;0;5;..;..;..;..;0;10;..;..;..;..;0;13;..;..;..;..;5;27;5;5;0;0;9;46;5;5;0;0;14;69;5;5;0;0
"1835 Træna";0;0;..;..;..;..;0;0;..;..;..;..;0;0;..;..;..;..;0;1;..;..;..;..;0;2;..;..;..;..;0;4;..;..;..;..;0;5;..;..;..;..;0;5;..;..;..;..;0;6;..;..;..;..
"1836 Rødøy";0;0;..;..;..;..;0;0;..;..;..;..;0;0;..;..;..;..;0;1;..;..;..;..;0;3;..;..;..;..;0;7;..;..;..;..;4;12;3;3;0;0;10;30;3;3;0;0;8;40;5;5;0;0
"1837 Meløy";0;5;..;..;..;..;0;7;..;..;..;..;0;11;..;..;..;..;0;25;..;..;..;..;13;63;5;5;0;0;33;98;3;3;0;0;24;189;8;8;0;0;14;329;24;16;8;0;11;432;38;20;18;0
"1838 Gildeskål";0;9;..;..;..;..;0;11;..;..;..;..;0;21;..;..;..;..;15;30;2;2;0;0;21;41;2;2;0;0;3;50;16;16;0;0;4;74;20;20;0;0;4;110;28;24;4;0;4;136;35;26;9;0
"1839 Beiarn";0;0;..;..;..;..;0;0;..;..;..;..;0;0;..;..;..;..;0;1;..;..;..;..;0;4;..;..;..;..;0;4;..;..;..;..;4;8;2;2;0;0;11;21;2;2;0;0;4;35;9;4;5;0
"1840 Saltdal";0;4;14;8;6;0;0;5;14;8;6;0;0;7;18;10;8;0;1;9;18;10;8;0;1;14;24;16;8;0;1;20;32;16;16;0;2;53;32;16;16;0;3;129;38;16;22;0;4;184;42;10;26;6
"1841 Fauske - Fuossko";5;46;10;9;1;0;6;58;10;9;1;0;7;83;12;9;3;0;3;113;35;32;3;0;4;162;37;32;5;0;5;213;41;31;10;0;7;308;43;33;10;0;12;484;39;29;10;0;12;632;52;25;27;0
"1845 Sørfold";0;1;..;..;..;..;0;3;..;..;..;..;1;5;8;4;4;0;1;9;8;4;4;0;1;9;8;4;4;0;1;15;12;4;8;0;2;24;12;4;8;0;5;55;12;4;8;0;6;70;12;4;8;0
"1848 Steigen";0;4;..;..;..;..;0;5;..;..;..;..;0;7;..;..;..;..;0;15;..;..;..;..;0;24;..;..;..;..;0;34;..;..;..;..;0;50;..;..;..;..;0;83;..;..;..;..;9;112;12;3;9;0
"1851 Lødingen";0;5;..;..;..;..;0;7;..;..;..;..;0;7;..;..;..;..;0;10;..;..;..;..;0;14;..;..;..;..;0;16;..;..;..;..;0;29;..;..;..;..;33;65;2;2;0;0;50;99;2;2;0;0
"1853 Evenes";1;4;4;3;1;0;1;4;4;3;1;0;2;9;4;3;1;0;6;25;4;3;1;0;1;41;56;55;1;0;1;41;58;54;4;0;1;63;60;56;4;0;2;102;60;56;4;0;1;119;118;106;12;0
"1856 Røst";0;2;..;..;..;..;0;2;..;..;..;..;0;2;..;..;..;..;0;5;..;..;..;..;0;8;..;..;..;..;0;13;..;..;..;..;0;19;..;..;..;..;0;26;..;..;..;..;0;31;..;..;..;..
"1857 Værøy";0;3;..;..;..;..;0;4;..;..;..;..;0;7;..;..;..;..;0;7;..;..;..;..;0;8;..;..;..;..;0;13;..;..;..;..;0;24;..;..;..;..;0;34;..;..;..;..;0;35;..;..;..;..
"1859 Flakstad";0;6;..;..;..;..;0;6;..;..;..;..;0;8;..;..;..;..;0;8;..;..;..;..;0;9;..;..;..;..;1;14;10;10;0;0;0;27;..;..;..;..;0;49;..;..;..;..;0;66;..;..;..;..
"1860 Vestvågøy";3;10;3;2;1;0;6;18;3;2;1;0;20;59;3;2;1;0;26;77;3;2;1;0;15;102;7;6;1;0;18;143;8;6;2;0;19;242;13;5;8;0;24;471;20;5;13;2;18;614;34;13;17;4
"1865 Vågan";3;11;4;3;1;0;3;13;4;3;1;0;6;23;4;3;1;0;10;39;4;3;1;0;4;66;16;15;1;0;5;95;21;15;6;0;6;183;29;15;14;0;9;377;40;26;14;0;7;442;68;35;33;0
"1866 Hadsel";0;20;..;..;..;..;0;28;..;..;..;..;0;53;..;..;..;..;0;77;..;..;..;..;13;102;8;8;0;0;20;158;8;8;0;0;34;274;8;8;0;0;21;428;20;8;12;0;9;542;60;42;18;0
"1867 Bø";0;5;..;..;..;..;0;6;..;..;..;..;0;6;..;..;..;..;3;10;4;3;1;0;4;17;4;3;1;0;8;41;5;3;2;0;9;47;5;3;2;0;21;104;5;3;2;0;45;134;3;1;2;0
"1868 Øksnes";0;3;..;..;..;..;0;6;..;..;..;..;0;10;..;..;..;..;0;16;..;..;..;..;0;31;..;..;..;..;0;53;..;..;..;..;0;98;..;..;..;..;0;168;..;..;..;..;20;218;11;6;5;0
"1870 Sortland";12;46;4;3;1;0;13;51;4;3;1;0;35;69;2;1;1;0;27;107;4;2;2;0;14;153;11;8;3;0;17;243;14;8;6;0;24;385;16;8;8;0;21;646;31;19;12;0;21;829;39;24;15;0
"1871 Andøy";5;5;1;1;0;0;8;8;1;1;0;0;19;19;1;1;0;0;27;27;1;1;0;0;41;41;1;1;0;0;16;48;3;3;0;0;6;76;13;9;4;0;6;178;30;16;14;0;7;245;37;21;16;0
"1874 Moskenes";0;2;..;..;..;..;0;3;..;..;..;..;0;4;..;..;..;..;0;4;..;..;..;..;0;4;..;..;..;..;0;5;..;..;..;..;0;13;..;..;..;..;0;30;..;..;..;..;2;33;17;4;13;0
"1875 Hamarøy";0;0;10;2;8;0;0;2;10;2;8;0;0;3;14;4;10;0;1;7;14;5;9;0;1;8;14;5;9;0;1;24;24;7;17;0;2;43;28;11;17;0;3;87;32;10;22;0;3;134;40;10;24;6
"2111 Svalbard";.;.;.;.;.;.;.;.;.;.;.;.;.;.;.;.;.;.;.;.;.;.;.;.;.;.;.;.;.;.;.;.;.;.;.;.;.;.;.;.;.;.;0;..;2;2;0;0;0;..;2;2;0;0
"3001 Halden";2;162;69;65;4;0;4;244;69;65;4;0;5;361;70;63;7;0;8;512;65;57;8;0;9;757;80;67;13;0;8;1070;133;89;44;0;13;1693;133;89;44;0;10;2342;231;141;90;0;9;2759;297;219;70;8
"3002 Moss";7;557;76;67;9;0;10;754;76;67;9;0;15;1071;73;65;8;0;10;1467;141;83;58;0;13;2057;163;88;69;6;15;2810;189;87;96;6;22;4031;182;87;89;6;20;5363;263;151;100;12;18;6227;338;200;106;32
"3003 Sarpsborg";4;304;74;61;13;0;7;485;74;61;13;0;8;684;82;66;16;0;10;1038;106;86;20;0;13;1553;117;92;25;0;13;2336;176;104;72;0;19;3677;192;114;78;0;12;5010;403;259;144;0;16;6192;387;230;151;6
"3004 Fredrikstad";11;650;59;56;3;0;17;1028;59;56;3;0;30;1490;50;47;3;0;40;2268;57;47;10;0;49;3519;72;62;10;0;45;5549;124;80;44;0;60;7958;132;80;52;0;74;10237;139;81;58;0;81;11550;142;78;56;8
"3005 Drammen";9;1073;125;120;5;0;12;1465;125;120;5;0;17;2081;119;111;8;0;21;2879;136;127;9;0;24;3804;159;148;11;0;18;5125;279;193;86;0;27;7562;283;197;86;0;32;10248;324;199;117;8;51;14027;275;122;143;10
"3006 Kongsberg";4;127;29;25;4;0;6;177;29;25;4;0;10;259;26;20;6;0;10;391;38;34;4;0;13;611;48;36;12;0;16;931;58;36;22;0;19;1494;80;40;28;12;20;2164;108;68;28;12;21;2652;128;86;28;14
"3007 Ringerike";2;221;89;66;23;0;4;336;89;66;23;0;5;480;89;66;23;0;7;714;100;75;25;0;10;969;102;77;25;0;8;1353;176;92;84;0;9;1913;212;122;90;0;10;2756;287;189;98;0;10;3179;315;147;146;22
"3011 Hvaler";4;56;16;16;0;0;5;85;16;16;0;0;8;129;16;16;0;0;13;185;14;14;0;0;18;245;14;14;0;0;24;336;14;14;0;0;35;492;14;14;0;0;35;633;18;14;4;0;14;734;52;42;6;4
"3012 Aremark";1;1;2;2;0;0;2;3;2;2;0;0;5;9;2;2;0;0;6;12;2;2;0;0;8;16;2;2;0;0;15;30;2;2;0;0;25;49;2;2;0;0;42;84;2;2;0;0;21;106;5;0;4;1
"3013 Marker";4;20;5;4;1;0;6;28;5;4;1;0;9;54;6;4;2;0;16;93;6;4;2;0;21;124;6;4;2;0;21;168;8;4;4;0;27;218;8;4;4;0;10;315;32;24;8;0;11;340;30;22;8;0
"3014 Indre Østfold";10;414;42;40;2;0;14;584;42;40;2;0;18;904;49;44;5;0;27;1280;47;41;6;0;24;1745;72;43;29;0;29;2350;81;43;38;0;40;3269;81;43;38;0;21;4199;200;148;40;12;23;4821;208;156;46;6
"3015 Skiptvet";3;20;7;7;0;0;5;38;7;7;0;0;8;58;7;7;0;0;17;85;5;5;0;0;21;104;5;5;0;0;29;145;5;5;0;0;42;212;5;5;0;0;7;277;42;42;0;0;8;327;43;43;0;0
"3016 Rakkestad";7;39;6;5;1;0;9;54;6;5;1;0;13;76;6;5;1;0;5;114;23;20;3;0;7;155;23;20;3;0;9;227;26;20;6;0;9;350;38;32;6;0;16;505;32;26;6;0;24;653;27;21;6;0
"3017 Råde";15;89;6;4;2;0;21;128;6;4;2;0;31;183;6;4;2;0;40;241;6;4;2;0;53;315;6;4;2;0;54;431;8;4;4;0;78;627;8;4;4;0;52;834;16;12;4;0;70;984;14;10;4;0
"3018 Våler (Østfold)";1;54;50;50;0;0;2;79;50;50;0;0;3;128;50;50;0;0;4;176;42;42;0;0;6;263;42;42;0;0;9;367;42;42;0;0;12;514;42;42;0;0;13;688;55;55;0;0;22;809;37;32;5;0
"3019 Vestby";12;336;27;22;5;0;17;472;27;22;5;0;21;663;32;26;6;0;25;911;36;27;9;0;22;1214;55;40;15;0;12;1571;126;63;63;0;16;2078;127;61;66;0;16;2659;168;68;100;0;15;3004;197;75;110;12
"3020 Nordre Follo";11;1254;118;113;5;0;14;1627;118;113;5;0;18;2308;128;121;7;0;24;3075;128;121;7;0;26;4097;157;144;13;0;27;5297;198;159;39;0;30;6984;232;185;47;0;27;8636;320;260;60;0;33;9611;288;232;56;0
"3021 Ås";9;378;41;36;5;0;12;507;41;36;5;0;15;712;49;44;5;0;18;968;55;49;6;0;20;1245;62;51;11;0;17;1510;89;49;40;0;22;1933;87;47;40;0;24;2450;103;56;43;4;26;2792;107;41;54;12
"3022 Frogn";11;475;44;41;3;0;13;562;44;41;3;0;17;766;44;41;3;0;20;956;49;43;6;0;25;1228;49;43;6;0;27;1496;55;43;12;0;33;1922;59;47;12;0;28;2349;85;75;10;0;30;2612;87;75;12;0
"3023 Nesodden";13;240;18;17;1;0;17;313;18;17;1;0;26;460;18;17;1;0;23;551;24;23;1;0;20;732;36;31;5;0;25;1017;40;31;9;0;35;1386;40;31;9;0;24;1768;74;51;23;0;25;2038;83;74;9;0
"3024 Bærum";12;4227;347;341;6;0;19;6733;347;341;6;0;39;10950;278;269;9;0;48;16198;334;311;23;0;50;20249;408;378;30;0;44;23707;541;439;102;0;51;29957;585;477;108;0;49;36286;742;630;108;4;72;42898;597;478;111;8
"3025 Asker";33;3211;98;89;9;0;41;3993;98;89;9;0;61;5059;83;75;8;0;60;6209;103;90;13;0;67;7771;116;95;21;0;54;9269;171;126;45;0;50;11657;234;170;64;0;64;14415;225;165;60;0;59;16109;275;181;94;0
"3026 Aurskog-Høland";18;129;7;7;0;0;25;178;7;7;0;0;24;307;13;11;2;0;18;425;23;19;4;0;21;579;27;23;4;0;25;765;31;23;8;0;34;1068;31;23;8;0;25;1335;54;46;8;0;15;1549;103;89;14;0
"3027 Rælingen";14;258;19;19;0;0;19;365;19;19;0;0;34;573;17;17;0;0;48;812;17;17;0;0;65;1098;17;17;0;0;59;1365;23;19;4;0;31;1763;56;52;4;0;40;2227;56;52;4;0;46;2553;56;52;4;0
"3028 Enebakk";32;190;6;5;1;0;42;249;6;5;1;0;67;399;6;5;1;0;83;498;6;5;1;0;109;652;6;5;1;0;70;768;11;9;2;0;88;966;11;9;2;0;41;1185;29;27;2;0;47;1369;29;27;2;0
"3029 Lørenskog";12;713;59;57;2;0;18;1038;59;57;2;0;27;1552;57;53;4;0;39;2200;57;52;5;0;30;2991;100;85;15;0;28;3852;138;95;43;0;36;5108;140;93;47;0;40;6472;163;112;47;4;41;7332;180;84;64;32
"3030 Lillestrøm";15;1247;83;74;9;0;22;1846;83;74;9;0;26;2671;102;92;10;0;33;3790;114;101;13;0;43;5219;120;90;30;0;39;6486;166;94;72;0;46;8551;185;93;92;0;34;10858;319;215;102;2;24;12478;515;400;97;18
"3031 Nittedal";9;511;59;56;3;0;12;730;59;56;3;0;19;1074;58;55;3;0;26;1504;58;55;3;0;31;1912;62;56;6;0;29;2295;78;60;18;0;37;2906;78;60;18;0;22;3586;162;128;34;0;22;3995;184;146;38;0
"3032 Gjerdrum";0;128;..;..;..;..;0;177;..;..;..;..;0;269;..;..;..;..;0;398;..;..;..;..;0;519;..;..;..;..;0;686;..;..;..;..;0;882;..;..;..;..;0;1126;..;..;..;..;0;1260;..;..;..;..
"3033 Ullensaker";2;443;292;286;6;0;2;629;292;286;6;0;3;993;286;280;6;0;4;1438;342;334;8;0;2;1940;910;902;8;0;3;2525;945;903;42;0;4;3517;980;902;78;0;5;4761;1027;934;85;8;3;5335;1710;1549;149;12
"3034 Nes (Akershus)";10;284;29;27;2;0;15;438;29;27;2;0;15;624;43;41;2;0;17;831;49;47;2;0;22;1082;49;47;2;0;24;1440;59;47;12;0;30;1948;64;52;12;0;33;2463;74;62;12;0;41;2842;70;58;12;0
"3035 Eidsvoll";5;203;42;13;29;0;7;314;42;13;29;0;13;510;40;12;28;0;12;720;62;11;51;0;13;999;75;8;61;6;14;1289;95;7;82;6;18;1832;103;3;93;7;20;2335;116;12;91;13;21;2730;129;8;83;38
"3036 Nannestad";15;152;10;10;0;0;23;228;10;10;0;0;36;362;10;10;0;0;53;530;10;10;0;0;45;714;16;16;0;0;36;924;26;20;6;0;48;1241;26;20;6;0;62;1608;26;20;6;0;136;1904;14;8;6;0
"3037 Hurdal";6;24;4;4;0;0;7;29;4;4;0;0;11;42;4;4;0;0;17;69;4;4;0;0;23;93;4;4;0;0;30;120;4;4;0;0;41;162;4;4;0;0;11;218;20;16;4;0;12;247;20;16;4;0
"3038 Hole";7;133;18;16;2;0;11;190;18;16;2;0;16;288;18;16;2;0;19;388;20;18;2;0;19;500;26;18;2;6;20;628;32;20;6;6;25;798;32;20;6;6;15;1031;67;48;13;6;19;1186;62;45;11;6
"3039 Flå";1;5;8;4;4;0;1;5;8;4;4;0;1;7;8;4;4;0;0;9;20;4;16;0;1;17;20;4;16;0;1;31;38;4;34;0;1;41;50;6;44;0;1;63;67;13;54;0;1;86;71;13;54;4
"3040 Nes (Buskerud)";1;7;7;4;3;0;2;13;7;4;3;0;3;19;7;4;3;0;4;30;7;4;3;0;12;47;4;2;2;0;3;76;29;9;20;0;3;101;33;9;24;0;5;173;38;9;25;4;6;206;36;7;21;8
"3041 Gol";1;7;12;2;10;0;2;18;12;2;10;0;2;28;14;2;12;0;2;46;24;4;20;0;2;71;36;8;24;4;2;116;77;8;65;4;2;168;75;6;65;4;3;259;81;5;66;10;2;317;133;44;67;22
"3042 Hemsedal";1;13;9;8;1;0;2;19;9;8;1;0;2;28;13;10;3;0;3;42;13;10;3;0;6;78;13;10;3;0;7;102;15;10;5;0;11;168;16;10;6;0;2;226;107;91;16;0;2;273;163;147;16;0
"3043 Ål";6;17;3;2;1;0;9;26;3;2;1;0;16;47;3;2;1;0;28;84;3;2;1;0;41;122;3;2;1;0;38;151;4;2;2;0;9;223;24;7;17;0;6;299;53;13;40;0;7;373;50;12;38;0
"3044 Hol";4;7;2;1;1;0;6;11;2;1;1;0;2;23;13;8;5;0;2;31;13;8;5;0;2;52;33;28;5;0;2;84;47;32;15;0;2;142;67;33;32;2;3;215;74;40;32;2;4;273;71;37;29;5
"3045 Sigdal";4;8;2;2;0;0;5;10;2;2;0;0;6;11;2;2;0;0;0;16;..;..;..;..;3;26;8;4;4;0;3;37;12;4;8;0;8;65;8;0;8;0;16;128;8;0;8;0;7;160;22;2;20;0
"3046 Krødsherad";3;19;6;5;1;0;4;25;6;5;1;0;7;39;6;5;1;0;7;40;6;5;1;0;9;53;6;5;1;0;9;65;7;5;2;0;11;99;9;5;4;0;2;138;56;40;16;0;3;173;57;41;16;0
"3047 Modum";7;66;10;8;2;0;10;95;10;8;2;0;16;157;10;8;2;0;15;243;16;14;2;0;16;345;22;20;2;0;19;488;26;22;4;0;9;688;80;52;16;12;10;986;94;60;25;9;13;1225;95;65;25;5
"3048 Øvre Eiker";68;135;2;0;2;0;98;195;2;0;2;0;15;327;22;0;22;0;21;467;22;0;22;0;27;647;24;0;24;0;21;900;42;4;38;0;30;1303;44;5;39;0;18;1732;97;35;62;0;20;2086;102;48;50;4
"3049 Lier";18;614;35;12;23;0;23;804;35;12;23;0;26;1074;41;15;26;0;32;1418;44;17;27;0;31;1802;58;16;42;0;14;2243;157;43;114;0;18;2837;158;46;112;0;21;3619;174;60;112;2;21;4084;198;69;123;6
"3050 Flesberg";1;8;13;3;10;0;1;9;13;3;10;0;1;18;13;3;10;0;3;41;13;3;10;0;5;63;13;3;10;0;4;73;19;3;16;0;3;105;31;3;28;0;4;145;34;1;31;2;5;178;34;1;31;2
"3051 Rollag";0;4;..;..;..;..;0;5;..;..;..;..;0;6;..;..;..;..;3;10;4;2;2;0;2;8;4;2;2;0;4;21;6;2;4;0;5;29;6;2;4;0;7;44;6;2;4;0;4;65;18;2;16;0
"3052 Nore og Uvdal";1;3;3;2;1;0;2;5;3;2;1;0;3;8;3;2;1;0;4;13;3;2;1;0;8;25;3;2;1;0;2;32;16;8;8;0;2;59;32;20;12;0;2;91;40;28;12;0;2;115;54;32;22;0
"3053 Jevnaker";7;40;6;6;0;0;10;58;6;6;0;0;19;112;6;6;0;0;22;156;7;7;0;0;21;236;11;9;2;0;25;327;13;9;4;0;12;498;43;39;4;0;17;748;45;39;6;0;22;846;39;33;6;0
"3054 Lunner";12;106;9;7;2;0;17;152;9;7;2;0;29;261;9;7;2;0;44;398;9;7;2;0;56;503;9;7;2;0;60;660;11;7;4;0;77;851;11;7;4;0;43;1069;25;11;14;0;51;1167;23;4;19;0
"3101 Halden";.;.;.;.;.;.;.;.;.;.;.;.;.;.;.;.;.;.;.;.;.;.;.;.;.;.;.;.;.;.;.;.;.;.;.;.;.;.;.;.;.;.;.;.;.;.;.;.;.;.;.;.;.;.
"3103 Moss";.;.;.;.;.;.;.;.;.;.;.;.;.;.;.;.;.;.;.;.;.;.;.;.;.;.;.;.;.;.;.;.;.;.;.;.;.;.;.;.;.;.;.;.;.;.;.;.;.;.;.;.;.;.
"3105 Sarpsborg";.;.;.;.;.;.;.;.;.;.;.;.;.;.;.;.;.;.;.;.;.;.;.;.;.;.;.;.;.;.;.;.;.;.;.;.;.;.;.;.;.;.;.;.;.;.;.;.;.;.;.;.;.;.
"3107 Fredrikstad";.;.;.;.;.;.;.;.;.;.;.;.;.;.;.;.;.;.;.;.;.;.;.;.;.;.;.;.;.;.;.;.;.;.;.;.;.;.;.;.;.;.;.;.;.;.;.;.;.;.;.;.;.;.
"3110 Hvaler";.;.;.;.;.;.;.;.;.;.;.;.;.;.;.;.;.;.;.;.;.;.;.;.;.;.;.;.;.;.;.;.;.;.;.;.;.;.;.;.;.;.;.;.;.;.;.;.;.;.;.;.;.;.
"3112 Råde";.;.;.;.;.;.;.;.;.;.;.;.;.;.;.;.;.;.;.;.;.;.;.;.;.;.;.;.;.;.;.;.;.;.;.;.;.;.;.;.;.;.;.;.;.;.;.;.;.;.;.;.;.;.
"3114 Våler (Østfold)";.;.;.;.;.;.;.;.;.;.;.;.;.;.;.;.;.;.;.;.;.;.;.;.;.;.;.;.;.;.;.;.;.;.;.;.;.;.;.;.;.;.;.;.;.;.;.;.;.;.;.;.;.;.
"3116 Skiptvet";.;.;.;.;.;.;.;.;.;.;.;.;.;.;.;.;.;.;.;.;.;.;.;.;.;.;.;.;.;.;.;.;.;.;.;.;.;.;.;.;.;.;.;.;.;.;.;.;.;.;.;.;.;.
"3118 Indre Østfold";.;.;.;.;.;.;.;.;.;.;.;.;.;.;.;.;.;.;.;.;.;.;.;.;.;.;.;.;.;.;.;.;.;.;.;.;.;.;.;.;.;.;.;.;.;.;.;.;.;.;.;.;.;.
"3120 Rakkestad";.;.;.;.;.;.;.;.;.;.;.;.;.;.;.;.;.;.;.;.;.;.;.;.;.;.;.;.;.;.;.;.;.;.;.;.;.;.;.;.;.;.;.;.;.;.;.;.;.;.;.;.;.;.
"3122 Marker";.;.;.;.;.;.;.;.;.;.;.;.;.;.;.;.;.;.;.;.;.;.;.;.;.;.;.;.;.;.;.;.;.;.;.;.;.;.;.;.;.;.;.;.;.;.;.;.;.;.;.;.;.;.
"3124 Aremark";.;.;.;.;.;.;.;.;.;.;.;.;.;.;.;.;.;.;.;.;.;.;.;.;.;.;.;.;.;.;.;.;.;.;.;.;.;.;.;.;.;.;.;.;.;.;.;.;.;.;.;.;.;.
"3201 Bærum";.;.;.;.;.;.;.;.;.;.;.;.;.;.;.;.;.;.;.;.;.;.;.;.;.;.;.;.;.;.;.;.;.;.;.;.;.;.;.;.;.;.;.;.;.;.;.;.;.;.;.;.;.;.
"3203 Asker";.;.;.;.;.;.;.;.;.;.;.;.;.;.;.;.;.;.;.;.;.;.;.;.;.;.;.;.;.;.;.;.;.;.;.;.;.;.;.;.;.;.;.;.;.;.;.;.;.;.;.;.;.;.
"3205 Lillestrøm";.;.;.;.;.;.;.;.;.;.;.;.;.;.;.;.;.;.;.;.;.;.;.;.;.;.;.;.;.;.;.;.;.;.;.;.;.;.;.;.;.;.;.;.;.;.;.;.;.;.;.;.;.;.
"3207 Nordre Follo";.;.;.;.;.;.;.;.;.;.;.;.;.;.;.;.;.;.;.;.;.;.;.;.;.;.;.;.;.;.;.;.;.;.;.;.;.;.;.;.;.;.;.;.;.;.;.;.;.;.;.;.;.;.
"3209 Ullensaker";.;.;.;.;.;.;.;.;.;.;.;.;.;.;.;.;.;.;.;.;.;.;.;.;.;.;.;.;.;.;.;.;.;.;.;.;.;.;.;.;.;.;.;.;.;.;.;.;.;.;.;.;.;.
"3212 Nesodden";.;.;.;.;.;.;.;.;.;.;.;.;.;.;.;.;.;.;.;.;.;.;.;.;.;.;.;.;.;.;.;.;.;.;.;.;.;.;.;.;.;.;.;.;.;.;.;.;.;.;.;.;.;.
"3214 Frogn";.;.;.;.;.;.;.;.;.;.;.;.;.;.;.;.;.;.;.;.;.;.;.;.;.;.;.;.;.;.;.;.;.;.;.;.;.;.;.;.;.;.;.;.;.;.;.;.;.;.;.;.;.;.
"3216 Vestby";.;.;.;.;.;.;.;.;.;.;.;.;.;.;.;.;.;.;.;.;.;.;.;.;.;.;.;.;.;.;.;.;.;.;.;.;.;.;.;.;.;.;.;.;.;.;.;.;.;.;.;.;.;.
"3218 Ås";.;.;.;.;.;.;.;.;.;.;.;.;.;.;.;.;.;.;.;.;.;.;.;.;.;.;.;.;.;.;.;.;.;.;.;.;.;.;.;.;.;.;.;.;.;.;.;.;.;.;.;.;.;.
"3220 Enebakk";.;.;.;.;.;.;.;.;.;.;.;.;.;.;.;.;.;.;.;.;.;.;.;.;.;.;.;.;.;.;.;.;.;.;.;.;.;.;.;.;.;.;.;.;.;.;.;.;.;.;.;.;.;.
"3222 Lørenskog";.;.;.;.;.;.;.;.;.;.;.;.;.;.;.;.;.;.;.;.;.;.;.;.;.;.;.;.;.;.;.;.;.;.;.;.;.;.;.;.;.;.;.;.;.;.;.;.;.;.;.;.;.;.
"3224 Rælingen";.;.;.;.;.;.;.;.;.;.;.;.;.;.;.;.;.;.;.;.;.;.;.;.;.;.;.;.;.;.;.;.;.;.;.;.;.;.;.;.;.;.;.;.;.;.;.;.;.;.;.;.;.;.
"3226 Aurskog-Høland";.;.;.;.;.;.;.;.;.;.;.;.;.;.;.;.;.;.;.;.;.;.;.;.;.;.;.;.;.;.;.;.;.;.;.;.;.;.;.;.;.;.;.;.;.;.;.;.;.;.;.;.;.;.
"3228 Nes (Akershus)";.;.;.;.;.;.;.;.;.;.;.;.;.;.;.;.;.;.;.;.;.;.;.;.;.;.;.;.;.;.;.;.;.;.;.;.;.;.;.;.;.;.;.;.;.;.;.;.;.;.;.;.;.;.
"3230 Gjerdrum";.;.;.;.;.;.;.;.;.;.;.;.;.;.;.;.;.;.;.;.;.;.;.;.;.;.;.;.;.;.;.;.;.;.;.;.;.;.;.;.;.;.;.;.;.;.;.;.;.;.;.;.;.;.
"3232 Nittedal";.;.;.;.;.;.;.;.;.;.;.;.;.;.;.;.;.;.;.;.;.;.;.;.;.;.;.;.;.;.;.;.;.;.;.;.;.;.;.;.;.;.;.;.;.;.;.;.;.;.;.;.;.;.
"3234 Lunner";.;.;.;.;.;.;.;.;.;.;.;.;.;.;.;.;.;.;.;.;.;.;.;.;.;.;.;.;.;.;.;.;.;.;.;.;.;.;.;.;.;.;.;.;.;.;.;.;.;.;.;.;.;.
"3236 Jevnaker";.;.;.;.;.;.;.;.;.;.;.;.;.;.;.;.;.;.;.;.;.;.;.;.;.;.;.;.;.;.;.;.;.;.;.;.;.;.;.;.;.;.;.;.;.;.;.;.;.;.;.;.;.;.
"3238 Nannestad";.;.;.;.;.;.;.;.;.;.;.;.;.;.;.;.;.;.;.;.;.;.;.;.;.;.;.;.;.;.;.;.;.;.;.;.;.;.;.;.;.;.;.;.;.;.;.;.;.;.;.;.;.;.
"3240 Eidsvoll";.;.;.;.;.;.;.;.;.;.;.;.;.;.;.;.;.;.;.;.;.;.;.;.;.;.;.;.;.;.;.;.;.;.;.;.;.;.;.;.;.;.;.;.;.;.;.;.;.;.;.;.;.;.
"3242 Hurdal";.;.;.;.;.;.;.;.;.;.;.;.;.;.;.;.;.;.;.;.;.;.;.;.;.;.;.;.;.;.;.;.;.;.;.;.;.;.;.;.;.;.;.;.;.;.;.;.;.;.;.;.;.;.
"3301 Drammen";.;.;.;.;.;.;.;.;.;.;.;.;.;.;.;.;.;.;.;.;.;.;.;.;.;.;.;.;.;.;.;.;.;.;.;.;.;.;.;.;.;.;.;.;.;.;.;.;.;.;.;.;.;.
"3303 Kongsberg";.;.;.;.;.;.;.;.;.;.;.;.;.;.;.;.;.;.;.;.;.;.;.;.;.;.;.;.;.;.;.;.;.;.;.;.;.;.;.;.;.;.;.;.;.;.;.;.;.;.;.;.;.;.
"3305 Ringerike";.;.;.;.;.;.;.;.;.;.;.;.;.;.;.;.;.;.;.;.;.;.;.;.;.;.;.;.;.;.;.;.;.;.;.;.;.;.;.;.;.;.;.;.;.;.;.;.;.;.;.;.;.;.
"3310 Hole";.;.;.;.;.;.;.;.;.;.;.;.;.;.;.;.;.;.;.;.;.;.;.;.;.;.;.;.;.;.;.;.;.;.;.;.;.;.;.;.;.;.;.;.;.;.;.;.;.;.;.;.;.;.
"3312 Lier";.;.;.;.;.;.;.;.;.;.;.;.;.;.;.;.;.;.;.;.;.;.;.;.;.;.;.;.;.;.;.;.;.;.;.;.;.;.;.;.;.;.;.;.;.;.;.;.;.;.;.;.;.;.
"3314 Øvre Eiker";.;.;.;.;.;.;.;.;.;.;.;.;.;.;.;.;.;.;.;.;.;.;.;.;.;.;.;.;.;.;.;.;.;.;.;.;.;.;.;.;.;.;.;.;.;.;.;.;.;.;.;.;.;.
"3316 Modum";.;.;.;.;.;.;.;.;.;.;.;.;.;.;.;.;.;.;.;.;.;.;.;.;.;.;.;.;.;.;.;.;.;.;.;.;.;.;.;.;.;.;.;.;.;.;.;.;.;.;.;.;.;.
"3318 Krødsherad";.;.;.;.;.;.;.;.;.;.;.;.;.;.;.;.;.;.;.;.;.;.;.;.;.;.;.;.;.;.;.;.;.;.;.;.;.;.;.;.;.;.;.;.;.;.;.;.;.;.;.;.;.;.
"3320 Flå";.;.;.;.;.;.;.;.;.;.;.;.;.;.;.;.;.;.;.;.;.;.;.;.;.;.;.;.;.;.;.;.;.;.;.;.;.;.;.;.;.;.;.;.;.;.;.;.;.;.;.;.;.;.
"3322 Nes (Buskerud)";.;.;.;.;.;.;.;.;.;.;.;.;.;.;.;.;.;.;.;.;.;.;.;.;.;.;.;.;.;.;.;.;.;.;.;.;.;.;.;.;.;.;.;.;.;.;.;.;.;.;.;.;.;.
"3324 Gol";.;.;.;.;.;.;.;.;.;.;.;.;.;.;.;.;.;.;.;.;.;.;.;.;.;.;.;.;.;.;.;.;.;.;.;.;.;.;.;.;.;.;.;.;.;.;.;.;.;.;.;.;.;.
"3326 Hemsedal";.;.;.;.;.;.;.;.;.;.;.;.;.;.;.;.;.;.;.;.;.;.;.;.;.;.;.;.;.;.;.;.;.;.;.;.;.;.;.;.;.;.;.;.;.;.;.;.;.;.;.;.;.;.
"3328 Ål";.;.;.;.;.;.;.;.;.;.;.;.;.;.;.;.;.;.;.;.;.;.;.;.;.;.;.;.;.;.;.;.;.;.;.;.;.;.;.;.;.;.;.;.;.;.;.;.;.;.;.;.;.;.
"3330 Hol";.;.;.;.;.;.;.;.;.;.;.;.;.;.;.;.;.;.;.;.;.;.;.;.;.;.;.;.;.;.;.;.;.;.;.;.;.;.;.;.;.;.;.;.;.;.;.;.;.;.;.;.;.;.
"3332 Sigdal";.;.;.;.;.;.;.;.;.;.;.;.;.;.;.;.;.;.;.;.;.;.;.;.;.;.;.;.;.;.;.;.;.;.;.;.;.;.;.;.;.;.;.;.;.;.;.;.;.;.;.;.;.;.
"3334 Flesberg";.;.;.;.;.;.;.;.;.;.;.;.;.;.;.;.;.;.;.;.;.;.;.;.;.;.;.;.;.;.;.;.;.;.;.;.;.;.;.;.;.;.;.;.;.;.;.;.;.;.;.;.;.;.
"3336 Rollag";.;.;.;.;.;.;.;.;.;.;.;.;.;.;.;.;.;.;.;.;.;.;.;.;.;.;.;.;.;.;.;.;.;.;.;.;.;.;.;.;.;.;.;.;.;.;.;.;.;.;.;.;.;.
"3338 Nore og Uvdal";.;.;.;.;.;.;.;.;.;.;.;.;.;.;.;.;.;.;.;.;.;.;.;.;.;.;.;.;.;.;.;.;.;.;.;.;.;.;.;.;.;.;.;.;.;.;.;.;.;.;.;.;.;.
"3401 Kongsvinger";2;73;31;30;1;0;4;131;31;30;1;0;5;207;43;40;3;0;6;291;48;42;6;0;8;384;51;44;7;0;7;512;69;56;13;0;10;767;75;59;16;0;14;1046;75;56;19;0;17;1221;71;31;30;10
"3403 Hamar";3;207;62;60;2;0;6;358;62;60;2;0;12;549;44;42;2;0;15;827;54;46;8;0;24;1265;53;46;7;0;33;1841;55;47;8;0;37;2596;70;52;18;0;41;3484;86;66;20;0;71;3992;56;30;14;12
"3405 Lillehammer";3;120;36;23;13;0;5;186;36;23;13;0;6;274;49;33;16;0;7;396;55;38;17;0;8;595;71;46;25;0;11;887;81;45;36;0;14;1324;95;47;40;8;13;1859;143;41;94;8;17;2174;129;43;74;12
"3407 Gjøvik";7;95;14;12;2;0;10;146;14;12;2;0;20;240;12;7;5;0;32;381;12;7;5;0;32;584;18;13;5;0;36;872;24;12;12;0;41;1380;34;16;18;0;31;1955;64;20;44;0;17;2289;135;53;74;8
"3411 Ringsaker";3;140;47;42;5;0;5;225;47;42;5;0;7;339;46;41;5;0;10;506;51;44;7;0;10;754;73;46;27;0;11;1200;106;46;60;0;10;1735;167;46;121;0;10;2465;238;50;182;6;11;2848;269;45;214;10
"3412 Løten";5;31;6;6;0;0;7;40;6;6;0;0;7;70;10;8;2;0;11;113;10;8;2;0;17;168;10;8;2;0;21;256;12;8;4;0;30;357;12;8;4;0;34;738;22;8;14;0;35;730;21;7;14;0
"3413 Stange";6;118;20;14;6;0;9;185;20;14;6;0;10;287;28;20;8;0;14;411;30;20;10;0;20;607;30;21;9;0;20;928;47;21;26;0;26;1287;50;20;26;4;24;1658;70;18;48;4;20;1973;101;5;84;12
"3414 Nord-Odal";9;17;2;2;0;0;14;27;2;2;0;0;19;37;2;2;0;0;27;54;2;2;0;0;32;63;2;2;0;0;49;98;2;2;0;0;67;133;2;2;0;0;108;215;2;2;0;0;37;256;7;2;5;0
"3415 Sør-Odal";16;95;6;6;0;0;21;128;6;6;0;0;16;155;10;8;2;0;21;209;10;8;2;0;27;269;10;8;2;0;13;363;28;8;20;0;17;479;28;8;20;0;17;619;37;8;24;5;15;711;47;10;25;12
"3416 Eidskog";5;10;2;2;0;0;9;18;2;2;0;0;17;33;2;2;0;0;25;49;2;2;0;0;35;69;2;2;0;0;43;86;2;2;0;0;8;128;16;16;0;0;7;174;26;18;8;0;5;223;45;25;8;12
"3417 Grue";6;12;2;2;0;0;12;23;2;2;0;0;17;33;2;2;0;0;20;40;2;2;0;0;29;57;2;2;0;0;11;68;6;6;0;0;11;111;10;10;0;0;15;146;10;10;0;0;5;170;36;14;10;12
"3418 Åsnes";6;11;2;2;0;0;10;20;2;2;0;0;14;27;2;2;0;0;5;45;10;6;4;0;7;71;10;6;4;0;3;100;32;24;8;0;5;167;32;24;8;0;4;211;49;41;8;0;4;269;75;67;8;0
"3419 Våler (Hedmark)";1;11;11;11;0;0;1;11;11;11;0;0;2;15;9;9;0;0;2;16;9;9;0;0;3;25;9;9;0;0;4;37;9;9;0;0;7;67;9;9;0;0;12;111;9;9;0;0;14;135;10;2;2;6
"3420 Elverum";2;95;47;34;13;0;3;157;47;34;13;0;5;238;47;34;13;0;8;354;47;30;17;0;8;512;67;28;39;0;8;738;90;32;54;4;12;1081;90;32;54;4;13;1405;108;30;72;6;12;1691;137;13;110;14
"3421 Trysil";1;12;13;13;0;0;1;19;13;13;0;0;2;32;13;13;0;0;3;54;17;15;2;0;4;68;17;15;2;0;8;91;11;7;4;0;7;125;18;14;4;0;3;203;72;70;2;0;3;236;93;73;20;0
"3422 Åmot";1;9;8;6;2;0;2;17;8;6;2;0;3;23;8;6;2;0;5;37;8;6;2;0;8;62;8;6;2;0;9;86;10;6;4;0;13;127;10;6;4;0;18;177;10;6;4;0;9;218;24;8;10;6
"3423 Stor-Elvdal";0;3;10;8;2;0;0;4;10;8;2;0;1;7;10;8;2;0;1;9;14;10;4;0;1;13;14;10;4;0;1;19;18;10;8;0;1;25;24;11;13;0;2;45;24;11;13;0;2;48;26;7;19;0
"3424 Rendalen";0;0;8;4;4;0;0;0;8;4;4;0;0;2;8;4;4;0;1;3;4;2;2;0;2;7;4;2;2;0;2;11;6;2;4;0;1;13;16;4;12;0;1;30;26;6;20;0;2;44;26;6;20;0
"3425 Engerdal";0;1;..;..;..;..;0;1;..;..;..;..;0;2;..;..;..;..;0;2;..;..;..;..;1;2;4;2;2;0;1;5;6;2;4;0;3;16;6;2;4;0;3;20;7;3;4;0;2;30;17;13;4;0
"3426 Tolga";1;1;1;1;0;0;1;1;1;1;0;0;5;5;1;1;0;0;10;10;1;1;0;0;14;14;1;1;0;0;22;22;1;1;0;0;35;35;1;1;0;0;53;53;1;1;0;0;9;66;7;2;3;2
"3427 Tynset";1;5;6;4;2;0;1;6;6;4;2;0;2;11;7;5;2;0;2;23;11;7;4;0;3;33;11;7;4;0;4;54;15;7;8;0;4;96;22;12;10;0;5;180;40;19;21;0;6;243;40;19;21;0
"3428 Alvdal";0;3;13;3;10;0;0;6;13;3;10;0;1;13;13;3;10;0;1;18;21;3;18;0;1;29;21;3;18;0;2;41;27;3;20;4;2;63;29;3;20;6;2;111;55;1;48;6;2;136;74;0;64;10
"3429 Folldal";3;3;1;1;0;0;4;4;1;1;0;0;2;7;4;2;2;0;3;12;4;2;2;0;4;14;4;2;2;0;3;20;6;2;4;0;5;31;6;2;4;0;7;42;6;2;4;0;9;63;7;3;4;0
"3430 Os";0;3;..;..;..;..;0;4;..;..;..;..;0;4;..;..;..;..;0;6;..;..;..;..;0;9;..;..;..;..;0;18;..;..;..;..;0;26;..;..;..;..;11;45;4;0;4;0;15;59;4;0;4;0
"3431 Dovre";0;1;16;4;12;0;0;2;16;4;12;0;0;2;16;4;12;0;0;10;26;6;20;0;0;14;42;7;31;4;0;27;56;7;45;4;1;49;58;12;42;4;1;76;74;12;56;6;1;98;88;14;62;12
"3432 Lesja";0;1;4;2;2;0;1;2;4;2;2;0;1;5;8;4;4;0;1;9;7;3;4;0;2;13;8;3;5;0;1;17;12;3;9;0;3;32;12;3;9;0;5;62;12;3;9;0;5;87;17;2;13;2
"3433 Skjåk";1;2;3;2;1;0;1;2;3;2;1;0;1;7;13;4;9;0;1;10;14;4;10;0;1;14;14;4;10;0;1;21;22;4;18;0;1;30;26;8;18;0;2;55;34;8;26;0;2;73;46;8;38;0
"3434 Lom";0;1;4;2;2;0;0;1;4;2;2;0;1;2;4;2;2;0;2;7;4;2;2;0;3;13;4;2;2;0;2;16;10;1;9;0;1;29;26;17;9;0;1;56;48;18;28;2;1;78;66;24;40;2
"3435 Vågå";0;3;..;..;..;..;0;9;..;..;..;..;2;16;8;6;2;0;4;29;8;6;2;0;5;40;8;6;2;0;5;51;10;6;4;0;2;72;37;33;4;0;3;119;39;35;4;0;4;166;40;36;4;0
"3436 Nord-Fron";1;7;9;6;3;0;3;28;9;6;3;0;2;57;27;8;19;0;3;91;27;8;19;0;4;120;27;8;19;0;5;152;32;10;22;0;6;209;36;14;22;0;3;257;78;18;52;8;3;293;86;14;58;14
"3437 Sel";3;8;3;2;1;0;8;23;3;2;1;0;2;39;16;10;6;0;3;52;15;10;5;0;4;65;15;10;5;0;5;90;20;10;10;0;3;126;41;22;13;6;5;207;45;23;14;8;6;253;46;21;15;10
"3438 Sør-Fron";0;9;..;..;..;..;0;12;..;..;..;..;16;32;2;2;0;0;24;48;2;2;0;0;13;63;5;5;0;0;16;81;5;5;0;0;19;113;6;6;0;0;26;157;6;6;0;0;21;185;9;9;0;0
"3439 Ringebu";1;9;10;6;4;0;1;14;10;6;4;0;3;41;16;10;6;0;3;53;16;11;5;0;4;65;16;11;5;0;5;97;21;11;10;0;2;142;86;44;42;0;2;205;103;31;66;6;3;252;91;27;64;0
"3440 Øyer";1;15;14;13;1;0;2;29;14;13;1;0;3;47;17;14;3;0;4;65;17;14;3;0;3;100;37;14;23;0;3;146;50;20;26;4;4;218;58;28;26;4;4;303;76;38;32;6;5;375;70;32;32;6
"3441 Gausdal";3;13;4;4;0;0;6;23;4;4;0;0;11;44;4;4;0;0;16;64;4;4;0;0;20;81;4;4;0;0;26;103;4;4;0;0;15;152;10;10;0;0;10;242;24;20;4;0;12;300;26;18;8;0
"3442 Østre Toten";22;43;2;2;0;0;33;66;2;2;0;0;62;124;2;2;0;0;48;190;4;4;0;0;74;294;4;4;0;0;101;405;4;4;0;0;19;608;32;32;0;0;28;983;35;32;3;0;31;1100;35;32;3;0
"3443 Vestre Toten";5;21;4;4;0;0;9;37;4;4;0;0;17;67;4;4;0;0;14;110;8;6;2;0;21;169;8;6;2;0;14;274;20;8;12;0;16;460;28;16;12;0;25;713;28;16;12;0;24;860;36;12;18;6
"3446 Gran";5;81;16;16;0;0;8;122;16;16;0;0;9;235;25;20;5;0;14;351;25;20;5;0;13;493;37;32;5;0;13;661;50;33;17;0;15;913;62;43;19;0;9;1147;127;86;41;0;9;1296;147;99;48;0
"3447 Søndre Land";7;13;2;2;0;0;10;20;2;2;0;0;19;38;2;2;0;0;8;47;6;4;2;0;12;70;6;4;2;0;11;87;8;4;4;0;17;137;8;4;4;0;15;214;14;10;4;0;20;255;13;13;0;0
"3448 Nordre Land";2;8;5;3;2;0;3;13;5;3;2;0;2;19;8;6;2;0;3;26;8;6;2;0;6;46;8;6;2;0;9;90;10;6;4;0;13;133;10;6;4;0;9;219;25;12;11;2;11;257;23;10;7;6
"3449 Sør-Aurdal";3;21;7;4;3;0;3;21;7;4;3;0;4;28;7;4;3;0;6;41;7;4;3;0;11;75;7;4;3;0;5;96;20;4;12;4;7;141;20;2;14;4;6;187;30;2;22;6;9;209;23;3;14;6
"3450 Etnedal";0;0;..;..;..;..;0;1;..;..;..;..;0;3;..;..;..;..;0;5;..;..;..;..;0;13;..;..;..;..;0;16;..;..;..;..;0;26;..;..;..;..;0;42;..;..;..;..;8;59;7;2;5;0
"3451 Nord-Aurdal";1;13;15;11;4;0;1;20;15;11;4;0;3;42;15;11;4;0;5;71;15;11;4;0;4;103;25;14;11;0;3;153;61;23;38;0;3;226;79;21;58;0;4;344;93;31;58;4;4;419;107;29;78;0
"3452 Vestre Slidre";1;5;6;4;2;0;2;10;6;4;2;0;3;18;6;4;2;0;4;26;6;4;2;0;6;33;6;4;2;0;6;46;8;4;4;0;9;75;8;4;4;0;9;105;12;8;4;0;8;122;16;12;4;0
"3453 Øystre Slidre";1;6;5;4;1;0;2;9;5;4;1;0;2;12;5;4;1;0;3;17;5;4;1;0;6;31;5;4;1;0;2;39;26;18;8;0;1;66;71;61;10;0;2;91;39;31;8;0;2;113;68;48;20;0
"3454 Vang";4;8;2;2;0;0;5;9;2;2;0;0;1;6;9;5;4;0;1;13;9;5;4;0;2;17;9;5;4;0;2;22;13;5;8;0;2;37;15;7;8;0;2;62;28;15;9;4;3;78;27;14;9;4
"3801 Horten";8;289;36;32;4;0;11;407;36;32;4;0;12;542;46;42;4;0;17;696;42;38;4;0;20;952;47;38;9;0;21;1277;60;42;18;0;31;1802;58;40;18;0;43;2354;55;38;17;0;40;2791;70;30;26;14
"3802 Holmestrand";10;244;25;20;5;0;14;354;25;20;5;0;12;542;44;21;23;0;16;749;46;21;25;0;17;1010;60;23;37;0;15;1298;87;23;64;0;19;1899;100;24;76;0;27;2508;94;22;72;0;18;3020;166;16;136;14
"3803 Tønsberg";17;770;46;43;3;0;23;1048;46;43;3;0;53;1331;25;22;3;0;38;1801;47;38;9;0;41;2489;61;52;9;0;33;3550;107;90;17;0;44;5058;116;98;18;0;55;6695;122;94;28;0;51;7598;148;101;37;10
"3804 Sandefjord";0;673;..;..;..;..;0;965;..;..;..;..;14;1296;96;86;10;0;13;1728;132;120;12;0;19;2429;131;118;13;0;22;3379;156;122;34;0;24;4739;196;130;66;0;27;6293;236;128;108;0;38;7268;189;65;104;20
"3805 Larvik";13;524;41;38;3;0;18;721;41;38;3;0;18;1018;57;50;7;0;17;1394;83;52;23;8;23;1905;83;52;23;8;29;2657;92;50;34;8;27;3584;135;68;59;8;36;4726;132;49;67;16;35;5432;155;39;86;30
"3806 Porsgrunn";5;341;63;51;12;0;10;660;63;51;12;0;17;960;55;40;15;0;23;1277;55;36;19;0;31;1740;56;33;23;0;23;2326;100;47;53;0;27;3183;117;56;61;0;26;4073;159;103;56;0;26;4690;178;90;88;0
"3807 Skien";9;413;47;48;-1;0;18;830;47;48;-1;0;32;1235;39;39;0;0;36;1675;46;43;3;0;45;2253;50;43;7;0;54;3087;57;43;14;0;70;4327;62;48;14;0;45;5684;126;95;31;0;46;6568;143;94;43;6
"3808 Notodden";6;42;7;6;1;0;8;57;7;6;1;0;13;89;7;6;1;0;21;148;7;6;1;0;11;223;20;10;10;0;9;391;46;14;32;0;9;607;66;20;46;0;12;849;72;21;51;0;13;1073;83;19;64;0
"3811 Færder";34;448;13;12;1;0;45;581;13;12;1;0;43;772;18;15;3;0;52;935;18;15;3;0;56;1225;22;19;3;0;65;1628;25;19;6;0;60;2282;38;26;12;0;72;2945;41;29;12;0;96;3443;36;24;12;0
"3812 Siljan";0;13;..;..;..;..;0;28;..;..;..;..;0;44;..;..;..;..;13;53;4;2;2;0;15;60;4;2;2;0;16;96;6;2;4;0;24;146;6;2;4;0;16;190;12;2;10;0;19;231;12;2;10;0
"3813 Bamble";19;115;6;4;2;0;35;211;6;4;2;0;50;297;6;4;2;0;57;396;7;4;3;0;21;570;27;4;23;0;11;756;68;4;64;0;12;1058;89;12;75;2;10;1411;138;26;110;2;9;1646;176;54;100;22
"3814 Kragerø";4;49;11;8;3;0;7;77;11;8;3;0;11;126;11;8;3;0;14;184;13;10;3;0;21;268;13;10;3;0;18;351;20;12;8;0;22;505;23;13;10;0;30;709;24;12;12;0;31;869;28;7;17;4
"3815 Drangedal";1;4;5;4;1;0;3;15;5;4;1;0;6;29;5;4;1;0;8;38;5;4;1;0;11;56;5;4;1;0;15;87;6;4;2;0;23;136;6;4;2;0;12;198;17;5;12;0;12;240;20;1;17;2
"3816 Nome";5;18;4;4;0;0;10;41;4;4;0;0;9;72;8;6;2;0;12;98;8;6;2;0;18;140;8;6;2;0;21;207;10;6;4;0;31;307;10;6;4;0;41;411;10;6;4;0;82;491;6;2;4;0
"3817 Midt-Telemark";2;45;24;22;2;0;3;72;24;22;2;0;5;123;24;22;2;0;8;181;24;22;2;0;9;281;30;25;5;0;10;396;41;30;11;0;16;571;35;28;7;0;21;750;35;28;7;0;46;869;19;12;7;0
"3818 Tinn";2;11;5;5;0;0;3;17;5;5;0;0;2;26;12;10;2;0;4;43;12;10;2;0;5;55;12;10;2;0;5;85;17;13;4;0;7;125;18;14;4;0;5;210;42;23;19;0;5;287;60;23;37;0
"3819 Hjartdal";0;4;..;..;..;..;0;4;..;..;..;..;0;7;..;..;..;..;2;11;5;3;2;0;4;18;5;3;2;0;3;24;7;3;4;0;5;32;7;3;4;0;1;41;37;13;24;0;2;63;26;14;12;0
"3820 Seljord";1;14;17;13;4;0;1;19;17;13;4;0;1;25;17;13;4;0;2;37;19;15;4;0;2;50;23;19;4;0;2;58;31;23;8;0;2;88;37;23;14;0;3;145;49;23;26;0;3;170;57;17;40;0
"3821 Kviteseid";3;10;4;4;0;0;3;13;4;4;0;0;2;18;9;8;1;0;4;33;9;8;1;0;4;37;9;8;1;0;5;54;10;8;2;0;10;78;8;6;2;0;15;123;8;6;2;0;19;154;8;6;2;0
"3822 Nissedal";0;3;..;..;..;..;0;5;..;..;..;..;3;11;4;3;1;0;4;14;4;3;1;0;5;18;4;3;1;0;5;25;5;3;2;0;8;40;5;3;2;0;5;62;13;3;10;0;6;79;13;3;10;0
"3823 Fyresdal";0;6;..;..;..;..;0;8;..;..;..;..;3;10;3;3;0;0;3;9;3;3;0;0;5;15;3;3;0;0;8;23;3;3;0;0;5;25;5;3;2;0;8;38;5;3;2;0;4;49;11;3;8;0
"3824 Tokke";1;3;5;5;0;0;0;2;5;5;0;0;1;5;5;5;0;0;4;7;2;2;0;0;1;8;10;5;1;4;2;23;11;5;2;4;2;41;18;10;4;4;5;91;20;10;4;6;7;128;19;7;6;6
"3825 Vinje";0;7;16;4;12;0;0;7;16;4;12;0;1;12;22;8;14;0;1;16;22;8;14;0;2;33;22;8;14;0;2;56;32;8;24;0;2;91;47;14;33;0;2;137;68;14;44;10;3;188;67;11;44;12
"3901 Horten";.;.;.;.;.;.;.;.;.;.;.;.;.;.;.;.;.;.;.;.;.;.;.;.;.;.;.;.;.;.;.;.;.;.;.;.;.;.;.;.;.;.;.;.;.;.;.;.;.;.;.;.;.;.
"3903 Holmestrand";.;.;.;.;.;.;.;.;.;.;.;.;.;.;.;.;.;.;.;.;.;.;.;.;.;.;.;.;.;.;.;.;.;.;.;.;.;.;.;.;.;.;.;.;.;.;.;.;.;.;.;.;.;.
"3905 Tønsberg";.;.;.;.;.;.;.;.;.;.;.;.;.;.;.;.;.;.;.;.;.;.;.;.;.;.;.;.;.;.;.;.;.;.;.;.;.;.;.;.;.;.;.;.;.;.;.;.;.;.;.;.;.;.
"3907 Sandefjord";.;.;.;.;.;.;.;.;.;.;.;.;.;.;.;.;.;.;.;.;.;.;.;.;.;.;.;.;.;.;.;.;.;.;.;.;.;.;.;.;.;.;.;.;.;.;.;.;.;.;.;.;.;.
"3909 Larvik";.;.;.;.;.;.;.;.;.;.;.;.;.;.;.;.;.;.;.;.;.;.;.;.;.;.;.;.;.;.;.;.;.;.;.;.;.;.;.;.;.;.;.;.;.;.;.;.;.;.;.;.;.;.
"3911 Færder";.;.;.;.;.;.;.;.;.;.;.;.;.;.;.;.;.;.;.;.;.;.;.;.;.;.;.;.;.;.;.;.;.;.;.;.;.;.;.;.;.;.;.;.;.;.;.;.;.;.;.;.;.;.
"4001 Porsgrunn";.;.;.;.;.;.;.;.;.;.;.;.;.;.;.;.;.;.;.;.;.;.;.;.;.;.;.;.;.;.;.;.;.;.;.;.;.;.;.;.;.;.;.;.;.;.;.;.;.;.;.;.;.;.
"4003 Skien";.;.;.;.;.;.;.;.;.;.;.;.;.;.;.;.;.;.;.;.;.;.;.;.;.;.;.;.;.;.;.;.;.;.;.;.;.;.;.;.;.;.;.;.;.;.;.;.;.;.;.;.;.;.
"4005 Notodden";.;.;.;.;.;.;.;.;.;.;.;.;.;.;.;.;.;.;.;.;.;.;.;.;.;.;.;.;.;.;.;.;.;.;.;.;.;.;.;.;.;.;.;.;.;.;.;.;.;.;.;.;.;.
"4010 Siljan";.;.;.;.;.;.;.;.;.;.;.;.;.;.;.;.;.;.;.;.;.;.;.;.;.;.;.;.;.;.;.;.;.;.;.;.;.;.;.;.;.;.;.;.;.;.;.;.;.;.;.;.;.;.
"4012 Bamble";.;.;.;.;.;.;.;.;.;.;.;.;.;.;.;.;.;.;.;.;.;.;.;.;.;.;.;.;.;.;.;.;.;.;.;.;.;.;.;.;.;.;.;.;.;.;.;.;.;.;.;.;.;.
"4014 Kragerø";.;.;.;.;.;.;.;.;.;.;.;.;.;.;.;.;.;.;.;.;.;.;.;.;.;.;.;.;.;.;.;.;.;.;.;.;.;.;.;.;.;.;.;.;.;.;.;.;.;.;.;.;.;.
"4016 Drangedal";.;.;.;.;.;.;.;.;.;.;.;.;.;.;.;.;.;.;.;.;.;.;.;.;.;.;.;.;.;.;.;.;.;.;.;.;.;.;.;.;.;.;.;.;.;.;.;.;.;.;.;.;.;.
"4018 Nome";.;.;.;.;.;.;.;.;.;.;.;.;.;.;.;.;.;.;.;.;.;.;.;.;.;.;.;.;.;.;.;.;.;.;.;.;.;.;.;.;.;.;.;.;.;.;.;.;.;.;.;.;.;.
"4020 Midt-Telemark";.;.;.;.;.;.;.;.;.;.;.;.;.;.;.;.;.;.;.;.;.;.;.;.;.;.;.;.;.;.;.;.;.;.;.;.;.;.;.;.;.;.;.;.;.;.;.;.;.;.;.;.;.;.
"4022 Seljord";.;.;.;.;.;.;.;.;.;.;.;.;.;.;.;.;.;.;.;.;.;.;.;.;.;.;.;.;.;.;.;.;.;.;.;.;.;.;.;.;.;.;.;.;.;.;.;.;.;.;.;.;.;.
"4024 Hjartdal";.;.;.;.;.;.;.;.;.;.;.;.;.;.;.;.;.;.;.;.;.;.;.;.;.;.;.;.;.;.;.;.;.;.;.;.;.;.;.;.;.;.;.;.;.;.;.;.;.;.;.;.;.;.
"4026 Tinn";.;.;.;.;.;.;.;.;.;.;.;.;.;.;.;.;.;.;.;.;.;.;.;.;.;.;.;.;.;.;.;.;.;.;.;.;.;.;.;.;.;.;.;.;.;.;.;.;.;.;.;.;.;.
"4028 Kviteseid";.;.;.;.;.;.;.;.;.;.;.;.;.;.;.;.;.;.;.;.;.;.;.;.;.;.;.;.;.;.;.;.;.;.;.;.;.;.;.;.;.;.;.;.;.;.;.;.;.;.;.;.;.;.
"4030 Nissedal";.;.;.;.;.;.;.;.;.;.;.;.;.;.;.;.;.;.;.;.;.;.;.;.;.;.;.;.;.;.;.;.;.;.;.;.;.;.;.;.;.;.;.;.;.;.;.;.;.;.;.;.;.;.
"4032 Fyresdal";.;.;.;.;.;.;.;.;.;.;.;.;.;.;.;.;.;.;.;.;.;.;.;.;.;.;.;.;.;.;.;.;.;.;.;.;.;.;.;.;.;.;.;.;.;.;.;.;.;.;.;.;.;.
"4034 Tokke";.;.;.;.;.;.;.;.;.;.;.;.;.;.;.;.;.;.;.;.;.;.;.;.;.;.;.;.;.;.;.;.;.;.;.;.;.;.;.;.;.;.;.;.;.;.;.;.;.;.;.;.;.;.
"4036 Vinje";.;.;.;.;.;.;.;.;.;.;.;.;.;.;.;.;.;.;.;.;.;.;.;.;.;.;.;.;.;.;.;.;.;.;.;.;.;.;.;.;.;.;.;.;.;.;.;.;.;.;.;.;.;.
"4201 Risør";4;46;12;12;0;0;5;64;12;12;0;0;4;89;22;22;0;0;5;131;24;24;0;0;8;194;24;24;0;0;12;253;22;22;0;0;15;338;22;22;0;0;16;459;28;28;0;0;12;567;46;41;5;0
"4202 Grimstad";8;355;42;40;2;0;11;460;42;40;2;0;7;602;81;75;6;0;8;775;97;91;6;0;10;998;101;95;6;0;11;1304;114;102;12;0;13;1790;134;94;40;0;12;2257;183;134;49;0;16;2708;169;124;39;6
"4203 Arendal";4;393;94;88;6;0;6;574;94;88;6;0;7;803;108;96;12;0;9;1003;111;100;11;0;12;1372;111;100;11;0;9;1796;195;166;29;0;13;2590;194;165;29;0;11;3499;331;260;71;0;13;4194;317;253;58;6
"4204 Kristiansand";19;2139;111;99;12;0;27;2991;111;99;12;0;28;4141;149;130;19;0;24;5204;221;198;23;0;24;6518;277;247;30;0;26;8396;328;255;73;0;32;11062;343;260;79;4;31;13773;442;332;100;10;29;15616;534;378;128;28
"4205 Lindesnes";12;288;24;21;3;0;16;395;24;21;3;0;16;528;34;31;3;0;16;676;41;37;4;0;21;879;41;37;4;0;25;1138;45;37;8;0;27;1599;59;49;10;0;14;2074;148;124;24;0;14;2375;167;114;53;0
"4206 Farsund";0;43;..;..;..;..;0;62;..;..;..;..;20;119;6;6;0;0;15;181;12;10;2;0;18;249;14;12;2;0;20;314;16;12;4;0;28;446;16;12;4;0;20;594;30;22;8;0;26;731;28;22;6;0
"4207 Flekkefjord";7;41;6;4;2;0;10;59;6;4;2;0;10;78;8;6;2;0;7;113;16;10;6;0;9;161;18;12;2;4;11;223;20;12;4;4;17;347;20;12;4;4;16;482;30;12;12;6;19;602;32;14;12;6
"4211 Gjerstad";0;8;23;10;13;0;1;17;23;10;13;0;1;29;23;10;13;0;2;41;27;10;17;0;2;49;27;10;17;0;2;66;32;10;22;0;2;92;56;10;46;0;2;125;64;9;55;0;2;166;72;2;62;8
"4212 Vegårshei";0;7;..;..;..;..;0;10;..;..;..;..;0;15;..;..;..;..;6;22;4;4;0;0;9;37;4;4;0;0;14;55;4;4;0;0;18;72;4;4;0;0;25;98;4;4;0;0;9;120;13;8;5;0
"4213 Tvedestrand";5;30;6;4;2;0;8;46;6;4;2;0;13;80;6;4;2;0;21;123;6;4;2;0;25;174;7;5;2;0;8;218;29;5;24;0;10;307;30;6;24;0;7;454;61;37;24;0;9;520;56;32;24;0
"4214 Froland";0;33;..;..;..;..;0;58;..;..;..;..;0;88;..;..;..;..;52;104;2;1;1;0;22;130;6;3;3;0;21;190;9;3;6;0;29;258;9;3;6;0;38;341;9;3;6;0;38;414;11;5;6;0
"4215 Lillesand";9;257;28;25;3;0;12;327;28;25;3;0;11;441;42;33;9;0;8;542;72;40;24;8;9;688;80;40;32;8;9;844;96;40;48;8;10;1079;112;38;66;8;11;1334;120;40;64;16;13;1508;115;22;55;38
"4216 Birkenes";0;65;..;..;..;..;0;90;..;..;..;..;0;123;..;..;..;..;0;161;..;..;..;..;0;191;..;..;..;..;0;234;..;..;..;..;0;304;..;..;..;..;0;385;..;..;..;..;435;435;1;1;0;0
"4217 Åmli";0;1;..;..;..;..;0;3;..;..;..;..;2;6;4;2;2;0;2;8;4;2;2;0;3;12;4;2;2;0;3;20;6;2;4;0;6;36;6;2;4;0;11;65;6;2;4;0;5;79;17;8;9;0
"4218 Iveland";0;18;..;..;..;..;0;20;..;..;..;..;0;30;..;..;..;..;0;41;..;..;..;..;0;50;..;..;..;..;0;55;..;..;..;..;0;69;..;..;..;..;19;93;5;5;0;0;22;110;5;5;0;0
"4219 Evje og Hornnes";5;15;3;2;1;0;6;18;3;2;1;0;8;25;3;2;1;0;13;40;3;2;1;0;9;65;7;6;1;0;11;89;8;6;2;0;16;130;8;6;2;0;16;192;12;4;8;0;21;235;11;6;5;0
"4220 Bygland";0;3;12;3;9;0;0;3;12;3;9;0;1;10;12;3;9;0;1;14;12;3;9;0;2;22;12;3;9;0;2;29;13;3;10;0;3;35;13;3;10;0;4;53;12;1;11;0;7;65;9;1;8;0
"4221 Valle";0;2;9;8;1;0;0;3;9;8;1;0;0;4;13;10;3;0;1;8;12;9;3;0;1;11;13;9;4;0;1;14;17;9;8;0;1;20;17;9;8;0;2;39;21;9;12;0;3;55;21;21;0;0
"4222 Bykle";0;1;7;6;1;0;0;1;7;6;1;0;0;4;29;12;17;0;0;4;29;12;17;0;0;9;29;12;17;0;1;19;34;12;22;0;1;29;34;12;22;0;1;43;47;16;31;0;2;58;25;12;13;0
"4223 Vennesla";24;145;6;6;0;0;36;213;6;6;0;0;21;333;16;14;2;0;27;436;16;14;2;0;34;546;16;14;2;0;40;716;18;14;4;0;55;998;18;14;4;0;71;1211;17;14;3;0;50;1446;29;18;11;0
"4224 Åseral";0;2;..;..;..;..;0;5;..;..;..;..;1;6;7;4;3;0;2;9;6;4;2;0;2;11;6;4;2;0;1;18;16;8;8;0;2;25;16;8;8;0;3;40;12;6;6;0;20;59;3;1;2;0
"4225 Lyngdal";4;66;15;4;11;0;6;97;15;4;11;0;10;150;15;4;11;0;5;208;39;14;25;0;6;275;43;16;27;0;5;350;64;18;46;0;8;524;64;18;46;0;7;703;98;34;64;0;8;845;104;40;64;0
"4226 Hægebostad";1;1;2;2;0;0;1;2;2;2;0;0;0;4;..;..;..;..;0;7;..;..;..;..;0;14;..;..;..;..;0;25;..;..;..;..;0;38;..;..;..;..;0;65;..;..;..;..;11;91;8;8;0;0
"4227 Kvinesdal";24;24;1;1;0;0;36;36;1;1;0;0;46;46;1;1;0;0;9;61;7;5;2;0;12;86;7;5;2;0;7;123;17;13;4;0;11;190;17;13;4;0;14;274;19;15;4;0;17;326;19;19;0;0
"4228 Sirdal";0;11;..;..;..;..;0;19;..;..;..;..;3;22;8;4;4;0;3;30;11;7;4;0;3;39;12;6;6;0;3;51;16;6;10;0;4;74;18;6;12;0;7;119;18;6;12;0;6;139;23;2;21;0
"4601 Bergen";11;6723;597;575;22;0;16;9400;597;575;22;0;31;12782;406;370;36;0;42;17238;413;363;50;0;40;21991;546;474;68;4;38;27799;733;532;195;6;47;35814;763;548;209;6;54;43143;804;538;254;12;39;47016;1207;889;284;34
"4602 Kinn";3;47;15;14;1;0;5;74;15;14;1;0;6;115;19;16;3;0;8;158;19;16;3;0;12;280;24;17;7;0;11;419;38;17;21;0;16;609;38;17;21;0;19;872;46;25;21;0;26;1149;45;22;23;0
"4611 Etne";3;24;8;7;1;0;5;36;8;7;1;0;7;57;8;7;1;0;9;75;8;7;1;0;8;107;13;9;4;0;4;135;36;14;22;0;5;207;38;16;22;0;7;267;40;17;23;0;12;321;27;10;17;0
"4612 Sveio";9;102;12;12;0;0;12;139;12;12;0;0;16;195;12;12;0;0;21;253;12;12;0;0;19;302;16;12;4;0;19;374;20;12;8;0;25;490;20;12;8;0;31;612;20;12;8;0;89;711;8;0;8;0
"4613 Bømlo";32;291;9;8;1;0;44;397;9;8;1;0;56;507;9;8;1;0;74;665;9;8;1;0;47;803;17;16;1;0;31;987;32;20;12;0;41;1319;32;20;12;0;53;1681;32;20;12;0;69;1923;28;16;12;0
"4614 Stord";8;221;29;26;3;0;11;308;29;26;3;0;21;406;19;14;5;0;21;540;26;20;6;0;24;744;31;20;7;4;22;1006;46;24;18;4;27;1464;54;32;18;4;38;1998;52;26;22;4;37;2344;63;22;37;4
"4615 Fitjar";11;34;3;3;0;0;13;40;3;3;0;0;21;63;3;3;0;0;0;86;..;..;..;..;28;112;4;1;3;0;25;152;6;1;5;0;20;241;12;3;9;0;28;335;12;3;9;0;27;381;14;5;9;0
"4616 Tysnes";12;36;3;2;1;0;14;41;3;2;1;0;7;49;7;5;2;0;9;64;7;5;2;0;13;93;7;5;2;0;14;129;9;5;4;0;15;179;12;6;6;0;26;237;9;5;4;0;11;270;25;13;12;0
"4617 Kvinnherad";32;190;6;4;2;0;42;252;6;4;2;0;55;328;6;4;2;0;72;434;6;4;2;0;41;495;12;5;7;0;25;586;23;6;17;0;32;805;25;8;17;0;45;1046;23;6;17;0;38;1217;32;14;18;0
"4618 Ullensvang";5;73;16;11;5;0;6;91;16;11;5;0;7;110;16;11;5;0;7;144;22;15;7;0;4;200;51;20;31;0;4;263;69;20;47;2;5;377;81;26;53;2;7;557;81;20;55;6;8;720;87;23;58;6
"4619 Eidfjord";1;22;25;16;9;0;1;30;25;16;9;0;2;38;25;16;9;0;2;54;25;16;9;0;2;62;37;20;17;0;1;62;61;21;40;0;1;77;61;21;40;0;2;105;70;20;48;2;2;110;55;5;48;2
"4620 Ulvik";4;22;5;4;1;0;5;27;5;4;1;0;6;31;5;4;1;0;7;34;5;4;1;0;8;40;5;4;1;0;8;48;6;4;2;0;11;65;6;4;2;0;5;68;13;11;2;0;6;77;12;10;2;0
"4621 Voss";7;122;17;11;6;0;10;164;17;11;6;0;10;215;22;17;5;0;6;299;52;25;27;0;6;392;61;26;35;0;5;518;100;29;67;4;7;746;100;29;67;4;9;999;106;25;71;10;11;1275;115;34;71;10
"4622 Kvam";5;68;14;13;1;0;5;74;14;13;1;0;4;111;26;14;12;0;3;154;50;16;34;0;4;235;62;25;37;0;5;316;67;25;42;0;7;449;67;25;42;0;9;630;73;30;43;0;11;738;68;19;49;0
"4623 Samnanger";4;43;12;10;2;0;5;59;12;10;2;0;8;90;12;10;2;0;11;128;12;10;2;0;14;171;12;10;2;0;17;202;12;8;4;0;19;233;12;8;4;0;29;294;10;6;4;0;27;323;12;8;4;0
"4624 Bjørnafjorden";10;488;48;43;5;0;14;682;48;43;5;0;18;979;54;46;8;0;19;1334;70;46;24;0;22;1794;80;48;32;0;22;2283;102;50;52;0;30;3018;102;50;52;0;46;3919;86;34;52;0;31;4581;150;84;64;2
"4625 Austevoll";12;148;12;12;0;0;14;172;12;12;0;0;15;225;15;14;1;0;19;287;15;14;1;0;27;407;15;14;1;0;34;539;16;14;2;0;44;700;16;14;2;0;55;872;16;14;2;0;68;945;14;12;2;0
"4626 Øygarden";15;873;58;56;2;0;23;1316;58;56;2;0;34;1939;57;55;2;0;45;2612;58;53;5;0;17;3364;203;184;19;0;17;4082;240;185;55;0;22;5313;246;185;61;0;24;6510;273;210;63;0;34;7305;217;154;63;0
"4627 Askøy";176;1408;8;8;0;0;245;1958;8;8;0;0;187;2624;14;10;4;0;109;3259;30;21;9;0;99;3766;38;23;15;0;68;4351;64;25;39;0;73;5237;72;25;47;0;84;6024;72;25;47;0;124;6560;53;7;46;0
"4628 Vaksdal";4;35;9;8;1;0;4;39;9;8;1;0;6;64;11;9;2;0;8;95;12;9;3;0;10;122;12;10;2;0;10;153;15;10;5;0;14;212;15;10;5;0;14;269;19;4;11;4;9;315;35;22;9;4
"4629 Modalen";2;2;1;1;0;0;3;3;1;1;0;0;0;5;..;..;..;..;2;7;4;2;2;0;2;7;4;2;2;0;2;10;6;2;4;0;3;17;6;2;4;0;5;31;6;2;4;0;6;34;6;2;4;0
"4630 Osterøy";14;139;10;10;0;0;17;169;10;10;0;0;15;211;14;14;0;0;17;298;18;18;0;0;24;426;18;18;0;0;23;524;23;20;3;0;25;722;29;26;3;0;42;883;21;18;3;0;32;1006;31;28;3;0
"4631 Alver";8;521;63;60;3;0;11;723;63;60;3;0;15;1034;67;59;8;0;21;1413;68;58;10;0;23;1959;86;62;24;0;22;2468;112;69;43;0;28;3255;118;76;42;0;34;4125;120;74;46;0;43;4586;107;60;47;0
"4632 Austrheim";8;31;4;4;0;0;10;38;4;4;0;0;13;52;4;4;0;0;9;75;8;6;2;0;14;112;8;6;2;0;15;145;10;6;4;0;20;198;10;6;4;0;27;274;10;6;4;0;33;328;10;6;4;0
"4633 Fedje";0;4;..;..;..;..;0;2;..;..;..;..;0;2;..;..;..;..;1;4;3;3;0;0;3;10;3;3;0;0;5;14;3;3;0;0;7;21;3;3;0;0;10;30;3;3;0;0;12;36;3;3;0;0
"4634 Masfjorden";2;6;3;3;0;0;4;11;3;3;0;0;2;14;6;5;1;0;4;26;6;5;1;0;7;39;6;5;1;0;9;62;7;5;2;0;11;79;7;5;2;0;21;105;5;3;2;0;11;134;12;4;8;0
"4635 Gulen";1;7;6;5;1;0;1;6;6;5;1;0;2;11;6;5;1;0;3;16;6;4;2;0;4;26;7;4;3;0;4;40;9;4;5;0;8;69;9;4;5;0;13;115;9;4;5;0;13;148;11;4;7;0
"4636 Solund";2;3;2;2;0;0;2;4;2;2;0;0;4;8;2;2;0;0;5;9;2;2;0;0;7;14;2;2;0;0;3;19;6;2;4;0;4;26;6;2;4;0;5;31;6;2;4;0;7;43;6;2;4;0
"4637 Hyllestad";1;3;4;4;0;0;1;4;4;4;0;0;3;11;4;4;0;0;5;19;4;4;0;0;6;25;4;4;0;0;9;37;4;4;0;0;7;50;7;2;5;0;11;76;7;2;5;0;14;99;7;2;5;0
"4638 Høyanger";5;19;4;4;0;0;6;25;4;4;0;0;2;33;20;6;14;0;2;47;20;8;12;0;3;65;20;8;12;0;5;87;17;3;14;0;8;140;17;3;14;0;9;214;23;3;20;0;7;269;37;17;20;0
"4639 Vik";1;4;3;3;0;0;3;8;3;3;0;0;3;8;3;3;0;0;5;14;3;3;0;0;4;25;7;5;2;0;4;40;9;5;4;0;7;75;11;7;4;0;13;104;8;4;4;0;18;144;8;4;4;0
"4640 Sogndal";2;41;22;22;0;0;3;66;22;22;0;0;4;99;24;20;4;0;5;138;28;22;6;0;7;184;28;22;6;0;7;231;34;22;12;0;7;384;53;35;18;0;9;560;63;37;24;2;7;735;102;65;31;6
"4641 Aurland";1;9;14;4;10;0;1;13;14;4;10;0;1;18;14;4;10;0;1;19;14;4;10;0;1;20;30;16;10;4;1;30;41;17;20;4;1;50;41;17;20;4;2;82;50;19;25;6;2;116;67;26;35;6
"4642 Lærdal";1;8;10;6;4;0;1;11;10;6;4;0;2;20;10;6;4;0;2;15;10;6;4;0;2;34;22;6;16;0;2;49;28;8;20;0;2;75;40;20;20;0;3;119;44;20;24;0;2;149;71;20;49;2
"4643 Årdal";0;7;..;..;..;..;0;10;..;..;..;..;2;17;7;4;3;0;3;20;6;4;2;0;7;43;6;4;2;0;20;80;4;2;2;0;45;179;4;2;2;0;23;271;12;8;4;0;25;349;14;10;4;0
"4644 Luster";13;26;2;2;0;0;17;34;2;2;0;0;31;61;2;2;0;0;14;81;6;4;2;0;20;121;6;4;2;0;19;152;8;4;4;0;27;212;8;4;4;0;15;325;21;12;9;0;10;397;38;29;9;0
"4645 Askvoll";0;4;..;..;..;..;0;15;..;..;..;..;0;21;..;..;..;..;0;28;..;..;..;..;0;40;..;..;..;..;10;61;6;6;0;0;8;93;12;7;5;0;9;139;16;11;5;0;12;185;16;11;5;0
"4646 Fjaler";2;11;6;6;0;0;3;16;6;6;0;0;4;26;6;6;0;0;7;41;6;6;0;0;32;63;2;2;0;0;11;87;8;1;7;0;15;119;8;1;7;0;19;208;11;4;7;0;9;247;28;21;7;0
"4647 Sunnfjord";3;121;36;34;2;0;6;231;36;34;2;0;8;383;49;40;9;0;11;489;43;34;9;0;12;649;53;32;21;0;15;918;62;22;40;0;12;1308;108;66;38;4;14;1890;140;82;48;10;11;2321;205;147;48;10
"4648 Bremanger";0;7;..;..;..;..;0;9;..;..;..;..;0;11;..;..;..;..;0;17;..;..;..;..;0;32;..;..;..;..;8;63;8;3;5;0;9;97;11;6;5;0;14;152;11;6;5;0;19;212;11;6;5;0
"4649 Stad";3;31;11;10;1;0;4;47;11;10;1;0;5;66;14;12;2;0;4;92;21;18;3;0;5;138;27;20;7;0;5;198;37;22;15;0;7;301;41;26;15;0;13;491;37;26;11;0;12;609;49;38;11;0
"4650 Gloppen";4;33;9;2;7;0;5;41;9;2;7;0;4;54;13;4;9;0;7;94;13;4;9;0;11;139;13;4;9;0;6;169;27;15;12;0;9;255;27;15;12;0;14;402;28;16;12;0;11;481;45;25;20;0
"4651 Stryn";3;11;4;4;0;0;4;17;4;4;0;0;3;33;10;6;4;0;5;47;10;6;4;0;8;79;10;6;4;0;6;126;22;14;8;0;7;198;30;22;8;0;6;327;56;22;34;0;7;433;62;28;34;0
"5001 Trondheim";12;3335;283;261;22;0;16;4477;283;261;22;0;23;5685;245;214;31;0;26;7787;302;254;48;0;31;10403;336;282;54;0;31;13607;444;314;126;4;36;18574;510;340;166;4;43;24428;566;369;189;8;47;27821;588;302;270;16
"5006 Steinkjer";4;73;18;16;2;0;7;124;18;16;2;0;9;168;18;14;4;0;16;288;18;14;4;0;18;469;26;22;4;0;21;793;37;29;8;0;26;1280;50;34;16;0;22;2056;93;62;31;0;20;2499;126;58;58;10
"5007 Namsos";4;51;12;12;0;0;6;73;12;12;0;0;9;108;12;12;0;0;10;152;16;14;2;0;9;195;22;20;2;0;13;314;24;20;4;0;16;578;37;33;4;0;13;948;74;54;16;4;14;1191;87;59;18;10
"5014 Frøya";3;19;6;6;0;0;4;25;6;6;0;0;6;33;6;6;0;0;3;62;18;18;0;0;6;102;18;18;0;0;8;137;18;18;0;0;7;201;27;19;8;0;12;337;27;19;8;0;16;409;25;17;8;0
"5020 Osen";0;0;..;..;..;..;0;0;..;..;..;..;0;1;..;..;..;..;0;4;..;..;..;..;0;5;..;..;..;..;4;11;3;1;2;0;2;24;16;14;2;0;3;49;16;14;2;0;4;67;16;14;2;0
"5021 Oppdal";4;16;4;2;2;0;5;21;4;2;2;0;5;41;8;4;4;0;10;60;6;2;4;0;8;82;10;6;4;0;7;122;17;9;8;0;8;192;25;9;16;0;7;350;50;13;31;6;7;461;62;13;43;6
"5022 Rennebu";1;3;4;2;2;0;1;5;4;2;2;0;2;8;4;2;2;0;1;15;20;2;18;0;1;21;24;2;22;0;2;39;26;2;24;0;3;75;26;2;24;0;3;114;44;4;40;0;3;168;50;2;48;0
"5025 Røros";3;3;1;1;0;0;4;4;1;1;0;0;8;8;1;1;0;0;1;15;11;7;4;0;2;29;15;11;4;0;3;51;19;11;8;0;6;105;19;11;8;0;4;173;39;23;16;0;5;225;42;26;16;0
"5026 Holtålen";4;4;1;1;0;0;5;5;1;1;0;0;8;8;1;1;0;0;12;12;1;1;0;0;3;15;5;3;2;0;3;23;7;3;4;0;6;39;7;3;4;0;9;61;7;3;4;0;15;88;6;2;4;0
"5027 Midtre Gauldal";4;34;8;6;2;0;6;48;8;6;2;0;7;57;8;6;2;0;10;78;8;6;2;0;13;106;8;6;2;0;15;150;10;6;4;0;23;232;10;6;4;0;20;398;20;6;14;0;25;495;20;2;18;0
"5028 Melhus";43;343;8;8;0;0;55;441;8;8;0;0;69;554;8;8;0;0;96;771;8;8;0;0;130;1037;8;8;0;0;223;1339;6;6;0;0;287;1722;6;6;0;0;156;2343;15;7;8;0;298;2678;9;1;8;0
"5029 Skaun";0;299;..;..;..;..;0;383;..;..;..;..;0;427;..;..;..;..;0;525;..;..;..;..;0;616;..;..;..;..;0;723;..;..;..;..;0;897;..;..;..;..;136;1221;9;1;8;0;106;1378;13;1;8;4
"5031 Malvik";91;543;6;4;2;0;117;703;6;4;2;0;141;848;6;4;2;0;87;1126;13;11;2;0;105;1371;13;11;2;0;112;1678;15;11;4;0;231;2080;9;9;0;0;81;2595;32;15;17;0;95;2934;31;6;25;0
"5032 Selbu";0;31;..;..;..;..;0;34;..;..;..;..;0;40;..;..;..;..;0;69;..;..;..;..;95;95;1;1;0;0;122;122;1;1;0;0;28;169;6;2;4;0;44;263;6;2;4;0;52;313;6;2;4;0
"5033 Tydal";0;0;4;4;0;0;0;0;4;4;0;0;1;2;4;4;0;0;1;3;4;4;0;0;1;3;3;2;1;0;1;5;4;2;2;0;2;12;7;3;4;0;4;27;7;3;4;0;2;32;17;9;8;0
"5034 Meråker";1;2;3;2;1;0;2;6;3;2;1;0;2;13;6;4;2;0;4;21;6;4;2;0;6;33;6;4;2;0;5;43;8;4;4;0;8;67;8;4;4;0;15;122;8;4;4;0;8;141;17;5;12;0
"5035 Stjørdal";12;431;37;28;9;0;17;627;37;28;9;0;24;814;34;23;11;0;31;1099;36;25;11;0;14;1414;104;83;21;0;15;1759;117;83;34;0;17;2334;134;91;43;0;23;2964;130;89;39;2;13;3332;260;181;75;4
"5036 Frosta";8;24;3;3;0;0;9;27;3;3;0;0;12;35;3;3;0;0;16;49;3;3;0;0;27;80;3;3;0;0;36;108;3;3;0;0;55;166;3;3;0;0;77;231;3;3;0;0;42;297;7;2;5;0
"5037 Levanger";4;85;19;17;2;0;7;135;19;17;2;0;8;197;26;21;5;0;12;322;26;21;5;0;12;433;37;20;17;0;14;597;42;20;22;0;18;881;49;27;22;0;18;1444;80;28;52;0;23;1862;82;17;65;0
"5038 Verdal";0;47;..;..;..;..;0;58;..;..;..;..;0;100;..;..;..;..;0;169;..;..;..;..;14;251;18;15;3;0;18;378;21;15;6;0;24;608;25;19;6;0;26;1035;40;20;20;0;23;1268;55;27;28;0
"5041 Snåase - Snåsa";0;4;..;..;..;..;0;7;..;..;..;..;2;8;4;2;2;0;5;19;4;2;2;0;8;33;4;2;2;0;8;45;6;2;4;0;5;63;13;9;4;0;16;112;7;7;0;0;8;145;18;10;8;0
"5042 Lierne";0;0;4;4;0;0;1;3;4;4;0;0;1;3;4;4;0;0;1;3;4;4;0;0;1;3;4;4;0;0;0;1;4;4;0;0;1;4;4;4;0;0;9;34;4;4;0;0;0;47;..;..;..;..
"5043 Raarvihke - Røyrvik";0;1;..;..;..;..;0;1;..;..;..;..;0;1;..;..;..;..;0;1;..;..;..;..;0;1;..;..;..;..;0;1;..;..;..;..;0;6;..;..;..;..;0;13;..;..;..;..;2;11;7;2;5;0
"5044 Namsskogan";0;0;2;2;0;0;0;0;2;2;0;0;0;0;10;6;4;0;0;1;10;6;4;0;0;2;10;6;4;0;0;2;14;6;8;0;0;6;14;6;8;0;0;10;26;6;20;0;0;14;40;6;20;14
"5045 Grong";1;6;12;2;10;0;1;7;12;2;10;0;1;12;15;4;11;0;1;18;15;4;11;0;1;19;15;4;11;0;1;25;18;2;16;0;2;53;25;5;20;0;5;111;24;5;19;0;4;145;35;3;32;0
"5046 Høylandet";0;8;..;..;..;..;0;7;..;..;..;..;0;7;..;..;..;..;0;17;..;..;..;..;0;29;..;..;..;..;0;42;..;..;..;..;0;69;..;..;..;..;13;116;9;9;0;0;20;137;7;2;5;0
"5047 Overhalla";1;16;14;14;0;0;2;24;14;14;0;0;2;29;12;12;0;0;4;43;12;12;0;0;5;60;12;12;0;0;7;83;12;12;0;0;13;153;12;12;0;0;7;295;43;43;0;0;9;381;43;43;0;0
"5049 Flatanger";0;1;..;..;..;..;0;0;..;..;..;..;0;0;..;..;..;..;0;1;..;..;..;..;0;3;..;..;..;..;0;10;..;..;..;..;0;18;..;..;..;..;2;51;30;28;2;0;2;74;30;28;2;0
"5052 Leka";0;2;..;..;..;..;0;2;..;..;..;..;0;2;..;..;..;..;0;1;..;..;..;..;0;1;..;..;..;..;0;2;..;..;..;..;0;5;..;..;..;..;0;8;..;..;..;..;0;12;..;..;..;..
"5053 Inderøy";15;29;2;2;0;0;24;47;2;2;0;0;34;68;2;2;0;0;61;122;2;2;0;0;30;179;6;6;0;0;41;247;6;6;0;0;59;352;6;6;0;0;93;557;6;6;0;0;61;727;12;3;3;6
"5054 Indre Fosen";6;159;27;27;0;0;7;180;27;27;0;0;8;203;27;27;0;0;10;279;27;27;0;0;13;356;28;28;0;0;17;466;28;28;0;0;17;608;35;31;4;0;26;916;35;31;4;0;64;1080;17;7;10;0
"5055 Heim";4;33;9;6;3;0;5;44;9;6;3;0;6;58;10;7;3;0;5;91;17;11;6;0;8;131;17;11;6;0;8;127;15;7;8;0;14;193;14;6;8;0;30;359;12;6;6;0;20;480;24;8;16;0
"5056 Hitra";0;25;..;..;..;..;0;27;..;..;..;..;0;29;..;..;..;..;0;60;..;..;..;..;23;90;4;2;2;0;19;153;8;4;4;0;29;229;8;4;4;0;22;358;16;4;12;0;24;428;18;6;12;0
"5057 Ørland";11;67;6;5;1;0;12;73;6;5;1;0;17;104;6;5;1;0;23;137;6;5;1;0;33;200;6;5;1;0;20;266;13;11;2;0;21;433;21;17;4;0;34;709;21;17;4;0;35;906;26;14;12;0
"5058 Åfjord";6;25;4;3;1;0;7;27;4;3;1;0;9;37;4;3;1;0;12;46;4;3;1;0;11;67;6;5;1;0;14;100;7;5;2;0;6;158;25;23;2;0;10;246;25;23;2;0;6;325;51;43;8;0
"5059 Orkland";4;210;51;49;2;0;5;258;51;49;2;0;5;281;53;50;3;0;6;343;53;48;5;0;8;429;55;49;6;0;9;630;67;51;16;0;14;978;69;49;20;0;19;1531;81;63;18;0;26;1838;71;29;28;14
"5060 Nærøysund";5;21;4;4;0;0;6;24;4;4;0;0;0;34;..;..;..;..;0;50;..;..;..;..;19;77;4;4;0;0;11;113;10;10;0;0;12;231;19;12;7;0;14;366;26;18;8;0;16;466;30;22;8;0
"5061 Rindal";0;5;..;..;..;..;0;5;..;..;..;..;0;10;..;..;..;..;0;11;..;..;..;..;4;14;4;2;2;0;3;18;6;2;4;0;7;40;6;2;4;0;8;76;9;4;5;0;9;95;11;6;5;0
"5401 Tromsø";10;311;32;28;4;0;15;468;32;28;4;0;24;675;28;25;3;0;23;884;38;34;4;0;16;1241;79;71;8;0;19;1762;93;77;16;0;28;2853;102;78;24;0;41;4845;117;89;28;0;45;6163;137;99;30;8
"5402 Harstad";16;127;8;8;0;0;35;277;8;8;0;0;88;351;4;3;1;0;123;493;4;3;1;0;108;647;6;5;1;0;55;832;15;13;2;0;80;1202;15;13;2;0;58;1812;31;21;10;0;58;2222;38;19;19;0
"5403 Alta";7;53;8;8;0;0;8;67;8;8;0;0;10;105;11;11;0;0;17;155;9;9;0;0;11;218;19;17;2;0;12;334;27;19;8;0;17;562;33;19;14;0;24;828;35;19;16;0;18;1076;60;31;24;5
"5404 Vardø";0;0;..;..;..;..;0;0;..;..;..;..;0;0;..;..;..;..;0;1;..;..;..;..;0;4;..;..;..;..;2;6;3;3;0;0;1;13;9;5;4;0;2;21;9;5;4;0;4;29;8;4;4;0
"5405 Vadsø";0;5;..;..;..;..;0;7;..;..;..;..;0;12;..;..;..;..;0;11;..;..;..;..;3;19;6;6;0;0;2;27;12;8;4;0;5;62;12;8;4;0;10;123;12;8;4;0;9;175;20;16;4;0
"5406 Hammerfest";3;17;6;6;0;0;4;24;6;6;0;0;4;26;6;6;0;0;6;37;6;6;0;0;3;42;14;14;0;0;3;64;22;16;6;0;4;132;31;18;13;0;10;296;31;18;13;0;20;428;21;10;11;0
"5411 Kvæfjord";0;10;..;..;..;..;0;24;..;..;..;..;0;28;..;..;..;..;14;43;3;3;0;0;19;56;3;3;0;0;23;70;3;3;0;0;16;115;7;7;0;0;12;179;15;9;6;0;13;216;17;9;8;0
"5412 Tjeldsund";4;11;3;3;0;0;9;26;3;3;0;0;13;40;3;3;0;0;22;65;3;3;0;0;27;80;3;3;0;0;0;110;..;..;..;..;0;169;..;..;..;..;46;276;6;2;4;0;86;344;4;0;4;0
"5413 Ibestad";0;1;..;..;..;..;0;2;..;..;..;..;0;2;..;..;..;..;0;2;..;..;..;..;0;6;..;..;..;..;0;9;..;..;..;..;7;20;3;1;2;0;12;35;3;1;2;0;15;44;3;1;2;0
"5414 Gratangen";0;3;..;..;..;..;0;4;..;..;..;..;0;4;..;..;..;..;0;9;..;..;..;..;0;19;..;..;..;..;0;29;..;..;..;..;0;37;..;..;..;..;0;58;..;..;..;..;0;79;..;..;..;..
"5415 Loabák - Lavangen";0;4;..;..;..;..;0;6;..;..;..;..;1;7;5;2;3;0;1;10;7;5;2;0;2;11;7;5;2;0;1;13;9;5;4;0;2;17;9;5;4;0;3;29;9;5;4;0;4;36;9;5;4;0
"5416 Bardu";1;5;10;2;8;0;1;10;10;2;8;0;1;19;20;4;16;0;3;35;14;4;10;0;4;50;14;4;10;0;4;72;18;4;14;0;7;126;18;4;14;0;10;191;20;4;16;0;6;246;40;6;34;0
"5417 Salangen";0;1;..;..;..;..;0;4;..;..;..;..;0;8;..;..;..;..;0;11;..;..;..;..;0;14;..;..;..;..;0;19;..;..;..;..;0;44;..;..;..;..;0;101;..;..;..;..;0;133;..;..;..;..
"5418 Målselv";3;6;2;2;0;0;6;12;2;2;0;0;3;17;6;4;2;0;6;36;6;4;2;0;13;51;4;2;2;0;10;60;6;2;4;0;21;127;6;2;4;0;45;268;6;2;4;0;13;347;26;6;20;0
"5419 Sørreisa";0;5;..;..;..;..;0;10;..;..;..;..;0;11;..;..;..;..;11;21;2;2;0;0;13;26;2;2;0;0;22;43;2;2;0;0;46;91;2;2;0;0;86;171;2;2;0;0;107;213;2;2;0;0
"5420 Dyrøy";0;2;..;..;..;..;0;3;..;..;..;..;0;5;..;..;..;..;0;7;..;..;..;..;0;9;..;..;..;..;0;12;..;..;..;..;0;14;..;..;..;..;0;39;..;..;..;..;7;47;7;2;5;0
"5421 Senja";4;17;4;4;0;0;7;29;4;4;0;0;19;38;2;2;0;0;9;73;8;8;0;0;14;114;8;8;0;0;12;162;14;14;0;0;14;298;21;19;2;0;28;626;22;20;2;0;19;778;41;27;12;2
"5422 Balsfjord";6;24;4;2;2;0;9;37;4;2;2;0;6;46;8;4;4;0;6;68;12;6;6;0;8;91;12;6;6;0;6;108;18;6;12;0;9;158;18;6;12;0;14;282;20;2;14;4;9;342;40;2;34;4
"5423 Karlsøy";0;3;..;..;..;..;0;6;..;..;..;..;0;16;..;..;..;..;0;25;..;..;..;..;0;31;..;..;..;..;0;33;..;..;..;..;0;52;..;..;..;..;0;90;..;..;..;..;0;106;..;..;..;..
"5424 Lyngen";0;6;..;..;..;..;0;9;..;..;..;..;0;8;..;..;..;..;0;13;..;..;..;..;0;19;..;..;..;..;0;27;..;..;..;..;0;40;..;..;..;..;8;78;10;4;6;0;5;112;23;12;11;0
"5425 Storfjord - Omasvuotna - Omasvuono";0;3;..;..;..;..;0;3;..;..;..;..;1;5;6;0;6;0;2;9;6;0;6;0;2;11;6;0;6;0;3;17;6;0;6;0;2;23;10;4;6;0;5;47;10;4;6;0;6;63;10;4;6;0
"5426 Gáivuotna - Kåfjord - Kaivuono";0;0;..;..;..;..;0;1;..;..;..;..;0;2;..;..;..;..;0;4;..;..;..;..;5;9;2;1;1;0;1;9;9;3;6;0;2;20;9;3;6;0;5;43;9;3;6;0;6;51;9;3;6;0
"5427 Skjervøy";0;3;..;..;..;..;0;5;..;..;..;..;0;7;..;..;..;..;0;10;..;..;..;..;0;15;..;..;..;..;0;20;..;..;..;..;0;34;..;..;..;..;0;57;..;..;..;..;13;93;7;2;5;0
"5428 Nordreisa";9;9;1;1;0;0;12;12;1;1;0;0;3;21;7;1;6;0;5;28;6;0;6;0;6;35;6;0;6;0;4;46;12;2;10;0;8;90;12;2;10;0;14;163;12;2;10;0;20;236;12;2;10;0
"5429 Kvænangen";0;0;..;..;..;..;0;0;..;..;..;..;0;0;..;..;..;..;0;0;..;..;..;..;0;2;..;..;..;..;1;3;6;2;4;0;1;7;6;2;4;0;3;19;6;2;4;0;6;36;6;2;4;0
"5430 Guovdageaidnu-Kautokeino";0;0;..;..;..;..;0;0;..;..;..;..;0;2;..;..;..;..;0;2;..;..;..;..;0;4;..;..;..;..;1;8;12;4;8;0;1;12;16;4;12;0;3;38;15;3;12;0;3;54;16;4;12;0
"5432 Loppa";0;3;..;..;..;..;0;2;..;..;..;..;0;2;..;..;..;..;0;3;..;..;..;..;0;2;..;..;..;..;0;2;6;2;4;0;2;9;6;2;4;0;2;9;6;2;4;0;3;17;6;2;4;0
"5433 Hasvik";0;0;..;..;..;..;0;0;..;..;..;..;0;0;..;..;..;..;0;0;..;..;..;..;0;1;..;..;..;..;0;2;..;..;..;..;0;7;..;..;..;..;0;10;..;..;..;..;0;12;..;..;..;..
"5434 Måsøy";0;0;2;2;0;0;0;0;2;2;0;0;1;1;2;2;0;0;1;1;2;2;0;0;2;3;2;2;0;0;1;6;8;4;4;0;1;10;8;4;4;0;1;12;14;6;8;0;3;18;6;2;4;0
"5435 Nordkapp";0;0;2;2;0;0;0;0;2;2;0;0;1;1;2;2;0;0;2;3;2;2;0;0;2;4;2;2;0;0;2;12;8;4;4;0;2;22;11;4;7;0;4;41;11;4;7;0;4;55;15;4;11;0
"5436 Porsanger - Porsá?gu - Porsanki ";2;4;2;2;0;0;3;5;2;2;0;0;6;11;2;2;0;0;9;17;2;2;0;0;4;25;7;7;0;0;2;31;19;11;8;0;3;51;19;11;8;0;4;80;19;11;8;0;4;107;25;17;8;0
"5437 Kárásjohka-Karasjok";0;0;2;2;0;0;1;2;2;2;0;0;1;2;2;2;0;0;0;1;..;..;..;..;0;3;..;..;..;..;1;5;6;2;4;0;3;16;6;2;4;0;5;49;10;2;8;0;6;62;10;2;8;0
"5438 Lebesby";0;0;..;..;..;..;0;0;..;..;..;..;0;0;..;..;..;..;0;0;..;..;..;..;0;1;..;..;..;..;0;1;6;2;4;0;0;4;12;4;8;0;1;14;12;4;8;0;1;17;14;4;10;0
"5439 Gamvik";0;1;..;..;..;..;0;1;..;..;..;..;0;1;..;..;..;..;0;0;..;..;..;..;0;0;..;..;..;..;0;0;6;2;4;0;1;3;6;2;4;0;1;6;6;2;4;0;1;6;6;2;4;0
"5440 Berlevåg";0;0;..;..;..;..;0;1;..;..;..;..;0;1;..;..;..;..;0;1;..;..;..;..;0;2;..;..;..;..;0;3;..;..;..;..;1;5;6;2;4;0;3;15;6;2;4;0;3;17;6;2;4;0
"5441 Deatnu-Tana";0;4;..;..;..;..;0;5;..;..;..;..;0;6;..;..;..;..;0;11;..;..;..;..;0;20;..;..;..;..;5;27;6;2;4;0;9;54;6;2;4;0;8;95;12;4;8;0;10;115;12;4;8;0
"5442 Unjárga-Nesseby";0;0;..;..;..;..;0;1;..;..;..;..;0;2;..;..;..;..;0;3;..;..;..;..;0;9;..;..;..;..;1;12;9;2;7;0;3;28;9;2;7;0;5;48;9;2;7;0;7;63;9;2;7;0
"5443 Båtsfjord";0;4;..;..;..;..;0;6;..;..;..;..;0;9;..;..;..;..;0;9;..;..;..;..;0;11;..;..;..;..;0;11;..;..;..;..;3;19;6;2;4;0;5;30;6;2;4;0;7;40;6;2;4;0
"5444 Sør-Varanger";6;11;2;2;0;0;7;14;2;2;0;0;11;21;2;2;0;0;6;25;4;4;0;0;2;38;16;14;2;0;4;73;18;14;4;0;6;116;18;14;4;0;11;261;24;14;10;0;10;393;40;28;12;0
"5501 Tromsø";.;.;.;.;.;.;.;.;.;.;.;.;.;.;.;.;.;.;.;.;.;.;.;.;.;.;.;.;.;.;.;.;.;.;.;.;.;.;.;.;.;.;.;.;.;.;.;.;.;.;.;.;.;.
"5503 Harstad";.;.;.;.;.;.;.;.;.;.;.;.;.;.;.;.;.;.;.;.;.;.;.;.;.;.;.;.;.;.;.;.;.;.;.;.;.;.;.;.;.;.;.;.;.;.;.;.;.;.;.;.;.;.
"5510 Kvæfjord";.;.;.;.;.;.;.;.;.;.;.;.;.;.;.;.;.;.;.;.;.;.;.;.;.;.;.;.;.;.;.;.;.;.;.;.;.;.;.;.;.;.;.;.;.;.;.;.;.;.;.;.;.;.
"5512 Tjeldsund";.;.;.;.;.;.;.;.;.;.;.;.;.;.;.;.;.;.;.;.;.;.;.;.;.;.;.;.;.;.;.;.;.;.;.;.;.;.;.;.;.;.;.;.;.;.;.;.;.;.;.;.;.;.
"5514 Ibestad";.;.;.;.;.;.;.;.;.;.;.;.;.;.;.;.;.;.;.;.;.;.;.;.;.;.;.;.;.;.;.;.;.;.;.;.;.;.;.;.;.;.;.;.;.;.;.;.;.;.;.;.;.;.
"5516 Gratangen";.;.;.;.;.;.;.;.;.;.;.;.;.;.;.;.;.;.;.;.;.;.;.;.;.;.;.;.;.;.;.;.;.;.;.;.;.;.;.;.;.;.;.;.;.;.;.;.;.;.;.;.;.;.
"5518 Loabák - Lavangen";.;.;.;.;.;.;.;.;.;.;.;.;.;.;.;.;.;.;.;.;.;.;.;.;.;.;.;.;.;.;.;.;.;.;.;.;.;.;.;.;.;.;.;.;.;.;.;.;.;.;.;.;.;.
"5520 Bardu";.;.;.;.;.;.;.;.;.;.;.;.;.;.;.;.;.;.;.;.;.;.;.;.;.;.;.;.;.;.;.;.;.;.;.;.;.;.;.;.;.;.;.;.;.;.;.;.;.;.;.;.;.;.
"5522 Salangen";.;.;.;.;.;.;.;.;.;.;.;.;.;.;.;.;.;.;.;.;.;.;.;.;.;.;.;.;.;.;.;.;.;.;.;.;.;.;.;.;.;.;.;.;.;.;.;.;.;.;.;.;.;.
"5524 Målselv";.;.;.;.;.;.;.;.;.;.;.;.;.;.;.;.;.;.;.;.;.;.;.;.;.;.;.;.;.;.;.;.;.;.;.;.;.;.;.;.;.;.;.;.;.;.;.;.;.;.;.;.;.;.
"5526 Sørreisa";.;.;.;.;.;.;.;.;.;.;.;.;.;.;.;.;.;.;.;.;.;.;.;.;.;.;.;.;.;.;.;.;.;.;.;.;.;.;.;.;.;.;.;.;.;.;.;.;.;.;.;.;.;.
"5528 Dyrøy";.;.;.;.;.;.;.;.;.;.;.;.;.;.;.;.;.;.;.;.;.;.;.;.;.;.;.;.;.;.;.;.;.;.;.;.;.;.;.;.;.;.;.;.;.;.;.;.;.;.;.;.;.;.
"5530 Senja";.;.;.;.;.;.;.;.;.;.;.;.;.;.;.;.;.;.;.;.;.;.;.;.;.;.;.;.;.;.;.;.;.;.;.;.;.;.;.;.;.;.;.;.;.;.;.;.;.;.;.;.;.;.
"5532 Balsfjord";.;.;.;.;.;.;.;.;.;.;.;.;.;.;.;.;.;.;.;.;.;.;.;.;.;.;.;.;.;.;.;.;.;.;.;.;.;.;.;.;.;.;.;.;.;.;.;.;.;.;.;.;.;.
"5534 Karlsøy";.;.;.;.;.;.;.;.;.;.;.;.;.;.;.;.;.;.;.;.;.;.;.;.;.;.;.;.;.;.;.;.;.;.;.;.;.;.;.;.;.;.;.;.;.;.;.;.;.;.;.;.;.;.
"5536 Lyngen";.;.;.;.;.;.;.;.;.;.;.;.;.;.;.;.;.;.;.;.;.;.;.;.;.;.;.;.;.;.;.;.;.;.;.;.;.;.;.;.;.;.;.;.;.;.;.;.;.;.;.;.;.;.
"5538 Storfjord - Omasvuotna - Omasvuono";.;.;.;.;.;.;.;.;.;.;.;.;.;.;.;.;.;.;.;.;.;.;.;.;.;.;.;.;.;.;.;.;.;.;.;.;.;.;.;.;.;.;.;.;.;.;.;.;.;.;.;.;.;.
"5540 Gáivuotna - Kåfjord - Kaivuono";.;.;.;.;.;.;.;.;.;.;.;.;.;.;.;.;.;.;.;.;.;.;.;.;.;.;.;.;.;.;.;.;.;.;.;.;.;.;.;.;.;.;.;.;.;.;.;.;.;.;.;.;.;.
"5542 Skjervøy";.;.;.;.;.;.;.;.;.;.;.;.;.;.;.;.;.;.;.;.;.;.;.;.;.;.;.;.;.;.;.;.;.;.;.;.;.;.;.;.;.;.;.;.;.;.;.;.;.;.;.;.;.;.
"5544 Nordreisa";.;.;.;.;.;.;.;.;.;.;.;.;.;.;.;.;.;.;.;.;.;.;.;.;.;.;.;.;.;.;.;.;.;.;.;.;.;.;.;.;.;.;.;.;.;.;.;.;.;.;.;.;.;.
"5546 Kvænangen";.;.;.;.;.;.;.;.;.;.;.;.;.;.;.;.;.;.;.;.;.;.;.;.;.;.;.;.;.;.;.;.;.;.;.;.;.;.;.;.;.;.;.;.;.;.;.;.;.;.;.;.;.;.
"5601 Alta";.;.;.;.;.;.;.;.;.;.;.;.;.;.;.;.;.;.;.;.;.;.;.;.;.;.;.;.;.;.;.;.;.;.;.;.;.;.;.;.;.;.;.;.;.;.;.;.;.;.;.;.;.;.
"5603 Hammerfest";.;.;.;.;.;.;.;.;.;.;.;.;.;.;.;.;.;.;.;.;.;.;.;.;.;.;.;.;.;.;.;.;.;.;.;.;.;.;.;.;.;.;.;.;.;.;.;.;.;.;.;.;.;.
"5605 Sør-Varanger";.;.;.;.;.;.;.;.;.;.;.;.;.;.;.;.;.;.;.;.;.;.;.;.;.;.;.;.;.;.;.;.;.;.;.;.;.;.;.;.;.;.;.;.;.;.;.;.;.;.;.;.;.;.
"5607 Vadsø";.;.;.;.;.;.;.;.;.;.;.;.;.;.;.;.;.;.;.;.;.;.;.;.;.;.;.;.;.;.;.;.;.;.;.;.;.;.;.;.;.;.;.;.;.;.;.;.;.;.;.;.;.;.
"5610 Kárásjohka-Karasjok";.;.;.;.;.;.;.;.;.;.;.;.;.;.;.;.;.;.;.;.;.;.;.;.;.;.;.;.;.;.;.;.;.;.;.;.;.;.;.;.;.;.;.;.;.;.;.;.;.;.;.;.;.;.
"5612 Guovdageaidnu-Kautokeino";.;.;.;.;.;.;.;.;.;.;.;.;.;.;.;.;.;.;.;.;.;.;.;.;.;.;.;.;.;.;.;.;.;.;.;.;.;.;.;.;.;.;.;.;.;.;.;.;.;.;.;.;.;.
"5614 Loppa";.;.;.;.;.;.;.;.;.;.;.;.;.;.;.;.;.;.;.;.;.;.;.;.;.;.;.;.;.;.;.;.;.;.;.;.;.;.;.;.;.;.;.;.;.;.;.;.;.;.;.;.;.;.
"5616 Hasvik";.;.;.;.;.;.;.;.;.;.;.;.;.;.;.;.;.;.;.;.;.;.;.;.;.;.;.;.;.;.;.;.;.;.;.;.;.;.;.;.;.;.;.;.;.;.;.;.;.;.;.;.;.;.
"5618 Måsøy";.;.;.;.;.;.;.;.;.;.;.;.;.;.;.;.;.;.;.;.;.;.;.;.;.;.;.;.;.;.;.;.;.;.;.;.;.;.;.;.;.;.;.;.;.;.;.;.;.;.;.;.;.;.
"5620 Nordkapp";.;.;.;.;.;.;.;.;.;.;.;.;.;.;.;.;.;.;.;.;.;.;.;.;.;.;.;.;.;.;.;.;.;.;.;.;.;.;.;.;.;.;.;.;.;.;.;.;.;.;.;.;.;.
"5622 Porsanger - Porsá?gu - Porsanki ";.;.;.;.;.;.;.;.;.;.;.;.;.;.;.;.;.;.;.;.;.;.;.;.;.;.;.;.;.;.;.;.;.;.;.;.;.;.;.;.;.;.;.;.;.;.;.;.;.;.;.;.;.;.
"5624 Lebesby";.;.;.;.;.;.;.;.;.;.;.;.;.;.;.;.;.;.;.;.;.;.;.;.;.;.;.;.;.;.;.;.;.;.;.;.;.;.;.;.;.;.;.;.;.;.;.;.;.;.;.;.;.;.
"5626 Gamvik";.;.;.;.;.;.;.;.;.;.;.;.;.;.;.;.;.;.;.;.;.;.;.;.;.;.;.;.;.;.;.;.;.;.;.;.;.;.;.;.;.;.;.;.;.;.;.;.;.;.;.;.;.;.
"5628 Deatnu-Tana";.;.;.;.;.;.;.;.;.;.;.;.;.;.;.;.;.;.;.;.;.;.;.;.;.;.;.;.;.;.;.;.;.;.;.;.;.;.;.;.;.;.;.;.;.;.;.;.;.;.;.;.;.;.
"5630 Berlevåg";.;.;.;.;.;.;.;.;.;.;.;.;.;.;.;.;.;.;.;.;.;.;.;.;.;.;.;.;.;.;.;.;.;.;.;.;.;.;.;.;.;.;.;.;.;.;.;.;.;.;.;.;.;.
"5632 Båtsfjord";.;.;.;.;.;.;.;.;.;.;.;.;.;.;.;.;.;.;.;.;.;.;.;.;.;.;.;.;.;.;.;.;.;.;.;.;.;.;.;.;.;.;.;.;.;.;.;.;.;.;.;.;.;.
"5634 Vardø";.;.;.;.;.;.;.;.;.;.;.;.;.;.;.;.;.;.;.;.;.;.;.;.;.;.;.;.;.;.;.;.;.;.;.;.;.;.;.;.;.;.;.;.;.;.;.;.;.;.;.;.;.;.
"5636 Unjárga-Nesseby";.;.;.;.;.;.;.;.;.;.;.;.;.;.;.;.;.;.;.;.;.;.;.;.;.;.;.;.;.;.;.;.;.;.;.;.;.;.;.;.;.;.;.;.;.;.;.;.;.;.;.;.;.;.
